product_id,category,brand,Region,City,Store_Preference,season,size,color,original_price,markdown_percentage,current_price,purchase_date,stock_quantity,customer_rating,is_returned,return_reason
FB000001,Accessories,Adidas,East,Kolkata,Boutique,Winter,XS,Brown,2974.97,16.1,2496.0,2025-05-25,107,2.3,True,Damaged
FB000002,Tops,Levis,West,Mumbai,Boutique,Winter,L,Blue,929.87,0.2,928.01,2025-07-25,164,4.7,True,
FB000003,Tops,Allen Solly,North,Kanpur,Boutique,Summer,L,Red,1759.08,15.3,1489.94,2025-04-01,407,2.2,False,
FB000004,Tops,Uniqlo,West,Nagpur,Outlet,Summer,XL,Black,1811.92,35.5,1168.69,2025-11-16,250,4.5,True,Late Delivery
FB000005,Dresses,Zara,Central,Indore,Flagship,Summer,XS,Brown,2789.25,5.9,2624.68,2025-07-31,178,3.9,False,
FB000006,Accessories,Zara,South,Bangalore,Boutique,Summer,S,Brown,1259.48,12.7,1099.53,2025-02-12,342,2.5,True,Size Issue
FB000007,Tops,FabIndia,North,Delhi,Boutique,Spring,XS,Red,2742.92,8.5,2509.77,2025-10-18,498,5.0,True,Color Mismatch
FB000008,Bottoms,Uniqlo,North,Jaipur,Outlet,Winter,L,Black,1223.15,31.8,834.19,2025-04-10,39,2.9,False,
FB000009,Outerwear,Uniqlo,Central,Indore,Flagship,Winter,S,Green,1805.91,13.6,1560.31,2025-08-31,123,3.7,False,
FB000010,Outerwear,H&M,Central,Indore,Flagship,Summer,S,Blue,786.71,48.5,405.16,2025-06-04,125,3.0,False,
FB000011,Bottoms,Allen Solly,West,Pune,Boutique,Winter,XL,Grey,762.98,12.1,670.66,2025-01-21,305,3.3,True,Damaged
FB000012,Shoes,Zara,East,Kolkata,Outlet,Spring,M,White,1179.71,43.0,672.43,2025-10-23,110,2.9,False,
FB000013,Shoes,Levis,West,Surat,Boutique,Summer,XL,Brown,2033.67,13.1,1767.26,2025-09-30,138,4.2,True,Late Delivery
FB000014,Accessories,Adidas,Central,Indore,Boutique,Summer,L,Green,773.07,9.7,698.08,2025-02-25,230,3.5,False,
FB000015,Tops,Uniqlo,North,Kanpur,Boutique,Winter,M,Grey,1090.2,7.3,1010.62,2025-08-02,405,4.8,True,Damaged
FB000016,Shoes,Zara,North,Lucknow,Outlet,Winter,XS,Red,1334.22,39.4,808.54,2025-12-14,12,4.7,False,
FB000017,Accessories,Zara,South,Bangalore,Boutique,Winter,L,Brown,2007.86,13.8,1730.78,2025-04-15,229,4.2,False,
FB000018,Tops,Puma,North,Jaipur,Boutique,Summer,S,Grey,2403.36,18.8,1951.53,2025-09-23,228,2.5,False,
FB000019,Tops,Zara,South,Bangalore,Boutique,Fall,XS,White,2963.31,2.8,2880.34,2025-11-05,157,4.6,True,Damaged
FB000020,Dresses,Nike,East,Kolkata,Flagship,Summer,XL,Red,1475.46,32.5,995.94,2025-01-17,475,4.4,True,Size Issue
FB000021,Dresses,H&M,North,Kanpur,Flagship,Fall,M,Green,2840.12,5.3,2689.59,2025-04-21,222,2.6,False,
FB000022,Dresses,H&M,East,Kolkata,Flagship,Summer,M,Black,2677.68,33.5,1780.66,2025-10-27,299,4.2,True,
FB000023,Accessories,Zara,West,Nagpur,Outlet,Fall,L,Black,2525.3,30.6,1752.56,2025-02-26,224,3.3,True,Size Issue
FB000024,Outerwear,Zara,West,Pune,Flagship,Fall,XL,Black,1514.62,28.4,1084.47,2025-09-09,372,3.7,False,
FB000025,Tops,Uniqlo,South,Chennai,Boutique,Winter,XL,White,2744.06,25.5,2044.32,2025-01-02,141,2.1,True,Damaged
FB000026,Accessories,Nike,North,Kanpur,Boutique,Fall,XS,Brown,2282.02,4.1,2188.46,2025-03-13,311,4.2,True,Color Mismatch
FB000027,Tops,Puma,West,Ahmedabad,Outlet,Spring,S,Pink,1131.23,39.6,683.26,2025-06-01,36,2.1,True,Size Issue
FB000028,Accessories,Levis,South,Bangalore,Outlet,Summer,XL,Black,2057.25,42.7,1178.8,2025-01-03,436,3.8,False,
FB000029,Outerwear,H&M,West,Surat,Flagship,Spring,L,Brown,2082.32,12.9,1813.7,2025-07-31,150,3.9,False,
FB000030,Outerwear,Uniqlo,South,Chennai,Flagship,Winter,L,Black,1201.34,24.4,908.21,2025-01-23,482,3.2,True,Size Issue
FB000031,Tops,Puma,South,Bangalore,Outlet,Winter,L,Grey,1650.86,43.8,927.78,2025-11-26,106,3.3,True,Color Mismatch
FB000032,Accessories,Nike,South,Bangalore,Outlet,Winter,M,Brown,602.98,46.0,325.61,2025-09-21,296,2.3,False,
FB000033,Outerwear,Zara,West,Pune,Flagship,Spring,S,Blue,2172.24,9.6,1963.7,2025-04-28,462,3.5,False,
FB000034,Bottoms,Adidas,West,Pune,Boutique,Summer,XS,Blue,790.34,17.9,648.87,2025-09-14,297,3.7,False,
FB000035,Outerwear,FabIndia,West,Pune,Flagship,Fall,L,White,1131.25,9.6,1022.65,2025-07-02,98,2.1,False,
FB000036,Accessories,Zara,Central,Indore,Boutique,Winter,XS,White,2774.27,25.5,2066.83,2025-08-07,491,4.8,True,Damaged
FB000037,Tops,Nike,Central,Indore,Boutique,Spring,XL,Pink,2623.43,4.6,2502.75,2025-01-01,58,3.0,False,
FB000038,Dresses,Levis,East,Kolkata,Flagship,Winter,S,Green,2143.3,12.6,1873.24,2025-01-24,156,4.0,True,Color Mismatch
FB000039,Outerwear,H&M,East,Kolkata,Flagship,Summer,XL,Brown,1025.1,38.4,631.46,2025-11-02,39,4.9,False,
FB000040,Accessories,Uniqlo,North,Lucknow,Boutique,Summer,M,Pink,2608.71,29.6,1836.53,2025-10-10,78,3.6,False,
FB000041,Tops,Uniqlo,West,Pune,Boutique,Winter,M,Blue,2537.01,17.9,2082.89,2025-07-29,151,3.2,True,Late Delivery
FB000042,Tops,Uniqlo,Central,Indore,Boutique,Winter,M,Green,1093.01,18.1,895.18,2025-11-15,235,3.3,True,
FB000043,Accessories,Puma,Central,Indore,Boutique,Fall,L,Brown,720.42,25.4,537.43,2025-03-31,222,3.2,True,Color Mismatch
FB000044,Shoes,Allen Solly,North,Kanpur,Boutique,Winter,L,White,1632.78,4.9,1552.77,2025-07-20,84,2.9,True,Color Mismatch
FB000045,Shoes,FabIndia,East,Kolkata,Boutique,Fall,M,Brown,2092.22,14.9,1780.48,2025-05-28,388,3.2,True,Damaged
FB000046,Tops,Uniqlo,North,Kanpur,Outlet,Summer,M,Grey,2364.6,42.7,1354.92,2025-07-20,364,2.7,False,
FB000047,Bottoms,Allen Solly,South,Chennai,Boutique,Winter,XL,Grey,2663.86,1.2,2631.89,2025-02-16,343,2.6,False,
FB000048,Dresses,Levis,West,Pune,Flagship,Summer,S,Blue,1093.4,7.0,1016.86,2025-12-25,237,2.2,True,Color Mismatch
FB000049,Shoes,H&M,West,Ahmedabad,Outlet,Summer,S,Pink,1275.54,32.5,860.99,2025-10-12,124,2.7,False,
FB000050,Tops,Allen Solly,West,Nagpur,Boutique,Winter,XL,Green,2436.31,24.2,1846.72,2025-03-25,93,3.5,False,
FB000051,Tops,Adidas,North,Lucknow,Boutique,Spring,S,White,1952.36,15.1,1657.55,2025-11-10,476,2.3,True,Late Delivery
FB000052,Bottoms,H&M,West,Mumbai,Outlet,Winter,S,Blue,2603.82,43.6,1468.55,2025-03-23,41,5.0,False,
FB000053,Bottoms,Uniqlo,West,Nagpur,Outlet,Summer,M,Brown,850.84,46.5,455.2,2025-01-02,354,4.0,True,Size Issue
FB000054,Bottoms,Zara,East,Kolkata,Outlet,Fall,XL,Red,1521.01,42.3,877.62,2025-09-07,118,2.7,True,Size Issue
FB000055,Dresses,H&M,South,Bangalore,Flagship,Fall,XL,Red,817.29,0.6,812.39,2025-03-01,418,2.7,False,
FB000056,Bottoms,Puma,Central,Indore,Boutique,Spring,XS,Grey,1268.63,1.0,1255.94,2025-08-21,368,2.5,True,Color Mismatch
FB000057,Tops,Adidas,East,Kolkata,Boutique,Winter,M,Red,678.75,26.9,496.17,2025-07-18,486,3.9,False,
FB000058,Outerwear,Levis,North,Lucknow,Flagship,Fall,XS,Pink,1613.62,0.6,1603.94,2025-03-01,358,3.4,True,Late Delivery
FB000059,Accessories,H&M,Central,Indore,Boutique,Summer,XS,Pink,2530.92,13.7,2184.18,2025-04-08,22,2.9,True,Size Issue
FB000060,Dresses,Uniqlo,Central,Indore,Flagship,Winter,L,Green,1329.02,30.5,923.67,2025-04-16,275,2.5,True,Late Delivery
FB000061,Tops,Zara,Central,Indore,Boutique,Winter,XL,White,1788.18,18.4,1459.15,2025-02-07,112,3.5,False,
FB000062,Outerwear,Adidas,Central,Indore,Flagship,Summer,L,Black,1139.5,7.0,1059.73,2025-01-21,423,2.1,False,
FB000063,Accessories,H&M,South,Hyderabad,Outlet,Winter,M,Pink,1974.17,41.0,1164.76,2025-03-14,349,2.8,False,
FB000064,Tops,Nike,South,Chennai,Boutique,Winter,XS,Green,654.32,16.2,548.32,2025-10-26,307,2.2,True,Color Mismatch
FB000065,Shoes,FabIndia,West,Pune,Boutique,Winter,M,Pink,1178.95,18.9,956.13,2025-11-12,384,2.4,True,
FB000066,Bottoms,Levis,South,Hyderabad,Outlet,Fall,L,White,1462.81,39.2,889.39,2025-10-27,42,4.7,False,
FB000067,Tops,H&M,West,Mumbai,Boutique,Summer,M,Blue,842.61,9.0,766.78,2025-01-16,338,3.7,True,Color Mismatch
FB000068,Outerwear,Adidas,West,Mumbai,Flagship,Winter,S,Blue,2059.82,43.0,1174.1,2025-10-31,170,2.2,True,Color Mismatch
FB000069,Tops,Zara,Central,Indore,Boutique,Spring,M,Red,831.79,9.6,751.94,2025-01-01,149,2.1,False,
FB000070,Bottoms,Nike,East,Kolkata,Outlet,Spring,XS,Red,1323.96,30.4,921.48,2025-01-27,364,3.6,True,Color Mismatch
FB000071,Accessories,Zara,South,Bangalore,Boutique,Fall,XS,Black,1089.32,22.8,840.96,2025-09-18,19,3.6,True,
FB000072,Tops,Zara,South,Bangalore,Boutique,Fall,S,Red,1495.08,1.9,1466.67,2025-08-20,210,4.9,True,Color Mismatch
FB000073,Tops,Nike,South,Hyderabad,Boutique,Fall,S,Green,1352.74,1.6,1331.1,2025-11-27,351,2.4,True,Size Issue
FB000074,Bottoms,H&M,Central,Indore,Boutique,Winter,XL,Green,1742.04,12.6,1522.54,2025-09-21,348,2.7,True,Damaged
FB000075,Dresses,H&M,East,Kolkata,Flagship,Spring,XS,Pink,1147.95,23.8,874.74,2025-11-26,446,3.4,True,Damaged
FB000076,Bottoms,Nike,West,Pune,Boutique,Winter,L,Black,1209.11,11.3,1072.48,2025-04-07,383,2.2,True,
FB000077,Bottoms,Nike,West,Nagpur,Boutique,Fall,M,White,2682.43,25.9,1987.68,2025-10-12,249,3.8,True,
FB000078,Dresses,Puma,Central,Indore,Flagship,Spring,XL,White,1589.53,6.0,1494.16,2025-12-14,248,2.7,False,
FB000079,Outerwear,Allen Solly,North,Jaipur,Flagship,Fall,M,Grey,2280.71,47.8,1190.53,2025-09-02,220,4.4,False,
FB000080,Tops,Nike,Central,Indore,Outlet,Spring,XS,White,1256.95,48.9,642.3,2025-09-24,315,4.5,False,
FB000081,Outerwear,Uniqlo,North,Lucknow,Flagship,Summer,XS,Blue,2732.92,44.7,1511.3,2025-08-25,480,4.3,True,Late Delivery
FB000082,Outerwear,Levis,North,Kanpur,Flagship,Summer,XL,Black,2020.09,10.8,1801.92,2025-07-07,162,2.7,False,
FB000083,Tops,Levis,Central,Indore,Boutique,Winter,XS,Green,552.13,21.5,433.42,2025-11-05,490,3.9,True,
FB000084,Bottoms,Puma,Central,Indore,Boutique,Winter,S,Green,831.58,27.0,607.05,2025-07-31,414,2.6,False,
FB000085,Dresses,Zara,North,Lucknow,Flagship,Fall,XS,Pink,2080.69,24.1,1579.24,2025-09-25,123,4.2,True,
FB000086,Tops,H&M,South,Bangalore,Outlet,Fall,XL,Grey,1796.43,46.5,961.09,2025-03-30,313,3.1,False,
FB000087,Tops,Allen Solly,West,Surat,Boutique,Fall,XL,Grey,2767.43,15.7,2332.94,2025-12-07,360,2.3,True,Color Mismatch
FB000088,Outerwear,Adidas,Central,Indore,Flagship,Summer,M,Pink,2006.48,24.7,1510.88,2025-12-02,299,4.1,False,
FB000089,Bottoms,Adidas,West,Pune,Boutique,Spring,M,Green,2093.87,6.2,1964.05,2025-11-22,456,4.0,True,Damaged
FB000090,Accessories,Uniqlo,West,Surat,Outlet,Spring,S,White,849.09,35.5,547.66,2025-03-06,28,2.6,True,Damaged
FB000091,Outerwear,Allen Solly,West,Nagpur,Flagship,Winter,XS,Grey,1789.95,44.0,1002.37,2025-09-16,198,3.7,False,
FB000092,Tops,Nike,North,Jaipur,Boutique,Summer,M,Green,560.48,27.6,405.79,2025-10-17,113,4.6,False,
FB000093,Bottoms,Nike,North,Lucknow,Boutique,Winter,XL,Blue,555.16,6.2,520.74,2025-02-25,241,3.4,True,Damaged
FB000094,Accessories,Puma,North,Kanpur,Outlet,Spring,S,Brown,1701.41,37.6,1061.68,2025-04-09,372,3.3,True,
FB000095,Bottoms,Adidas,West,Mumbai,Boutique,Summer,L,Grey,1574.85,27.1,1148.07,2025-08-10,87,2.7,True,Size Issue
FB000096,Tops,Allen Solly,South,Hyderabad,Boutique,Summer,XL,Red,1000.59,9.4,906.53,2025-01-07,39,4.4,False,
FB000097,Bottoms,H&M,South,Hyderabad,Boutique,Winter,L,Brown,1187.43,5.4,1123.31,2025-11-02,385,4.2,True,Size Issue
FB000098,Tops,Levis,South,Bangalore,Outlet,Winter,M,Black,1376.54,34.7,898.88,2025-02-11,33,2.8,False,
FB000099,Bottoms,Puma,North,Jaipur,Outlet,Fall,L,Pink,1537.7,30.6,1067.16,2025-05-08,111,3.1,False,
FB000100,Bottoms,FabIndia,North,Jaipur,Boutique,Fall,L,Black,1309.2,12.0,1152.1,2025-10-09,380,3.2,True,Size Issue
FB000101,Tops,H&M,South,Bangalore,Outlet,Winter,L,Green,1252.24,44.4,696.25,2025-06-18,421,4.8,True,
FB000102,Accessories,FabIndia,West,Ahmedabad,Outlet,Winter,M,Grey,530.52,46.1,285.95,2025-08-11,340,4.6,True,Size Issue
FB000103,Tops,Zara,North,Jaipur,Boutique,Winter,L,Brown,1230.92,14.7,1049.97,2025-06-21,111,3.4,False,
FB000104,Dresses,FabIndia,North,Lucknow,Flagship,Summer,XS,Pink,2628.2,28.7,1873.91,2025-09-18,241,2.4,False,
FB000105,Shoes,Puma,Central,Indore,Outlet,Winter,L,White,2911.45,33.9,1924.47,2025-11-29,190,3.2,True,Late Delivery
FB000106,Accessories,H&M,North,Lucknow,Boutique,Summer,L,Grey,834.26,3.6,804.23,2025-03-23,383,2.9,True,Color Mismatch
FB000107,Bottoms,Puma,West,Nagpur,Outlet,Spring,XS,Pink,1312.68,35.2,850.62,2025-04-08,331,3.6,False,
FB000108,Accessories,FabIndia,Central,Indore,Boutique,Summer,XS,White,658.88,20.0,527.1,2025-11-18,36,2.8,True,Late Delivery
FB000109,Dresses,Levis,East,Kolkata,Flagship,Fall,M,Grey,718.76,12.3,630.35,2025-01-18,96,3.9,True,Damaged
FB000110,Tops,Allen Solly,Central,Indore,Boutique,Summer,XL,Green,2262.34,9.2,2054.2,2025-06-14,61,3.9,False,
FB000111,Bottoms,Zara,East,Kolkata,Outlet,Fall,XS,Green,985.58,36.1,629.79,2025-07-13,111,3.8,False,
FB000112,Bottoms,Adidas,East,Kolkata,Boutique,Winter,M,Pink,2161.63,1.0,2140.01,2025-12-04,239,4.7,True,
FB000113,Dresses,Levis,South,Hyderabad,Flagship,Spring,M,Green,1110.45,8.4,1017.17,2025-12-01,367,2.5,True,Damaged
FB000114,Shoes,Uniqlo,South,Bangalore,Boutique,Fall,XL,Blue,2953.19,16.9,2454.1,2025-10-27,194,2.9,True,Damaged
FB000115,Dresses,Uniqlo,Central,Indore,Flagship,Spring,XL,Black,1913.13,44.9,1054.13,2025-08-04,335,4.1,True,Late Delivery
FB000116,Tops,Allen Solly,Central,Indore,Outlet,Winter,L,Red,2234.58,48.2,1157.51,2025-11-06,209,4.9,True,Color Mismatch
FB000117,Tops,H&M,Central,Indore,Outlet,Fall,S,Blue,2279.65,46.2,1226.45,2025-09-02,196,2.7,True,
FB000118,Bottoms,FabIndia,South,Chennai,Boutique,Fall,M,Pink,2572.35,12.0,2263.67,2025-06-03,158,2.9,False,
FB000119,Dresses,Allen Solly,Central,Indore,Flagship,Summer,S,Green,1006.8,36.2,642.34,2025-09-20,154,4.5,False,
FB000120,Accessories,FabIndia,West,Surat,Boutique,Winter,XL,Pink,2583.98,7.3,2395.35,2025-06-26,219,4.6,True,Size Issue
FB000121,Accessories,H&M,Central,Indore,Boutique,Fall,XL,Green,2078.2,25.3,1552.42,2025-10-13,285,5.0,True,Color Mismatch
FB000122,Accessories,Levis,Central,Indore,Boutique,Summer,L,Pink,1186.81,6.6,1108.48,2025-08-07,332,3.9,True,Size Issue
FB000123,Bottoms,Puma,West,Nagpur,Outlet,Spring,XS,Black,2409.0,38.0,1493.58,2025-01-26,321,4.2,True,Damaged
FB000124,Shoes,FabIndia,East,Kolkata,Boutique,Spring,L,Pink,2676.1,28.6,1910.74,2025-05-23,116,3.8,True,Color Mismatch
FB000125,Accessories,Adidas,North,Lucknow,Boutique,Summer,S,Red,2885.71,29.8,2025.77,2025-03-27,225,3.8,True,
FB000126,Shoes,Puma,South,Chennai,Boutique,Winter,XL,White,2326.26,18.9,1886.6,2025-11-23,326,2.5,True,
FB000127,Tops,Puma,South,Hyderabad,Boutique,Summer,M,Grey,1665.4,12.4,1458.89,2025-04-20,25,2.5,False,
FB000128,Bottoms,Adidas,East,Kolkata,Boutique,Summer,L,Brown,2099.45,21.9,1639.67,2025-07-11,435,2.9,True,
FB000129,Shoes,FabIndia,Central,Indore,Outlet,Summer,S,Pink,2475.17,33.3,1650.94,2025-10-15,76,4.4,True,
FB000130,Outerwear,Puma,North,Kanpur,Flagship,Spring,S,Blue,2143.96,24.5,1618.69,2025-09-25,336,3.9,True,Late Delivery
FB000131,Accessories,Uniqlo,North,Kanpur,Outlet,Winter,S,Red,2292.2,37.5,1432.62,2025-06-29,490,2.7,False,
FB000132,Tops,Zara,East,Kolkata,Outlet,Fall,XS,Brown,1981.45,32.8,1331.53,2025-08-04,271,2.6,True,Size Issue
FB000133,Shoes,Nike,North,Delhi,Boutique,Fall,L,Brown,2058.77,1.1,2036.12,2025-08-27,83,4.9,False,
FB000134,Outerwear,Levis,Central,Indore,Flagship,Fall,M,Brown,932.81,30.7,646.44,2025-02-19,497,4.5,False,
FB000135,Accessories,Puma,West,Mumbai,Outlet,Fall,L,Blue,2426.89,48.7,1244.99,2025-01-16,105,4.1,True,
FB000136,Bottoms,Levis,East,Kolkata,Outlet,Fall,S,Grey,2151.17,36.8,1359.54,2025-01-24,372,2.1,False,
FB000137,Bottoms,H&M,West,Mumbai,Boutique,Spring,XS,Brown,2788.26,14.7,2378.39,2025-04-17,484,3.6,False,
FB000138,Tops,Adidas,West,Mumbai,Outlet,Summer,S,Grey,2883.17,38.2,1781.8,2025-12-11,169,2.2,True,Late Delivery
FB000139,Tops,Zara,North,Delhi,Boutique,Fall,XS,Brown,1880.22,21.7,1472.21,2025-07-23,162,2.8,False,
FB000140,Accessories,Adidas,South,Hyderabad,Outlet,Summer,L,Brown,1350.44,30.6,937.21,2025-02-22,252,2.3,True,
FB000141,Tops,Allen Solly,East,Kolkata,Boutique,Summer,S,Grey,1954.66,4.7,1862.79,2025-04-27,462,3.4,False,
FB000142,Bottoms,H&M,West,Mumbai,Boutique,Fall,XS,Pink,2984.27,29.6,2100.93,2025-05-07,223,2.6,True,Color Mismatch
FB000143,Accessories,Allen Solly,Central,Indore,Outlet,Winter,M,Grey,2674.45,47.8,1396.06,2025-06-08,449,3.0,True,Size Issue
FB000144,Bottoms,Adidas,Central,Indore,Boutique,Fall,XL,Red,1229.14,19.1,994.37,2025-02-01,372,2.6,True,Damaged
FB000145,Dresses,Adidas,South,Chennai,Flagship,Fall,M,Grey,2211.12,14.8,1883.87,2025-08-07,17,4.5,False,
FB000146,Dresses,FabIndia,Central,Indore,Flagship,Winter,XS,White,1774.57,43.6,1000.86,2025-02-08,190,3.1,True,Late Delivery
FB000147,Shoes,Puma,Central,Indore,Outlet,Fall,XL,Pink,779.67,34.2,513.02,2025-11-07,92,2.0,True,
FB000148,Shoes,Zara,Central,Indore,Boutique,Summer,M,Black,2398.74,7.5,2218.83,2025-01-06,337,2.8,True,Color Mismatch
FB000149,Tops,Allen Solly,West,Ahmedabad,Boutique,Spring,M,Grey,1144.31,5.9,1076.8,2025-02-08,313,3.6,True,Damaged
FB000150,Bottoms,FabIndia,Central,Indore,Outlet,Fall,L,Black,1534.11,38.0,951.15,2025-05-27,409,3.1,True,Color Mismatch
FB000151,Bottoms,H&M,East,Kolkata,Boutique,Winter,L,Pink,2180.99,9.0,1984.7,2025-08-02,356,4.8,True,Size Issue
FB000152,Bottoms,Uniqlo,West,Mumbai,Boutique,Fall,M,Green,2905.15,23.6,2219.53,2025-09-23,355,3.9,False,
FB000153,Outerwear,Allen Solly,North,Jaipur,Flagship,Spring,XS,Green,2793.33,33.6,1854.77,2025-07-09,252,3.1,True,Color Mismatch
FB000154,Bottoms,Uniqlo,East,Kolkata,Outlet,Winter,S,Brown,2200.75,44.8,1214.81,2025-07-31,441,4.2,False,
FB000155,Outerwear,H&M,West,Ahmedabad,Flagship,Winter,XS,Pink,1025.32,18.6,834.61,2025-01-01,404,4.0,False,
FB000156,Bottoms,Adidas,South,Bangalore,Outlet,Summer,XS,Brown,1006.45,41.3,590.79,2025-01-21,325,2.0,False,
FB000157,Dresses,FabIndia,Central,Indore,Flagship,Summer,M,Blue,515.02,1.2,508.84,2025-11-12,407,4.5,False,
FB000158,Outerwear,FabIndia,East,Kolkata,Flagship,Winter,M,Brown,1945.1,28.2,1396.58,2025-08-28,433,3.9,False,
FB000159,Tops,FabIndia,North,Kanpur,Boutique,Fall,L,Black,2745.61,28.6,1960.37,2025-10-23,117,4.3,False,
FB000160,Bottoms,Allen Solly,West,Surat,Boutique,Summer,M,Black,1651.67,18.7,1342.81,2025-02-02,38,2.1,True,Damaged
FB000161,Dresses,Allen Solly,Central,Indore,Flagship,Winter,M,White,962.13,11.2,854.37,2025-04-08,269,2.4,False,
FB000162,Bottoms,H&M,East,Kolkata,Boutique,Fall,S,Red,2102.09,14.8,1790.98,2025-01-24,315,2.9,False,
FB000163,Tops,Allen Solly,East,Kolkata,Boutique,Summer,XS,Green,1369.36,14.2,1174.91,2025-04-02,460,4.2,True,Color Mismatch
FB000164,Dresses,Adidas,East,Kolkata,Flagship,Spring,S,Pink,686.74,34.5,449.81,2025-11-28,490,3.6,True,Color Mismatch
FB000165,Outerwear,Allen Solly,East,Kolkata,Flagship,Summer,S,Brown,2079.38,42.8,1189.41,2025-08-19,271,2.8,True,Late Delivery
FB000166,Shoes,Allen Solly,West,Mumbai,Boutique,Spring,XS,Green,1775.04,20.5,1411.16,2025-10-08,362,2.9,True,
FB000167,Bottoms,Zara,North,Lucknow,Outlet,Spring,M,Green,1803.39,34.4,1183.02,2025-07-06,244,2.6,False,
FB000168,Shoes,Zara,East,Kolkata,Boutique,Winter,L,Red,2687.47,9.3,2437.54,2025-12-16,420,3.5,True,
FB000169,Outerwear,Zara,North,Lucknow,Flagship,Summer,XS,White,2872.9,30.8,1988.05,2025-02-26,348,3.4,False,
FB000170,Outerwear,Puma,West,Pune,Flagship,Winter,M,Brown,1154.82,9.2,1048.58,2025-09-18,421,3.8,False,
FB000171,Bottoms,Adidas,East,Kolkata,Outlet,Spring,L,Brown,1078.24,42.5,619.99,2025-05-10,401,4.4,True,Size Issue
FB000172,Shoes,Nike,South,Bangalore,Boutique,Summer,L,White,2209.81,2.5,2154.56,2025-09-09,278,3.7,False,
FB000173,Accessories,Adidas,West,Pune,Boutique,Fall,XL,White,2809.31,8.1,2581.76,2025-11-10,41,2.3,False,
FB000174,Accessories,Puma,North,Kanpur,Outlet,Fall,XL,Black,2540.25,44.5,1409.84,2025-05-03,380,2.9,False,
FB000175,Tops,Puma,South,Chennai,Boutique,Fall,S,White,918.2,3.5,886.06,2025-04-23,143,2.8,False,
FB000176,Tops,Adidas,East,Kolkata,Boutique,Fall,XL,Grey,1926.9,11.6,1703.38,2025-04-22,121,2.1,False,
FB000177,Tops,Uniqlo,West,Nagpur,Boutique,Winter,L,Pink,1909.98,29.9,1338.9,2025-12-09,219,3.2,True,
FB000178,Dresses,Levis,East,Kolkata,Flagship,Winter,L,Black,1769.74,37.6,1104.32,2025-10-17,219,3.7,False,
FB000179,Accessories,H&M,West,Nagpur,Outlet,Fall,XL,Grey,1673.88,43.8,940.72,2025-11-06,364,3.7,False,
FB000180,Outerwear,FabIndia,North,Lucknow,Flagship,Winter,S,Brown,2969.62,5.8,2797.38,2025-07-28,482,3.1,False,
FB000181,Outerwear,Puma,East,Kolkata,Flagship,Fall,S,Green,2417.7,33.4,1610.19,2025-06-29,203,4.1,False,
FB000182,Bottoms,Uniqlo,Central,Indore,Boutique,Summer,M,Red,2958.88,4.0,2840.52,2025-06-09,303,4.6,True,Color Mismatch
FB000183,Dresses,FabIndia,North,Delhi,Flagship,Spring,S,Red,2709.07,0.7,2690.11,2025-03-10,191,4.3,True,
FB000184,Shoes,Nike,East,Kolkata,Boutique,Summer,XS,Blue,1757.64,9.4,1592.42,2025-08-23,320,5.0,False,
FB000185,Bottoms,Puma,North,Kanpur,Boutique,Winter,S,White,2915.97,15.6,2461.08,2025-06-29,86,4.6,False,
FB000186,Dresses,Adidas,West,Mumbai,Flagship,Winter,XS,Brown,823.14,26.8,602.54,2025-01-10,27,3.5,False,
FB000187,Shoes,Uniqlo,Central,Indore,Outlet,Fall,L,Black,2262.39,30.2,1579.15,2025-04-02,87,5.0,True,Size Issue
FB000188,Tops,Puma,South,Hyderabad,Outlet,Winter,S,Red,1477.71,44.2,824.56,2025-04-02,457,2.1,True,
FB000189,Dresses,H&M,North,Jaipur,Flagship,Fall,XL,Green,2660.63,25.4,1984.83,2025-10-03,166,2.3,False,
FB000190,Dresses,Puma,West,Ahmedabad,Flagship,Winter,S,Black,1129.4,29.8,792.84,2025-06-26,67,3.5,True,
FB000191,Bottoms,Adidas,Central,Indore,Outlet,Fall,XS,Blue,2982.55,47.0,1580.75,2025-08-04,441,2.1,True,
FB000192,Shoes,Levis,Central,Indore,Boutique,Winter,XS,Blue,2849.65,2.6,2775.56,2025-04-08,319,2.7,False,
FB000193,Bottoms,Zara,West,Mumbai,Outlet,Fall,XS,Blue,2234.93,31.4,1533.16,2025-02-20,428,2.4,False,
FB000194,Dresses,Levis,East,Kolkata,Flagship,Fall,L,Pink,2032.68,27.6,1471.66,2025-08-28,490,3.5,False,
FB000195,Shoes,H&M,South,Bangalore,Outlet,Fall,XS,Pink,1660.76,34.6,1086.14,2025-12-03,449,4.5,False,
FB000196,Tops,Zara,South,Hyderabad,Outlet,Winter,M,Brown,2741.09,31.6,1874.91,2025-07-20,241,3.1,True,
FB000197,Accessories,Zara,North,Delhi,Outlet,Spring,XL,Grey,2238.75,31.5,1533.54,2025-08-31,152,3.8,True,Damaged
FB000198,Bottoms,Adidas,West,Ahmedabad,Outlet,Winter,S,Red,903.66,47.3,476.23,2025-04-02,257,2.0,True,Late Delivery
FB000199,Dresses,FabIndia,West,Ahmedabad,Flagship,Winter,S,Blue,2719.86,32.1,1846.78,2025-10-07,243,3.7,False,
FB000200,Accessories,Uniqlo,North,Kanpur,Outlet,Spring,XS,Brown,2682.05,34.7,1751.38,2025-12-05,33,3.7,False,
FB000201,Tops,H&M,South,Hyderabad,Boutique,Summer,L,Blue,2967.33,6.8,2765.55,2025-10-28,167,3.8,False,
FB000202,Outerwear,FabIndia,Central,Indore,Flagship,Spring,XL,Grey,2752.19,35.2,1783.42,2025-07-09,334,2.3,True,Damaged
FB000203,Accessories,Allen Solly,West,Surat,Boutique,Spring,XL,Grey,2718.35,3.3,2628.64,2025-07-04,188,3.0,True,
FB000204,Tops,Puma,North,Jaipur,Boutique,Winter,XS,Grey,1445.14,13.7,1247.16,2025-06-12,143,4.8,True,
FB000205,Bottoms,H&M,North,Kanpur,Outlet,Winter,XL,Red,2372.09,39.0,1446.97,2025-11-14,323,3.1,True,Size Issue
FB000206,Tops,Adidas,North,Lucknow,Boutique,Summer,S,Brown,1933.39,26.9,1413.31,2025-02-23,258,5.0,True,Damaged
FB000207,Dresses,Zara,West,Surat,Flagship,Fall,S,White,2954.6,33.2,1973.67,2025-05-26,34,4.5,False,
FB000208,Dresses,Allen Solly,East,Kolkata,Flagship,Spring,M,Red,2944.85,49.9,1475.37,2025-07-18,471,2.4,True,Damaged
FB000209,Outerwear,Nike,Central,Indore,Flagship,Spring,M,Green,1357.1,21.8,1061.25,2025-02-21,498,2.6,False,
FB000210,Accessories,Allen Solly,South,Chennai,Boutique,Fall,XS,Blue,1814.94,29.9,1272.27,2025-04-06,336,4.6,True,Late Delivery
FB000211,Dresses,FabIndia,East,Kolkata,Flagship,Fall,XL,Blue,2346.75,34.0,1548.85,2025-06-10,25,2.8,True,Late Delivery
FB000212,Tops,Adidas,South,Chennai,Outlet,Spring,L,Blue,557.92,30.3,388.87,2025-06-24,296,2.4,False,
FB000213,Tops,Levis,West,Ahmedabad,Boutique,Fall,L,Brown,1045.52,20.2,834.32,2025-04-20,28,3.7,True,Late Delivery
FB000214,Tops,Nike,West,Nagpur,Outlet,Summer,XS,White,891.86,37.0,561.87,2025-01-11,488,2.1,False,
FB000215,Shoes,Allen Solly,East,Kolkata,Boutique,Fall,XS,Black,1392.72,20.5,1107.21,2025-02-25,283,2.9,False,
FB000216,Tops,Nike,West,Nagpur,Outlet,Fall,M,Grey,2241.23,45.1,1230.44,2025-07-15,130,4.8,False,
FB000217,Shoes,H&M,West,Pune,Outlet,Summer,XL,Brown,2406.61,43.8,1352.51,2025-02-19,486,3.3,False,
FB000218,Tops,Nike,West,Surat,Boutique,Winter,XS,Black,1149.67,23.7,877.2,2025-12-31,420,4.9,True,
FB000219,Tops,Puma,West,Mumbai,Boutique,Winter,XS,Blue,1015.21,28.9,721.81,2025-05-17,292,4.9,False,
FB000220,Outerwear,Levis,South,Chennai,Flagship,Summer,XS,Grey,727.72,41.6,424.99,2025-10-18,136,4.3,False,
FB000221,Bottoms,Nike,East,Kolkata,Boutique,Winter,L,Green,1702.26,4.5,1625.66,2025-04-03,360,4.8,False,
FB000222,Tops,Adidas,West,Surat,Boutique,Winter,XL,Black,1089.52,17.2,902.12,2025-07-29,123,4.4,True,Damaged
FB000223,Accessories,Adidas,East,Kolkata,Boutique,Summer,M,Red,1329.07,14.5,1136.35,2025-02-20,58,3.2,False,
FB000224,Tops,Zara,West,Nagpur,Boutique,Spring,M,Brown,925.19,2.5,902.06,2025-05-10,400,2.4,False,
FB000225,Tops,Puma,South,Bangalore,Boutique,Summer,XS,Black,2999.52,7.3,2780.56,2025-12-18,365,2.9,True,Damaged
FB000226,Outerwear,Zara,South,Bangalore,Flagship,Spring,S,Blue,2495.99,16.5,2084.15,2025-03-02,125,4.0,False,
FB000227,Bottoms,Zara,West,Ahmedabad,Boutique,Winter,XL,White,2868.07,24.1,2176.87,2025-01-16,354,3.7,False,
FB000228,Shoes,Uniqlo,East,Kolkata,Boutique,Fall,L,Brown,1398.74,17.3,1156.76,2025-11-09,356,3.4,True,Damaged
FB000229,Tops,Levis,Central,Indore,Boutique,Spring,XL,Green,931.36,17.7,766.51,2025-05-06,61,3.5,True,Size Issue
FB000230,Shoes,H&M,West,Ahmedabad,Outlet,Spring,L,Pink,2384.7,34.2,1569.13,2025-02-10,240,4.1,True,Late Delivery
FB000231,Bottoms,FabIndia,East,Kolkata,Outlet,Summer,XL,Grey,2308.65,38.6,1417.51,2025-02-18,34,2.3,True,Size Issue
FB000232,Outerwear,Levis,North,Lucknow,Flagship,Fall,L,Green,716.16,30.6,497.02,2025-12-28,104,4.4,False,
FB000233,Tops,FabIndia,East,Kolkata,Boutique,Spring,XL,Red,935.05,4.4,893.91,2025-12-05,137,3.5,False,
FB000234,Shoes,H&M,North,Delhi,Boutique,Summer,L,Grey,1041.44,7.4,964.37,2025-08-08,421,3.6,False,
FB000235,Bottoms,Puma,Central,Indore,Boutique,Fall,XS,Blue,1550.9,29.9,1087.18,2025-01-10,155,2.1,False,
FB000236,Outerwear,Allen Solly,East,Kolkata,Flagship,Summer,XL,Pink,2978.76,40.2,1781.3,2025-12-17,351,4.0,True,
FB000237,Outerwear,Puma,Central,Indore,Flagship,Winter,XL,Black,2457.57,37.0,1548.27,2025-01-18,346,2.2,False,
FB000238,Dresses,Zara,West,Mumbai,Flagship,Spring,XL,Grey,2055.25,39.1,1251.65,2025-06-18,498,2.1,True,Damaged
FB000239,Tops,Nike,East,Kolkata,Boutique,Summer,XS,Red,2906.16,8.9,2647.51,2025-05-29,217,2.1,False,
FB000240,Dresses,Puma,East,Kolkata,Flagship,Summer,M,Black,2473.0,44.2,1379.93,2025-04-13,127,3.1,True,Size Issue
FB000241,Dresses,Adidas,East,Kolkata,Flagship,Spring,L,Brown,2919.58,38.9,1783.86,2025-05-03,344,2.2,True,Damaged
FB000242,Outerwear,Levis,South,Hyderabad,Flagship,Summer,M,Green,2932.41,9.1,2665.56,2025-08-09,165,2.7,False,
FB000243,Tops,Levis,East,Kolkata,Boutique,Summer,S,White,681.94,20.6,541.46,2025-01-30,321,2.1,True,
FB000244,Outerwear,Levis,West,Mumbai,Flagship,Winter,XS,Red,1019.66,14.1,875.89,2025-04-07,161,2.7,False,
FB000245,Outerwear,Adidas,North,Jaipur,Flagship,Spring,XL,Pink,1607.0,17.3,1328.99,2025-03-22,89,2.8,False,
FB000246,Dresses,Allen Solly,South,Bangalore,Flagship,Spring,M,Grey,1594.92,9.2,1448.19,2025-08-21,416,2.4,False,
FB000247,Accessories,Adidas,North,Jaipur,Outlet,Fall,S,Green,2916.05,42.1,1688.39,2025-03-23,380,4.6,False,
FB000248,Bottoms,Zara,East,Kolkata,Outlet,Fall,XS,Grey,2711.46,34.2,1784.14,2025-04-01,303,4.2,True,Late Delivery
FB000249,Dresses,Zara,East,Kolkata,Flagship,Summer,M,Black,2912.17,42.9,1662.85,2025-03-09,462,3.5,False,
FB000250,Tops,Uniqlo,South,Chennai,Boutique,Winter,XL,Black,2495.7,3.0,2420.83,2025-12-18,394,2.8,False,
FB000251,Shoes,Nike,North,Kanpur,Boutique,Summer,S,Black,1176.25,16.6,980.99,2025-02-27,386,2.6,True,Color Mismatch
FB000252,Bottoms,Nike,North,Delhi,Outlet,Spring,XS,Brown,860.41,40.8,509.36,2025-08-02,157,4.1,False,
FB000253,Tops,Zara,South,Bangalore,Boutique,Winter,XL,Grey,2328.76,7.3,2158.76,2025-12-04,105,3.1,True,Size Issue
FB000254,Tops,Adidas,South,Hyderabad,Boutique,Summer,XL,Brown,2150.95,3.7,2071.36,2025-07-22,174,3.2,True,
FB000255,Dresses,Zara,Central,Indore,Flagship,Spring,M,White,653.49,26.2,482.28,2025-05-10,152,3.2,False,
FB000256,Tops,Zara,South,Chennai,Outlet,Spring,S,Grey,1128.0,40.4,672.29,2025-06-17,291,3.7,True,Damaged
FB000257,Tops,H&M,North,Kanpur,Boutique,Winter,L,Pink,2010.13,13.9,1730.72,2025-05-08,437,2.3,False,
FB000258,Outerwear,Allen Solly,West,Nagpur,Flagship,Spring,XL,Green,1882.04,21.9,1469.87,2025-05-17,405,2.9,True,Damaged
FB000259,Outerwear,Adidas,West,Surat,Flagship,Fall,XL,Black,1229.67,19.0,996.03,2025-11-22,117,2.3,True,Damaged
FB000260,Dresses,Nike,Central,Indore,Flagship,Fall,XS,Green,2416.21,10.8,2155.26,2025-07-28,277,2.4,False,
FB000261,Dresses,Puma,East,Kolkata,Flagship,Winter,L,Brown,557.61,24.5,421.0,2025-07-13,89,4.3,False,
FB000262,Dresses,Adidas,Central,Indore,Flagship,Winter,XL,Grey,2682.23,43.1,1526.19,2025-11-09,429,2.3,False,
FB000263,Dresses,Levis,East,Kolkata,Flagship,Summer,L,Blue,630.51,25.8,467.84,2025-04-25,358,4.9,True,Damaged
FB000264,Dresses,Puma,Central,Indore,Flagship,Summer,S,Red,2723.87,32.1,1849.51,2025-01-02,191,3.9,True,Damaged
FB000265,Dresses,Adidas,North,Delhi,Flagship,Winter,L,White,736.46,27.5,533.93,2025-01-14,312,3.7,False,
FB000266,Tops,FabIndia,West,Surat,Boutique,Winter,XS,Brown,905.79,12.8,789.85,2025-09-20,327,3.9,True,
FB000267,Accessories,Uniqlo,North,Delhi,Boutique,Spring,XS,Grey,1171.41,23.6,894.96,2025-10-13,473,2.1,True,Damaged
FB000268,Shoes,Nike,Central,Indore,Boutique,Fall,XL,Pink,1447.25,13.1,1257.66,2025-10-29,91,2.8,True,Damaged
FB000269,Outerwear,Allen Solly,North,Lucknow,Flagship,Summer,M,Pink,730.63,7.8,673.64,2025-05-19,14,4.8,False,
FB000270,Tops,Zara,Central,Indore,Boutique,Summer,M,Brown,1888.37,6.2,1771.29,2025-01-12,382,2.2,True,Late Delivery
FB000271,Tops,Zara,North,Delhi,Boutique,Fall,S,Grey,1068.41,29.2,756.43,2025-09-01,428,4.0,True,Color Mismatch
FB000272,Outerwear,Nike,South,Hyderabad,Flagship,Summer,M,White,2563.2,21.9,2001.86,2025-04-17,301,4.5,False,
FB000273,Tops,Levis,East,Kolkata,Boutique,Winter,L,Grey,2991.28,20.9,2366.1,2025-10-25,83,3.8,True,
FB000274,Shoes,Levis,East,Kolkata,Outlet,Summer,XL,White,1907.25,36.2,1216.83,2025-12-15,466,2.4,True,Damaged
FB000275,Outerwear,Zara,Central,Indore,Flagship,Fall,L,Black,1133.75,10.3,1016.97,2025-12-20,414,2.6,False,
FB000276,Tops,Allen Solly,South,Hyderabad,Outlet,Spring,L,Brown,2047.07,39.6,1236.43,2025-12-26,99,2.7,True,
FB000277,Bottoms,Uniqlo,Central,Indore,Outlet,Winter,M,Brown,2749.64,33.5,1828.51,2025-12-07,95,2.4,False,
FB000278,Tops,Puma,East,Kolkata,Outlet,Spring,S,Green,2967.5,44.7,1641.03,2025-12-04,393,2.5,True,Color Mismatch
FB000279,Bottoms,Zara,East,Kolkata,Outlet,Summer,S,Pink,1033.11,36.0,661.19,2025-06-26,440,4.6,True,Damaged
FB000280,Dresses,Nike,North,Lucknow,Flagship,Spring,M,Green,2235.22,17.7,1839.59,2025-10-19,36,4.7,False,
FB000281,Tops,FabIndia,East,Kolkata,Outlet,Fall,L,Pink,2503.52,47.2,1321.86,2025-12-31,312,2.2,True,Size Issue
FB000282,Outerwear,Allen Solly,East,Kolkata,Flagship,Fall,XS,Red,1093.68,45.1,600.43,2025-08-31,50,4.1,True,Color Mismatch
FB000283,Shoes,Puma,North,Kanpur,Outlet,Winter,L,Blue,2213.1,40.6,1314.58,2025-11-24,123,4.8,True,
FB000284,Shoes,H&M,West,Mumbai,Boutique,Fall,M,Black,1795.11,14.6,1533.02,2025-03-22,42,4.7,True,Size Issue
FB000285,Tops,Levis,East,Kolkata,Outlet,Fall,L,Grey,2682.85,34.5,1757.27,2025-05-13,203,2.4,False,
FB000286,Tops,Zara,South,Chennai,Outlet,Fall,XS,White,1603.8,48.6,824.35,2025-07-28,193,4.2,False,
FB000287,Accessories,Uniqlo,East,Kolkata,Boutique,Winter,XL,Brown,1761.72,13.2,1529.17,2025-12-06,244,5.0,True,
FB000288,Bottoms,Allen Solly,South,Hyderabad,Boutique,Fall,S,Red,841.62,14.9,716.22,2025-10-01,406,3.1,True,Late Delivery
FB000289,Shoes,H&M,Central,Indore,Outlet,Spring,M,Grey,2262.53,46.5,1210.45,2025-02-28,292,4.4,True,Size Issue
FB000290,Shoes,Uniqlo,South,Chennai,Boutique,Winter,M,Blue,2605.99,20.0,2084.79,2025-03-10,177,4.3,False,
FB000291,Shoes,Adidas,Central,Indore,Boutique,Summer,L,Red,1031.73,17.6,850.15,2025-07-07,265,3.6,True,
FB000292,Accessories,Puma,North,Kanpur,Boutique,Fall,S,Grey,715.88,8.3,656.46,2025-09-05,168,2.1,True,Size Issue
FB000293,Dresses,Zara,East,Kolkata,Flagship,Summer,S,White,2507.64,15.5,2118.96,2025-05-02,113,3.5,True,Damaged
FB000294,Tops,Puma,West,Pune,Outlet,Winter,S,Black,1492.86,32.8,1003.2,2025-09-13,68,4.1,False,
FB000295,Bottoms,Allen Solly,Central,Indore,Boutique,Summer,S,Green,867.43,12.7,757.27,2025-11-06,83,2.4,True,
FB000296,Tops,Puma,West,Pune,Outlet,Winter,S,Grey,2850.58,47.1,1507.96,2025-08-25,477,2.2,False,
FB000297,Tops,Zara,North,Delhi,Outlet,Spring,S,Brown,2455.03,48.3,1269.25,2025-04-18,153,2.2,True,Damaged
FB000298,Dresses,FabIndia,North,Lucknow,Flagship,Winter,S,Blue,1752.55,11.9,1544.0,2025-03-23,56,3.8,True,Color Mismatch
FB000299,Bottoms,Allen Solly,Central,Indore,Outlet,Fall,XS,Brown,1485.18,37.6,926.75,2025-11-13,347,2.0,True,Late Delivery
FB000300,Dresses,Adidas,Central,Indore,Flagship,Fall,M,Brown,2155.39,30.9,1489.37,2025-08-17,334,2.8,False,
FB000301,Bottoms,Puma,South,Chennai,Boutique,Summer,L,Grey,1041.05,13.7,898.43,2025-11-28,499,3.6,True,Color Mismatch
FB000302,Shoes,Uniqlo,East,Kolkata,Outlet,Fall,XL,Pink,2736.63,31.4,1877.33,2025-06-21,192,3.5,True,
FB000303,Outerwear,Nike,South,Bangalore,Flagship,Fall,XS,Blue,1731.88,41.5,1013.15,2025-11-13,27,2.7,True,Size Issue
FB000304,Dresses,FabIndia,West,Surat,Flagship,Summer,M,Black,623.19,2.2,609.48,2025-06-17,475,4.1,True,Late Delivery
FB000305,Dresses,Uniqlo,East,Kolkata,Flagship,Winter,XS,Green,918.49,3.0,890.94,2025-05-18,477,4.6,False,
FB000306,Tops,Uniqlo,Central,Indore,Outlet,Summer,XL,Grey,2924.5,33.0,1959.41,2025-09-21,189,2.5,True,Late Delivery
FB000307,Outerwear,Nike,Central,Indore,Flagship,Fall,L,Brown,652.62,43.7,367.43,2025-03-17,39,3.9,True,Damaged
FB000308,Shoes,Zara,Central,Indore,Outlet,Winter,M,Brown,2660.84,38.4,1639.08,2025-04-23,293,4.9,False,
FB000309,Outerwear,Allen Solly,East,Kolkata,Flagship,Winter,XS,Red,1919.31,42.1,1111.28,2025-10-15,316,2.6,False,
FB000310,Tops,H&M,West,Nagpur,Outlet,Fall,XS,Red,624.24,48.4,322.11,2025-08-24,331,4.6,True,
FB000311,Accessories,Adidas,Central,Indore,Outlet,Fall,S,White,2570.2,44.1,1436.74,2025-11-29,463,2.6,False,
FB000312,Dresses,Nike,Central,Indore,Flagship,Winter,XS,Green,2194.35,33.9,1450.47,2025-08-30,94,4.8,False,
FB000313,Bottoms,H&M,South,Chennai,Boutique,Summer,XL,White,2773.7,3.0,2690.49,2026-01-01,101,2.4,True,
FB000314,Bottoms,Uniqlo,East,Kolkata,Outlet,Fall,L,Black,799.49,45.7,434.12,2025-04-29,256,4.4,False,
FB000315,Shoes,FabIndia,East,Kolkata,Boutique,Fall,L,Blue,1651.1,8.6,1509.11,2025-03-12,320,3.8,False,
FB000316,Bottoms,Allen Solly,Central,Indore,Outlet,Fall,M,Red,1435.55,48.8,735.0,2025-01-19,426,4.9,False,
FB000317,Bottoms,Allen Solly,North,Kanpur,Boutique,Summer,XS,Black,694.12,26.6,509.48,2025-07-07,214,2.3,True,Late Delivery
FB000318,Shoes,Adidas,North,Jaipur,Boutique,Summer,XL,Green,713.21,4.0,684.68,2025-02-11,293,3.4,True,
FB000319,Outerwear,Adidas,Central,Indore,Flagship,Spring,XL,Black,1534.35,7.3,1422.34,2025-02-06,371,3.2,False,
FB000320,Shoes,Nike,East,Kolkata,Boutique,Spring,S,Green,1877.0,17.2,1554.16,2025-10-23,248,4.8,True,Damaged
FB000321,Accessories,Zara,Central,Indore,Boutique,Winter,M,Pink,1578.77,4.1,1514.04,2025-11-23,112,4.9,True,Color Mismatch
FB000322,Outerwear,Uniqlo,South,Bangalore,Flagship,Fall,M,Pink,2280.39,11.2,2024.99,2025-11-28,267,3.9,False,
FB000323,Dresses,Puma,East,Kolkata,Flagship,Summer,L,Blue,768.79,16.5,641.94,2025-03-06,123,3.6,True,Late Delivery
FB000324,Shoes,Levis,West,Ahmedabad,Outlet,Fall,M,Brown,2324.17,40.9,1373.58,2025-07-02,234,3.1,False,
FB000325,Outerwear,Zara,North,Kanpur,Flagship,Summer,XS,Red,1016.34,24.5,767.34,2025-05-04,306,2.8,False,
FB000326,Tops,FabIndia,Central,Indore,Outlet,Winter,XL,Brown,1006.03,35.0,653.92,2025-11-24,14,4.4,True,Late Delivery
FB000327,Outerwear,Adidas,East,Kolkata,Flagship,Summer,S,Brown,1991.77,35.0,1294.65,2025-10-17,412,2.2,True,Late Delivery
FB000328,Shoes,H&M,South,Chennai,Boutique,Spring,XL,Blue,2148.24,11.3,1905.49,2025-11-30,208,3.2,False,
FB000329,Dresses,Puma,Central,Indore,Flagship,Spring,XS,White,2857.42,35.5,1843.04,2025-06-18,260,2.1,True,Damaged
FB000330,Tops,Puma,Central,Indore,Outlet,Summer,S,Blue,1874.06,49.1,953.9,2025-12-26,30,2.7,False,
FB000331,Tops,Adidas,East,Kolkata,Boutique,Fall,XL,White,2911.45,11.0,2591.19,2025-01-05,322,3.1,True,Color Mismatch
FB000332,Dresses,Puma,East,Kolkata,Flagship,Winter,XL,Blue,1086.93,2.2,1063.02,2025-10-06,92,4.1,False,
FB000333,Bottoms,FabIndia,West,Pune,Boutique,Spring,M,Red,1285.39,16.8,1069.44,2025-02-21,75,3.4,False,
FB000334,Bottoms,H&M,Central,Indore,Boutique,Winter,S,Black,2183.95,8.0,2009.23,2025-03-26,239,3.1,True,Size Issue
FB000335,Dresses,Zara,South,Chennai,Flagship,Fall,S,Grey,2014.68,2.9,1956.25,2025-11-05,468,2.7,False,
FB000336,Outerwear,Uniqlo,North,Delhi,Flagship,Winter,M,Brown,1272.91,27.4,924.13,2025-02-01,324,4.9,True,Damaged
FB000337,Bottoms,Zara,East,Kolkata,Outlet,Spring,XL,Black,2601.38,44.3,1448.97,2025-02-23,31,3.7,False,
FB000338,Outerwear,Zara,West,Ahmedabad,Flagship,Fall,XL,Black,1747.64,42.7,1001.4,2025-11-24,378,4.5,True,
FB000339,Outerwear,Uniqlo,North,Kanpur,Flagship,Summer,S,Blue,1608.07,3.3,1555.0,2025-09-10,185,3.9,True,Late Delivery
FB000340,Dresses,Adidas,Central,Indore,Flagship,Winter,XL,White,2506.24,21.7,1962.39,2025-07-27,176,2.0,False,
FB000341,Dresses,Allen Solly,Central,Indore,Flagship,Winter,XS,Grey,2317.32,40.9,1369.54,2025-06-17,38,2.4,False,
FB000342,Bottoms,Zara,East,Kolkata,Boutique,Winter,M,Brown,2885.57,18.5,2351.74,2025-08-11,44,2.9,True,
FB000343,Tops,Nike,North,Lucknow,Boutique,Fall,XL,Black,901.15,15.5,761.47,2025-06-17,311,2.7,False,
FB000344,Tops,Adidas,East,Kolkata,Boutique,Fall,L,Blue,2039.66,19.0,1652.12,2025-12-13,300,4.7,True,
FB000345,Tops,Allen Solly,North,Kanpur,Outlet,Spring,L,White,1507.45,37.4,943.66,2025-07-28,360,2.2,True,Damaged
FB000346,Bottoms,Uniqlo,North,Kanpur,Boutique,Summer,XS,Grey,1047.0,14.5,895.18,2025-02-18,171,2.7,True,Size Issue
FB000347,Outerwear,Zara,Central,Indore,Flagship,Summer,XS,White,971.75,49.7,488.79,2025-07-14,22,4.5,False,
FB000348,Accessories,Zara,West,Ahmedabad,Outlet,Winter,L,Pink,1309.52,47.1,692.74,2025-07-29,189,4.7,True,Late Delivery
FB000349,Bottoms,Allen Solly,Central,Indore,Outlet,Spring,XS,White,1831.19,46.0,988.84,2025-11-30,409,3.1,True,Damaged
FB000350,Tops,H&M,Central,Indore,Outlet,Spring,XS,Brown,2394.22,30.6,1661.59,2025-06-04,287,2.3,True,Size Issue
FB000351,Accessories,Puma,East,Kolkata,Outlet,Fall,XS,White,960.51,31.1,661.79,2025-05-21,87,3.5,True,Damaged
FB000352,Dresses,Levis,Central,Indore,Flagship,Spring,S,Black,1019.47,41.8,593.33,2025-01-01,282,3.4,True,Late Delivery
FB000353,Shoes,Allen Solly,West,Pune,Outlet,Summer,XS,Green,965.97,32.6,651.06,2025-07-06,492,2.5,False,
FB000354,Dresses,FabIndia,West,Ahmedabad,Flagship,Winter,XL,White,2199.89,41.0,1297.94,2025-05-01,321,4.0,False,
FB000355,Outerwear,Zara,South,Bangalore,Flagship,Summer,M,Black,664.49,34.4,435.91,2025-10-24,84,4.6,True,
FB000356,Shoes,Puma,Central,Indore,Boutique,Fall,XL,Brown,1212.36,29.3,857.14,2025-01-30,149,3.7,True,Color Mismatch
FB000357,Tops,Nike,North,Kanpur,Outlet,Fall,S,Brown,2284.57,49.4,1155.99,2025-12-07,396,2.2,False,
FB000358,Tops,H&M,Central,Indore,Boutique,Winter,XL,Pink,1879.73,28.6,1342.13,2025-03-08,173,2.1,False,
FB000359,Bottoms,H&M,West,Mumbai,Boutique,Summer,XL,Green,1894.62,5.1,1797.99,2025-10-25,121,3.9,False,
FB000360,Tops,H&M,West,Ahmedabad,Boutique,Fall,L,Red,2147.57,10.9,1913.48,2025-11-30,326,5.0,True,Late Delivery
FB000361,Bottoms,Uniqlo,East,Kolkata,Boutique,Summer,S,Black,1422.54,27.9,1025.65,2025-06-02,388,4.6,False,
FB000362,Bottoms,FabIndia,Central,Indore,Boutique,Winter,XL,Pink,2295.24,15.4,1941.77,2025-10-13,259,3.3,True,Size Issue
FB000363,Outerwear,Adidas,North,Jaipur,Flagship,Summer,XS,Blue,2943.74,36.3,1875.16,2025-08-25,112,4.3,False,
FB000364,Accessories,Adidas,South,Hyderabad,Outlet,Spring,XS,Brown,2531.81,48.9,1293.75,2025-10-22,359,4.4,False,
FB000365,Tops,Nike,South,Hyderabad,Boutique,Winter,XL,Grey,972.94,12.0,856.19,2025-10-05,24,3.6,True,Color Mismatch
FB000366,Dresses,Adidas,East,Kolkata,Flagship,Fall,XS,Brown,1006.43,45.2,551.52,2025-07-30,126,4.9,False,
FB000367,Shoes,Nike,North,Jaipur,Outlet,Summer,S,White,2801.0,37.9,1739.42,2025-12-30,426,4.0,True,Color Mismatch
FB000368,Accessories,Zara,West,Pune,Boutique,Fall,XL,Red,1691.13,7.8,1559.22,2025-10-24,93,4.6,False,
FB000369,Bottoms,Nike,East,Kolkata,Boutique,Winter,S,Black,913.48,3.5,881.51,2025-06-02,82,4.2,False,
FB000370,Tops,H&M,West,Ahmedabad,Outlet,Summer,XS,Red,2353.5,32.9,1579.2,2025-07-24,316,2.5,False,
FB000371,Outerwear,Nike,South,Bangalore,Flagship,Winter,XS,Pink,723.59,47.5,379.88,2025-04-21,323,3.6,False,
FB000372,Bottoms,Allen Solly,South,Bangalore,Outlet,Spring,M,Pink,2806.38,38.9,1714.7,2025-06-04,330,2.8,False,
FB000373,Bottoms,Levis,West,Mumbai,Outlet,Winter,M,Pink,1876.07,42.6,1076.86,2025-04-24,375,2.8,False,
FB000374,Dresses,Zara,North,Delhi,Flagship,Summer,L,Pink,2529.46,16.4,2114.63,2025-01-23,356,2.4,True,Late Delivery
FB000375,Tops,Uniqlo,South,Bangalore,Boutique,Winter,XL,White,1875.16,20.7,1487.0,2025-11-26,500,4.0,True,
FB000376,Outerwear,FabIndia,West,Surat,Flagship,Fall,S,Pink,899.48,46.3,483.02,2025-11-27,83,4.3,True,Damaged
FB000377,Outerwear,Uniqlo,East,Kolkata,Flagship,Fall,S,Pink,2361.22,21.6,1851.2,2025-12-05,393,4.5,True,Size Issue
FB000378,Shoes,Levis,North,Delhi,Boutique,Summer,S,White,2543.02,21.4,1998.81,2025-09-09,499,2.1,False,
FB000379,Outerwear,FabIndia,East,Kolkata,Flagship,Winter,M,Blue,2647.43,38.0,1641.41,2025-06-10,258,4.7,False,
FB000380,Bottoms,Uniqlo,Central,Indore,Outlet,Summer,M,Green,1441.51,31.3,990.32,2025-06-03,90,3.7,True,
FB000381,Outerwear,Nike,East,Kolkata,Flagship,Winter,XL,Brown,1008.26,2.9,979.02,2025-07-15,122,3.1,True,Damaged
FB000382,Shoes,Nike,East,Kolkata,Outlet,Spring,XS,Brown,2328.36,48.4,1201.43,2025-09-02,88,4.2,True,Size Issue
FB000383,Tops,Zara,West,Mumbai,Outlet,Summer,XL,Grey,1259.11,45.0,692.51,2025-05-12,58,3.5,True,Color Mismatch
FB000384,Dresses,Allen Solly,South,Hyderabad,Flagship,Fall,L,Blue,914.24,38.2,565.0,2025-11-29,208,2.0,False,
FB000385,Outerwear,H&M,West,Ahmedabad,Flagship,Winter,M,Brown,957.66,34.9,623.44,2025-09-16,164,3.8,False,
FB000386,Outerwear,Zara,Central,Indore,Flagship,Winter,S,Green,2097.22,47.3,1105.23,2025-01-30,398,5.0,False,
FB000387,Dresses,Zara,Central,Indore,Flagship,Summer,S,Red,627.58,49.2,318.81,2025-01-20,134,3.2,False,
FB000388,Outerwear,Adidas,North,Kanpur,Flagship,Fall,XL,Black,2908.58,24.7,2190.16,2025-10-19,142,2.3,True,Late Delivery
FB000389,Shoes,FabIndia,South,Chennai,Boutique,Fall,L,White,2283.9,6.2,2142.3,2025-12-25,380,3.4,False,
FB000390,Tops,H&M,West,Ahmedabad,Boutique,Winter,M,Blue,2758.75,27.1,2011.13,2025-02-27,68,3.8,True,Size Issue
FB000391,Dresses,Uniqlo,South,Bangalore,Flagship,Fall,XS,Pink,1073.05,9.1,975.4,2025-02-11,208,4.0,False,
FB000392,Dresses,Uniqlo,South,Hyderabad,Flagship,Summer,M,Blue,1512.11,19.4,1218.76,2025-11-28,329,2.5,False,
FB000393,Bottoms,H&M,East,Kolkata,Boutique,Winter,XS,White,1932.49,15.5,1632.95,2025-10-26,454,2.5,True,Late Delivery
FB000394,Accessories,Levis,North,Lucknow,Boutique,Fall,XS,Grey,2484.71,21.6,1948.01,2025-02-19,363,4.0,True,Color Mismatch
FB000395,Tops,Adidas,North,Kanpur,Boutique,Spring,S,Green,2543.8,20.9,2012.15,2025-01-11,467,2.7,True,Size Issue
FB000396,Bottoms,Levis,West,Nagpur,Boutique,Winter,M,Brown,2393.44,8.2,2197.18,2025-12-28,423,3.0,False,
FB000397,Tops,Nike,East,Kolkata,Boutique,Spring,XS,Green,1477.97,18.7,1201.59,2025-07-16,166,3.6,False,
FB000398,Shoes,Zara,South,Bangalore,Outlet,Winter,L,White,2608.51,37.6,1627.71,2025-03-03,413,2.4,True,
FB000399,Dresses,Zara,South,Hyderabad,Flagship,Winter,XS,Red,2399.97,2.1,2349.57,2025-03-29,54,2.4,True,Size Issue
FB000400,Tops,Puma,Central,Indore,Outlet,Winter,M,Red,578.57,30.9,399.79,2025-05-29,404,4.4,True,Color Mismatch
FB000401,Bottoms,Levis,East,Kolkata,Boutique,Spring,M,Blue,2870.36,26.1,2121.2,2025-11-18,141,2.3,True,Color Mismatch
FB000402,Shoes,Nike,West,Mumbai,Outlet,Fall,L,Brown,1763.17,33.2,1177.8,2025-07-19,134,4.1,False,
FB000403,Bottoms,Nike,Central,Indore,Boutique,Winter,L,Pink,2460.5,11.7,2172.62,2025-01-20,259,2.7,True,Late Delivery
FB000404,Outerwear,Uniqlo,Central,Indore,Flagship,Summer,M,Black,1202.37,27.5,871.72,2025-04-02,303,4.1,True,Damaged
FB000405,Bottoms,Uniqlo,South,Bangalore,Boutique,Summer,L,Red,2034.34,28.9,1446.42,2025-03-25,434,3.1,True,
FB000406,Tops,Zara,East,Kolkata,Boutique,Fall,XL,Grey,521.43,14.5,445.82,2025-07-09,152,3.2,True,Damaged
FB000407,Shoes,Adidas,South,Bangalore,Outlet,Spring,S,Black,1894.74,42.6,1087.58,2025-09-16,162,2.4,True,Damaged
FB000408,Tops,Uniqlo,Central,Indore,Outlet,Winter,XS,Black,2716.4,35.9,1741.21,2025-05-26,81,4.4,True,Color Mismatch
FB000409,Outerwear,Uniqlo,West,Pune,Flagship,Spring,XS,Grey,1061.02,27.0,774.54,2025-01-12,167,4.9,True,Size Issue
FB000410,Accessories,Adidas,Central,Indore,Outlet,Summer,XS,Brown,837.94,39.7,505.28,2025-05-23,400,2.1,False,
FB000411,Accessories,Uniqlo,East,Kolkata,Boutique,Spring,L,White,1752.76,14.0,1507.37,2025-03-12,138,4.4,False,
FB000412,Shoes,Levis,Central,Indore,Boutique,Summer,L,Grey,1986.58,19.8,1593.24,2025-05-29,221,2.6,True,
FB000413,Tops,H&M,Central,Indore,Boutique,Winter,XS,Brown,1261.21,18.6,1026.62,2025-10-03,233,3.5,True,Color Mismatch
FB000414,Tops,Puma,South,Hyderabad,Outlet,Summer,XS,Brown,2685.08,40.9,1586.88,2025-06-20,194,2.3,True,Size Issue
FB000415,Bottoms,Puma,West,Pune,Boutique,Summer,XL,Grey,2853.73,0.6,2836.61,2025-10-25,158,2.5,True,
FB000416,Tops,Puma,East,Kolkata,Boutique,Fall,L,Pink,1461.99,13.3,1267.55,2025-09-10,50,3.1,True,
FB000417,Bottoms,Uniqlo,South,Hyderabad,Outlet,Winter,L,Grey,2602.9,49.9,1304.05,2025-06-28,173,4.6,False,
FB000418,Shoes,Zara,Central,Indore,Boutique,Summer,L,Green,1657.61,22.0,1292.94,2025-06-10,187,4.0,False,
FB000419,Outerwear,Adidas,West,Ahmedabad,Flagship,Fall,S,Grey,2200.65,41.3,1291.78,2025-12-18,316,4.2,False,
FB000420,Outerwear,Uniqlo,North,Lucknow,Flagship,Spring,XL,Pink,1472.83,21.9,1150.28,2025-09-05,22,2.7,False,
FB000421,Bottoms,Adidas,Central,Indore,Outlet,Spring,XS,Green,1099.08,35.2,712.2,2025-03-03,289,4.2,True,Size Issue
FB000422,Outerwear,Uniqlo,West,Pune,Flagship,Fall,L,Green,1448.13,9.1,1316.35,2025-06-19,499,2.3,False,
FB000423,Tops,Levis,West,Mumbai,Outlet,Winter,S,Pink,1797.42,40.2,1074.86,2025-02-18,491,4.5,False,
FB000424,Dresses,FabIndia,North,Kanpur,Flagship,Summer,S,Red,1489.26,18.5,1213.75,2025-09-27,241,4.1,True,Late Delivery
FB000425,Bottoms,Levis,West,Nagpur,Boutique,Winter,S,Red,629.59,29.3,445.12,2025-12-31,385,2.2,True,Color Mismatch
FB000426,Tops,Zara,Central,Indore,Outlet,Fall,L,White,2443.71,31.6,1671.5,2025-08-30,32,4.8,True,Damaged
FB000427,Outerwear,H&M,East,Kolkata,Flagship,Summer,XS,Green,2093.85,9.8,1888.65,2025-04-03,301,2.2,False,
FB000428,Shoes,Puma,West,Surat,Outlet,Winter,M,Black,946.78,45.6,515.05,2025-02-21,149,5.0,False,
FB000429,Accessories,H&M,West,Ahmedabad,Outlet,Summer,XL,Black,1411.67,46.5,755.24,2025-04-03,498,3.6,True,Late Delivery
FB000430,Dresses,FabIndia,North,Kanpur,Flagship,Winter,M,Red,1563.17,47.2,825.35,2025-05-22,185,2.9,False,
FB000431,Tops,H&M,East,Kolkata,Boutique,Winter,XL,Brown,2262.13,10.5,2024.61,2025-12-22,470,3.8,True,Size Issue
FB000432,Accessories,Zara,Central,Indore,Outlet,Spring,M,Grey,1843.24,37.0,1161.24,2025-05-20,281,3.3,False,
FB000433,Dresses,Zara,West,Pune,Flagship,Winter,XS,Red,1143.92,8.5,1046.69,2025-07-17,371,4.4,True,Damaged
FB000434,Outerwear,Levis,Central,Indore,Flagship,Fall,S,Red,917.71,37.2,576.32,2025-02-08,367,3.6,False,
FB000435,Outerwear,Zara,North,Kanpur,Flagship,Winter,XS,Red,1046.38,34.9,681.19,2025-02-12,392,2.8,False,
FB000436,Bottoms,Puma,Central,Indore,Outlet,Summer,XL,Green,2170.31,41.4,1271.8,2025-06-17,151,4.6,True,
FB000437,Outerwear,Adidas,North,Lucknow,Flagship,Summer,M,Red,2922.7,33.9,1931.9,2025-01-16,23,3.1,False,
FB000438,Bottoms,Levis,South,Hyderabad,Boutique,Fall,L,Green,2292.76,23.4,1756.25,2025-12-20,324,4.0,False,
FB000439,Bottoms,Allen Solly,North,Kanpur,Boutique,Summer,S,Red,759.39,25.2,568.02,2025-08-09,396,2.7,False,
FB000440,Dresses,Zara,West,Mumbai,Flagship,Summer,S,Blue,1217.62,12.7,1062.98,2025-09-01,141,3.4,True,Late Delivery
FB000441,Outerwear,Allen Solly,South,Hyderabad,Flagship,Winter,S,Brown,2222.54,27.1,1620.23,2025-11-25,260,2.8,False,
FB000442,Accessories,Uniqlo,Central,Indore,Boutique,Fall,L,Pink,630.34,16.2,528.22,2025-04-23,487,2.2,False,
FB000443,Outerwear,H&M,West,Mumbai,Flagship,Fall,M,Brown,1693.48,46.3,909.4,2025-09-13,71,3.1,True,
FB000444,Outerwear,Adidas,Central,Indore,Flagship,Fall,XL,Black,796.36,28.3,570.99,2025-12-21,294,3.1,True,Damaged
FB000445,Shoes,Adidas,West,Surat,Outlet,Winter,S,Black,619.12,32.3,419.14,2025-03-01,496,4.2,True,
FB000446,Outerwear,H&M,East,Kolkata,Flagship,Winter,XS,Pink,1070.12,11.3,949.2,2025-08-23,98,3.9,False,
FB000447,Outerwear,Adidas,North,Lucknow,Flagship,Spring,XS,Red,628.22,35.7,403.95,2025-07-16,24,4.6,True,Late Delivery
FB000448,Accessories,FabIndia,North,Jaipur,Boutique,Winter,M,Grey,779.73,22.8,601.95,2025-06-02,99,3.6,True,Size Issue
FB000449,Bottoms,H&M,Central,Indore,Boutique,Fall,XS,Red,2855.26,19.6,2295.63,2025-05-12,170,2.9,True,
FB000450,Tops,Levis,South,Hyderabad,Boutique,Summer,S,Pink,527.55,17.2,436.81,2025-09-15,55,4.4,False,
FB000451,Bottoms,Adidas,North,Jaipur,Outlet,Spring,XS,White,2114.87,39.8,1273.15,2025-03-13,114,4.5,False,
FB000452,Shoes,Allen Solly,West,Surat,Outlet,Winter,XL,Grey,1911.87,34.8,1246.54,2025-09-14,390,2.8,False,
FB000453,Tops,Puma,East,Kolkata,Boutique,Spring,S,Grey,1668.19,8.6,1524.73,2025-07-02,87,4.5,False,
FB000454,Dresses,Nike,East,Kolkata,Flagship,Winter,XS,Red,1437.69,30.8,994.88,2025-06-16,107,4.4,True,Late Delivery
FB000455,Accessories,Levis,South,Hyderabad,Outlet,Summer,XS,Brown,2544.2,32.0,1730.06,2025-09-16,34,4.2,False,
FB000456,Accessories,Uniqlo,East,Kolkata,Boutique,Winter,S,Pink,617.73,12.5,540.51,2025-05-24,80,2.5,False,
FB000457,Shoes,H&M,West,Ahmedabad,Outlet,Winter,S,Black,2881.57,39.3,1749.11,2025-05-05,21,4.4,True,Damaged
FB000458,Tops,Uniqlo,South,Chennai,Outlet,Summer,XS,Pink,2586.93,34.1,1704.79,2025-10-26,374,4.4,True,
FB000459,Tops,Levis,South,Bangalore,Outlet,Fall,XS,Brown,1381.67,31.7,943.68,2025-06-12,74,4.2,True,Color Mismatch
FB000460,Dresses,Adidas,West,Ahmedabad,Flagship,Winter,XL,Brown,1508.92,29.7,1060.77,2025-06-19,231,3.9,True,Damaged
FB000461,Outerwear,Levis,West,Ahmedabad,Flagship,Winter,XL,White,926.59,28.3,664.37,2025-11-02,106,4.2,False,
FB000462,Shoes,Zara,South,Bangalore,Outlet,Winter,M,Grey,1428.44,38.0,885.63,2025-05-06,215,2.8,False,
FB000463,Dresses,Nike,North,Jaipur,Flagship,Summer,XL,Green,1334.68,30.1,932.94,2025-11-27,479,3.0,False,
FB000464,Bottoms,Zara,North,Delhi,Boutique,Winter,XS,Grey,1146.62,12.0,1009.03,2025-08-04,265,4.2,True,Color Mismatch
FB000465,Tops,H&M,South,Hyderabad,Boutique,Winter,M,Black,2102.05,5.6,1984.34,2025-06-18,423,3.7,False,
FB000466,Accessories,Uniqlo,East,Kolkata,Outlet,Summer,XS,Red,2523.09,43.7,1420.5,2025-05-18,292,2.2,True,Size Issue
FB000467,Tops,Zara,South,Hyderabad,Boutique,Winter,XL,Grey,2102.28,28.7,1498.93,2025-08-29,71,4.8,False,
FB000468,Accessories,Uniqlo,North,Jaipur,Boutique,Winter,M,Blue,1006.95,2.2,984.8,2025-05-23,276,2.4,True,Size Issue
FB000469,Tops,Levis,North,Lucknow,Boutique,Spring,M,White,855.96,16.1,718.15,2025-11-06,188,3.6,False,
FB000470,Dresses,Puma,North,Lucknow,Flagship,Summer,XS,Brown,2473.36,44.6,1370.24,2025-07-31,391,3.0,False,
FB000471,Bottoms,Uniqlo,North,Kanpur,Boutique,Summer,L,Green,2584.51,27.7,1868.6,2025-10-28,163,2.7,False,
FB000472,Bottoms,Nike,Central,Indore,Outlet,Spring,XS,Black,1426.4,30.5,991.35,2025-01-25,248,4.9,True,Color Mismatch
FB000473,Bottoms,Levis,Central,Indore,Boutique,Winter,M,Green,1642.72,7.8,1514.59,2025-01-23,396,2.1,True,
FB000474,Tops,Uniqlo,East,Kolkata,Outlet,Fall,XL,Black,2809.77,37.4,1758.92,2025-04-16,449,3.1,False,
FB000475,Shoes,Levis,South,Hyderabad,Outlet,Winter,XS,Black,2291.1,45.2,1255.52,2025-04-08,13,3.8,False,
FB000476,Shoes,H&M,East,Kolkata,Outlet,Spring,S,Green,2010.22,37.3,1260.41,2025-11-05,33,4.3,False,
FB000477,Dresses,Zara,East,Kolkata,Flagship,Summer,XL,Red,2930.75,4.2,2807.66,2025-12-22,240,3.9,False,
FB000478,Shoes,H&M,East,Kolkata,Boutique,Winter,XS,Blue,1458.6,5.1,1384.21,2025-08-03,17,4.3,False,
FB000479,Dresses,H&M,West,Surat,Flagship,Winter,XS,Red,2030.34,42.8,1161.35,2025-07-16,453,2.8,True,Color Mismatch
FB000480,Dresses,Zara,East,Kolkata,Flagship,Summer,S,Red,2746.39,41.9,1595.65,2025-07-08,42,4.5,True,Size Issue
FB000481,Bottoms,Nike,North,Kanpur,Outlet,Winter,M,Brown,598.38,41.9,347.66,2025-11-21,210,4.2,False,
FB000482,Dresses,Puma,North,Jaipur,Flagship,Spring,XL,Black,1475.08,24.2,1118.11,2025-05-11,146,4.8,False,
FB000483,Dresses,Allen Solly,East,Kolkata,Flagship,Winter,M,White,2828.73,45.6,1538.83,2025-05-31,424,5.0,False,
FB000484,Outerwear,Uniqlo,North,Jaipur,Flagship,Winter,L,Black,2465.0,24.1,1870.93,2025-01-05,12,3.4,False,
FB000485,Shoes,H&M,Central,Indore,Outlet,Winter,S,Grey,2029.09,48.2,1051.07,2025-06-09,249,2.1,True,Size Issue
FB000486,Tops,Adidas,North,Jaipur,Outlet,Winter,M,White,2335.89,32.6,1574.39,2025-12-07,268,4.3,True,Size Issue
FB000487,Tops,FabIndia,East,Kolkata,Boutique,Spring,XL,Grey,2261.37,10.2,2030.71,2025-07-04,118,3.6,True,Size Issue
FB000488,Bottoms,Puma,East,Kolkata,Outlet,Winter,XS,White,1018.92,43.4,576.71,2025-11-23,483,2.0,True,Size Issue
FB000489,Shoes,Uniqlo,North,Kanpur,Boutique,Winter,M,Pink,2128.72,12.5,1862.63,2025-09-21,199,2.3,False,
FB000490,Dresses,H&M,South,Hyderabad,Flagship,Spring,S,Blue,2141.16,21.7,1676.53,2025-07-03,112,4.2,False,
FB000491,Outerwear,Uniqlo,Central,Indore,Flagship,Fall,M,Blue,1898.65,13.1,1649.93,2025-04-17,247,2.5,True,Damaged
FB000492,Shoes,Adidas,South,Chennai,Boutique,Summer,XS,Black,2899.29,12.9,2525.28,2025-07-14,47,4.7,True,Size Issue
FB000493,Outerwear,Adidas,Central,Indore,Flagship,Summer,XS,Brown,2015.85,32.5,1360.7,2025-05-19,210,2.3,False,
FB000494,Tops,Puma,North,Jaipur,Boutique,Winter,XS,Blue,1022.74,19.9,819.21,2025-07-23,64,3.5,True,Size Issue
FB000495,Tops,Allen Solly,Central,Indore,Boutique,Summer,M,Green,2112.26,13.4,1829.22,2025-10-11,209,4.2,True,Size Issue
FB000496,Bottoms,Puma,West,Nagpur,Outlet,Winter,XL,Green,1220.66,37.1,767.8,2025-06-07,23,2.9,False,
FB000497,Bottoms,Adidas,South,Chennai,Boutique,Spring,M,Red,1724.08,10.6,1541.33,2025-12-25,364,4.3,True,Size Issue
FB000498,Bottoms,Allen Solly,West,Mumbai,Outlet,Spring,M,Green,2249.61,37.1,1415.0,2025-02-21,139,4.5,True,Size Issue
FB000499,Outerwear,Allen Solly,East,Kolkata,Flagship,Summer,L,Blue,2340.46,16.9,1944.92,2025-11-29,104,3.2,True,Size Issue
FB000500,Outerwear,Uniqlo,South,Hyderabad,Flagship,Summer,M,White,2468.46,40.3,1473.67,2025-05-24,282,3.3,True,Color Mismatch
FB000501,Accessories,Uniqlo,South,Chennai,Outlet,Spring,XS,Blue,2937.55,32.3,1988.72,2025-06-06,121,4.4,True,Color Mismatch
FB000502,Dresses,FabIndia,South,Hyderabad,Flagship,Summer,XS,Red,1547.86,13.2,1343.54,2025-04-10,245,4.4,True,Size Issue
FB000503,Accessories,Adidas,South,Chennai,Boutique,Summer,L,Grey,725.45,13.6,626.79,2025-03-18,376,4.9,True,Damaged
FB000504,Bottoms,Adidas,South,Hyderabad,Outlet,Fall,XL,Brown,1544.3,38.8,945.11,2025-02-21,287,3.0,True,Size Issue
FB000505,Shoes,Allen Solly,South,Chennai,Boutique,Fall,S,Black,522.94,12.7,456.53,2025-02-25,304,2.6,False,
FB000506,Shoes,Allen Solly,Central,Indore,Outlet,Fall,S,Green,2762.02,33.0,1850.55,2025-06-08,36,4.9,True,Size Issue
FB000507,Bottoms,H&M,East,Kolkata,Boutique,Fall,XS,White,1594.36,14.6,1361.58,2025-09-04,356,4.7,False,
FB000508,Shoes,Zara,Central,Indore,Boutique,Spring,XL,Green,695.49,20.3,554.31,2025-12-17,326,3.3,False,
FB000509,Accessories,Nike,North,Lucknow,Boutique,Spring,S,Grey,582.23,25.2,435.51,2025-10-31,336,3.8,True,Damaged
FB000510,Bottoms,Adidas,West,Surat,Outlet,Spring,XS,Green,2830.67,35.3,1831.44,2025-02-03,285,3.4,False,
FB000511,Shoes,Nike,North,Delhi,Outlet,Winter,M,Blue,820.75,30.4,571.24,2025-08-25,25,5.0,True,
FB000512,Tops,Nike,West,Mumbai,Boutique,Winter,S,Pink,1866.48,19.3,1506.25,2025-10-10,374,3.9,True,Color Mismatch
FB000513,Outerwear,Uniqlo,West,Surat,Flagship,Winter,S,White,2468.32,49.7,1241.56,2025-11-02,51,4.2,False,
FB000514,Dresses,Puma,North,Jaipur,Flagship,Spring,XL,Brown,526.44,17.6,433.79,2025-05-14,388,2.4,False,
FB000515,Dresses,Nike,West,Surat,Flagship,Spring,M,Blue,686.63,26.8,502.61,2025-07-13,213,4.5,False,
FB000516,Shoes,Levis,South,Chennai,Boutique,Winter,S,Green,2632.16,6.8,2453.17,2025-04-01,96,4.0,True,Size Issue
FB000517,Dresses,Adidas,North,Lucknow,Flagship,Spring,S,Grey,1541.86,46.6,823.35,2025-01-30,162,4.6,True,Damaged
FB000518,Dresses,Adidas,North,Delhi,Flagship,Fall,M,Black,2405.42,4.4,2299.58,2025-03-01,349,3.3,True,Size Issue
FB000519,Tops,Allen Solly,South,Bangalore,Boutique,Winter,XS,Blue,525.46,9.5,475.54,2025-08-18,451,4.9,False,
FB000520,Tops,Uniqlo,East,Kolkata,Boutique,Summer,XS,Grey,1289.64,28.0,928.54,2025-02-26,21,3.3,True,Late Delivery
FB000521,Shoes,FabIndia,East,Kolkata,Boutique,Fall,XL,Green,2216.63,27.0,1618.14,2025-03-19,460,4.5,False,
FB000522,Outerwear,Adidas,East,Kolkata,Flagship,Fall,L,Pink,2048.89,29.6,1442.42,2025-08-15,190,3.4,True,Color Mismatch
FB000523,Outerwear,Puma,North,Delhi,Flagship,Fall,L,Grey,842.16,47.4,442.98,2025-10-17,255,3.7,False,
FB000524,Shoes,Levis,West,Surat,Boutique,Fall,XS,Grey,779.55,4.7,742.91,2025-06-21,442,2.0,False,
FB000525,Tops,FabIndia,West,Mumbai,Boutique,Fall,L,Black,1205.33,24.1,914.85,2025-03-02,101,4.0,True,
FB000526,Accessories,Allen Solly,West,Mumbai,Boutique,Fall,S,White,2169.96,9.3,1968.15,2025-01-30,327,4.1,False,
FB000527,Accessories,H&M,South,Chennai,Boutique,Summer,XS,Pink,1064.9,1.3,1051.06,2025-05-03,439,3.2,True,Color Mismatch
FB000528,Tops,Levis,West,Pune,Outlet,Summer,M,Red,1881.97,47.2,993.68,2025-12-11,382,3.0,False,
FB000529,Dresses,Puma,North,Jaipur,Flagship,Summer,XL,Red,754.12,25.1,564.84,2025-12-12,92,3.1,True,Late Delivery
FB000530,Tops,FabIndia,East,Kolkata,Boutique,Spring,L,Pink,2752.4,9.1,2501.93,2025-10-06,427,4.5,True,Damaged
FB000531,Outerwear,Levis,North,Jaipur,Flagship,Spring,M,Grey,2284.13,20.1,1825.02,2025-09-06,51,3.2,False,
FB000532,Dresses,Puma,Central,Indore,Flagship,Winter,XS,Green,2723.49,45.5,1484.3,2025-06-02,309,2.2,False,
FB000533,Outerwear,H&M,South,Hyderabad,Flagship,Fall,L,Grey,2552.88,30.0,1787.02,2025-09-20,260,3.5,False,
FB000534,Dresses,FabIndia,Central,Indore,Flagship,Fall,XS,Blue,837.55,25.7,622.3,2025-06-14,158,3.2,False,
FB000535,Bottoms,H&M,Central,Indore,Outlet,Winter,L,Grey,1933.21,39.9,1161.86,2025-02-13,184,2.1,False,
FB000536,Shoes,Adidas,East,Kolkata,Boutique,Spring,L,Grey,529.71,21.1,417.94,2025-07-20,267,3.8,True,Size Issue
FB000537,Accessories,Allen Solly,East,Kolkata,Outlet,Fall,XS,Grey,2366.48,31.2,1628.14,2025-11-27,380,3.0,True,Color Mismatch
FB000538,Bottoms,FabIndia,South,Hyderabad,Outlet,Winter,XL,Red,640.46,47.5,336.24,2025-07-27,168,3.0,True,Color Mismatch
FB000539,Bottoms,Levis,West,Ahmedabad,Boutique,Summer,S,Blue,2317.29,21.4,1821.39,2025-07-17,322,4.4,True,Late Delivery
FB000540,Dresses,Allen Solly,West,Surat,Flagship,Spring,XS,Black,1464.25,6.1,1374.93,2025-05-19,413,2.6,False,
FB000541,Outerwear,Uniqlo,East,Kolkata,Flagship,Fall,XS,Blue,884.47,10.7,789.83,2025-12-22,393,4.9,True,
FB000542,Dresses,Allen Solly,North,Jaipur,Flagship,Summer,S,Red,1424.21,46.6,760.53,2025-01-18,441,2.6,True,Color Mismatch
FB000543,Shoes,Uniqlo,North,Delhi,Outlet,Winter,XS,White,683.0,34.1,450.1,2025-07-05,333,4.4,False,
FB000544,Shoes,Nike,West,Ahmedabad,Boutique,Summer,XL,Brown,895.38,25.9,663.48,2025-08-07,20,2.6,False,
FB000545,Bottoms,Uniqlo,North,Lucknow,Outlet,Winter,S,Red,1872.09,38.5,1151.34,2025-04-09,66,3.2,False,
FB000546,Accessories,Allen Solly,West,Surat,Boutique,Winter,XS,Pink,2863.4,1.0,2834.77,2025-11-27,332,2.0,False,
FB000547,Outerwear,Adidas,East,Kolkata,Flagship,Fall,S,Brown,1618.54,7.4,1498.77,2025-05-15,74,2.6,True,
FB000548,Tops,Nike,Central,Indore,Outlet,Winter,L,Brown,915.82,32.4,619.09,2025-09-26,325,2.7,True,Damaged
FB000549,Dresses,Uniqlo,West,Pune,Flagship,Winter,L,Pink,1557.22,11.7,1375.03,2025-11-07,97,2.0,False,
FB000550,Tops,Levis,North,Delhi,Outlet,Spring,XL,White,2884.92,30.3,2010.79,2025-09-10,190,4.3,True,
FB000551,Accessories,Zara,Central,Indore,Boutique,Spring,XS,Black,1978.93,26.5,1454.51,2025-12-29,14,4.2,True,Size Issue
FB000552,Dresses,H&M,North,Delhi,Flagship,Winter,M,Pink,690.98,11.2,613.59,2025-06-01,320,4.3,True,Damaged
FB000553,Bottoms,Allen Solly,Central,Indore,Outlet,Fall,M,Grey,1586.74,31.4,1088.5,2025-01-24,133,2.8,True,
FB000554,Shoes,Uniqlo,East,Kolkata,Boutique,Fall,M,Grey,1770.89,23.4,1356.5,2025-09-10,75,4.6,True,Size Issue
FB000555,Outerwear,Uniqlo,East,Kolkata,Flagship,Spring,XS,Pink,1907.87,18.5,1554.91,2025-03-11,126,4.5,True,Late Delivery
FB000556,Bottoms,Puma,North,Kanpur,Boutique,Fall,L,Grey,1818.15,10.8,1621.79,2025-07-22,194,3.8,False,
FB000557,Bottoms,Uniqlo,North,Lucknow,Boutique,Winter,S,Blue,1625.87,9.2,1476.29,2025-08-17,380,3.8,False,
FB000558,Bottoms,Puma,South,Chennai,Boutique,Fall,XL,Blue,1657.09,13.6,1431.73,2025-03-01,234,3.7,False,
FB000559,Accessories,Uniqlo,East,Kolkata,Outlet,Winter,M,White,2138.64,44.4,1189.08,2025-04-19,87,2.1,False,
FB000560,Shoes,FabIndia,Central,Indore,Outlet,Fall,XL,Green,2886.12,31.1,1988.54,2025-07-03,143,2.8,True,
FB000561,Accessories,H&M,North,Jaipur,Outlet,Winter,L,Blue,2791.53,44.4,1552.09,2025-05-14,224,3.6,False,
FB000562,Outerwear,Levis,West,Pune,Flagship,Fall,XL,Green,1250.11,29.4,882.58,2025-07-26,211,3.3,True,Size Issue
FB000563,Bottoms,Nike,South,Bangalore,Outlet,Spring,XL,Red,1138.88,38.7,698.13,2025-12-18,317,4.1,False,
FB000564,Bottoms,Adidas,South,Bangalore,Outlet,Spring,M,White,2717.62,31.3,1867.0,2025-09-16,395,4.3,False,
FB000565,Outerwear,Puma,Central,Indore,Flagship,Fall,XL,Green,2404.61,45.4,1312.92,2025-12-12,396,3.8,False,
FB000566,Accessories,Zara,South,Bangalore,Boutique,Winter,S,Red,867.64,0.1,866.77,2025-05-13,110,2.9,True,Color Mismatch
FB000567,Dresses,Uniqlo,East,Kolkata,Flagship,Spring,L,Blue,2637.15,42.5,1516.36,2025-07-02,411,2.4,False,
FB000568,Dresses,H&M,North,Delhi,Flagship,Fall,XS,Black,2829.77,35.1,1836.52,2025-01-11,30,4.2,True,Damaged
FB000569,Tops,Adidas,West,Mumbai,Outlet,Winter,L,Brown,1419.1,47.0,752.12,2025-05-27,210,3.5,True,Color Mismatch
FB000570,Tops,FabIndia,West,Nagpur,Boutique,Winter,XL,White,599.31,26.6,439.89,2025-01-09,296,2.9,True,Damaged
FB000571,Shoes,Puma,West,Pune,Outlet,Fall,S,Brown,1414.84,48.8,724.4,2025-07-25,36,4.5,True,Damaged
FB000572,Bottoms,Zara,South,Hyderabad,Boutique,Fall,XL,Black,1393.88,29.0,989.65,2025-01-01,353,3.8,True,
FB000573,Accessories,Puma,Central,Indore,Boutique,Summer,L,White,584.42,27.6,423.12,2025-12-22,465,3.2,True,
FB000574,Outerwear,H&M,Central,Indore,Flagship,Fall,S,Grey,784.17,5.2,743.39,2025-07-31,128,2.7,False,
FB000575,Bottoms,H&M,South,Chennai,Outlet,Winter,XS,Blue,2773.73,48.5,1428.47,2025-03-16,210,2.3,True,Damaged
FB000576,Bottoms,Nike,East,Kolkata,Outlet,Winter,S,White,2483.55,48.1,1288.96,2025-12-24,376,2.5,False,
FB000577,Dresses,Uniqlo,South,Chennai,Flagship,Fall,XS,Black,1867.26,12.7,1630.12,2025-12-28,377,3.2,False,
FB000578,Tops,Adidas,North,Lucknow,Boutique,Winter,XS,Grey,2446.52,23.2,1878.93,2025-06-13,39,4.5,True,Color Mismatch
FB000579,Dresses,Nike,West,Surat,Flagship,Spring,M,Pink,1111.5,14.2,953.67,2025-01-11,329,2.5,False,
FB000580,Outerwear,H&M,North,Kanpur,Flagship,Winter,XL,Black,2309.91,15.7,1947.25,2025-05-03,239,4.7,False,
FB000581,Tops,Adidas,South,Bangalore,Boutique,Winter,M,White,2276.87,26.0,1684.88,2025-01-20,180,2.9,True,Size Issue
FB000582,Dresses,H&M,North,Jaipur,Flagship,Fall,S,Red,570.29,45.9,308.53,2025-01-02,270,3.4,False,
FB000583,Tops,Uniqlo,North,Delhi,Boutique,Fall,XL,Brown,2148.52,19.6,1727.41,2025-11-06,299,4.0,False,
FB000584,Tops,Adidas,South,Bangalore,Outlet,Fall,L,Grey,1615.13,37.5,1009.46,2025-09-18,190,4.0,False,
FB000585,Outerwear,Levis,North,Jaipur,Flagship,Summer,L,Pink,1625.22,4.5,1552.09,2025-01-12,87,2.3,False,
FB000586,Bottoms,H&M,Central,Indore,Boutique,Fall,XL,Blue,1741.44,18.9,1412.31,2025-06-13,208,4.5,True,Damaged
FB000587,Dresses,Nike,Central,Indore,Flagship,Spring,XS,Grey,2347.37,17.8,1929.54,2025-07-07,210,2.5,True,Color Mismatch
FB000588,Outerwear,FabIndia,South,Chennai,Flagship,Summer,M,Blue,2929.66,26.5,2153.3,2025-02-04,173,4.1,True,Color Mismatch
FB000589,Bottoms,Adidas,East,Kolkata,Outlet,Winter,XL,Blue,2454.63,47.0,1300.95,2025-02-13,356,4.0,False,
FB000590,Bottoms,Allen Solly,South,Bangalore,Boutique,Winter,M,Green,2293.8,12.1,2016.25,2025-10-24,167,4.8,True,Damaged
FB000591,Tops,FabIndia,East,Kolkata,Boutique,Winter,L,Pink,2486.98,8.6,2273.1,2025-08-07,392,4.1,True,Color Mismatch
FB000592,Bottoms,Levis,East,Kolkata,Outlet,Winter,L,Brown,2264.93,36.5,1438.23,2025-03-31,165,3.0,False,
FB000593,Accessories,Zara,East,Kolkata,Boutique,Winter,S,Black,2440.33,16.4,2040.12,2025-12-28,263,3.1,False,
FB000594,Tops,Levis,South,Hyderabad,Boutique,Summer,M,Grey,1863.35,0.1,1861.49,2025-12-27,368,4.7,False,
FB000595,Bottoms,Uniqlo,West,Ahmedabad,Boutique,Spring,S,Grey,1834.93,23.6,1401.89,2025-04-18,301,4.7,False,
FB000596,Accessories,Puma,South,Chennai,Outlet,Fall,XL,Pink,2564.9,31.2,1764.65,2025-04-15,397,4.6,False,
FB000597,Tops,FabIndia,North,Lucknow,Boutique,Fall,M,Grey,2217.51,16.7,1847.19,2025-05-12,209,2.7,False,
FB000598,Tops,H&M,Central,Indore,Outlet,Winter,XL,Pink,2567.76,37.3,1609.99,2025-05-10,144,2.1,True,Damaged
FB000599,Outerwear,Zara,South,Hyderabad,Flagship,Fall,L,Black,912.06,37.7,568.21,2025-06-20,259,2.2,False,
FB000600,Dresses,Uniqlo,North,Kanpur,Flagship,Winter,XL,Pink,823.76,17.7,677.95,2025-06-30,94,3.2,True,Color Mismatch
FB000601,Accessories,FabIndia,Central,Indore,Boutique,Spring,L,Brown,1434.68,23.1,1103.27,2025-05-02,340,4.8,True,Size Issue
FB000602,Tops,Uniqlo,North,Jaipur,Outlet,Winter,S,White,1597.36,49.5,806.67,2025-03-22,486,3.4,False,
FB000603,Outerwear,Adidas,East,Kolkata,Flagship,Summer,XS,Brown,2670.13,25.2,1997.26,2025-07-12,226,3.1,True,Late Delivery
FB000604,Dresses,Uniqlo,West,Surat,Flagship,Fall,XL,Green,1654.91,22.2,1287.52,2025-07-02,404,4.1,True,Color Mismatch
FB000605,Outerwear,Nike,West,Pune,Flagship,Winter,XS,Brown,2779.8,10.7,2482.36,2025-05-22,288,3.8,True,Color Mismatch
FB000606,Shoes,Allen Solly,Central,Indore,Boutique,Summer,S,Blue,2596.01,18.0,2128.73,2025-04-25,162,3.9,False,
FB000607,Tops,Uniqlo,Central,Indore,Boutique,Summer,XL,Brown,1879.31,21.9,1467.74,2025-12-31,30,2.8,False,
FB000608,Bottoms,Uniqlo,East,Kolkata,Boutique,Winter,XS,Blue,2130.76,8.5,1949.65,2025-03-24,185,4.9,False,
FB000609,Bottoms,Puma,West,Mumbai,Boutique,Fall,M,Grey,1170.6,9.6,1058.22,2025-04-20,399,4.9,False,
FB000610,Tops,Zara,West,Pune,Outlet,Spring,XS,Brown,2930.93,30.6,2034.07,2025-01-23,213,3.1,True,Late Delivery
FB000611,Shoes,Zara,West,Pune,Outlet,Fall,L,Blue,2611.01,44.2,1456.94,2025-05-08,460,3.9,False,
FB000612,Outerwear,H&M,West,Mumbai,Flagship,Winter,S,Black,2998.62,13.5,2593.81,2025-11-26,360,3.0,False,
FB000613,Dresses,Puma,West,Ahmedabad,Flagship,Winter,S,Red,1721.0,20.0,1376.8,2025-09-15,10,3.1,False,
FB000614,Tops,Levis,North,Lucknow,Boutique,Spring,L,Red,2232.52,20.2,1781.55,2025-09-17,455,4.4,True,
FB000615,Outerwear,Puma,East,Kolkata,Flagship,Winter,XL,Green,1420.13,8.9,1293.74,2025-10-12,181,2.4,True,Late Delivery
FB000616,Dresses,Adidas,Central,Indore,Flagship,Summer,L,White,1076.47,38.7,659.88,2025-01-17,207,4.5,False,
FB000617,Dresses,Levis,West,Mumbai,Flagship,Summer,XS,Red,1193.03,30.0,835.12,2025-12-12,50,3.6,False,
FB000618,Shoes,H&M,South,Bangalore,Outlet,Spring,XL,White,1078.23,44.9,594.1,2025-02-10,398,5.0,False,
FB000619,Dresses,FabIndia,South,Chennai,Flagship,Winter,L,Red,2297.59,3.7,2212.58,2025-08-25,410,3.0,True,Size Issue
FB000620,Outerwear,H&M,West,Nagpur,Flagship,Fall,XL,Grey,1586.68,32.1,1077.36,2025-10-03,207,3.6,False,
FB000621,Tops,Uniqlo,North,Delhi,Outlet,Fall,XS,Green,1394.36,44.7,771.08,2026-01-01,386,4.5,False,
FB000622,Shoes,Zara,North,Delhi,Outlet,Fall,S,Brown,2756.82,38.0,1709.23,2025-07-25,321,2.4,False,
FB000623,Outerwear,FabIndia,West,Ahmedabad,Flagship,Fall,S,Black,770.0,47.0,408.1,2025-06-13,451,2.9,True,Color Mismatch
FB000624,Tops,Puma,East,Kolkata,Outlet,Winter,L,Green,1651.95,45.8,895.36,2025-10-25,59,3.6,False,
FB000625,Outerwear,H&M,East,Kolkata,Flagship,Spring,L,Pink,2651.19,7.8,2444.4,2025-11-12,261,3.2,False,
FB000626,Outerwear,Uniqlo,Central,Indore,Flagship,Winter,S,Brown,1288.19,0.0,1288.19,2025-07-02,62,2.3,False,
FB000627,Tops,Zara,East,Kolkata,Boutique,Summer,XS,Black,2534.72,25.6,1885.83,2025-01-01,347,4.2,True,Late Delivery
FB000628,Accessories,Puma,West,Pune,Boutique,Fall,S,Grey,946.29,29.3,669.03,2025-10-08,43,2.6,False,
FB000629,Outerwear,H&M,West,Pune,Flagship,Winter,M,Blue,2517.74,5.4,2381.78,2025-10-24,191,2.7,False,
FB000630,Outerwear,Levis,West,Nagpur,Flagship,Fall,XS,Pink,2717.75,8.1,2497.61,2025-07-19,499,3.0,True,Color Mismatch
FB000631,Tops,FabIndia,West,Pune,Boutique,Winter,L,Green,1749.01,18.3,1428.94,2025-02-05,186,2.7,False,
FB000632,Accessories,Zara,West,Ahmedabad,Outlet,Spring,XS,Black,2342.25,46.7,1248.42,2025-11-10,388,3.4,True,Color Mismatch
FB000633,Tops,H&M,South,Bangalore,Boutique,Summer,XL,Blue,744.32,27.9,536.65,2025-08-19,146,4.0,False,
FB000634,Tops,Nike,East,Kolkata,Boutique,Fall,L,Grey,576.46,20.5,458.29,2026-01-01,154,4.9,False,
FB000635,Bottoms,Adidas,North,Delhi,Boutique,Fall,M,Grey,1663.75,1.4,1640.46,2025-08-23,270,3.8,False,
FB000636,Dresses,Nike,East,Kolkata,Flagship,Fall,XS,Red,2663.19,41.4,1560.63,2025-01-02,290,4.5,True,Damaged
FB000637,Dresses,FabIndia,Central,Indore,Flagship,Winter,XS,Pink,1936.19,23.7,1477.31,2025-12-29,118,4.2,False,
FB000638,Outerwear,Levis,North,Lucknow,Flagship,Fall,S,Brown,1497.09,40.6,889.27,2025-02-23,456,2.2,False,
FB000639,Tops,Zara,North,Kanpur,Boutique,Summer,M,Pink,802.26,3.5,774.18,2025-11-04,308,2.7,False,
FB000640,Accessories,Uniqlo,West,Pune,Boutique,Fall,L,Pink,1899.51,9.0,1728.55,2025-12-25,315,3.0,False,
FB000641,Accessories,H&M,West,Nagpur,Outlet,Winter,XS,Pink,1474.15,31.2,1014.22,2025-11-06,26,4.7,True,Damaged
FB000642,Accessories,Adidas,East,Kolkata,Boutique,Summer,M,Brown,2624.04,1.4,2587.3,2025-08-29,435,4.3,True,Damaged
FB000643,Accessories,Nike,North,Lucknow,Boutique,Spring,S,Green,2292.16,3.0,2223.4,2025-09-16,397,2.4,False,
FB000644,Shoes,Nike,East,Kolkata,Boutique,Summer,S,Pink,2360.12,15.9,1984.86,2025-11-15,348,4.7,False,
FB000645,Tops,Levis,West,Pune,Boutique,Summer,L,Pink,2188.78,6.6,2044.32,2025-06-11,83,4.0,False,
FB000646,Dresses,FabIndia,Central,Indore,Flagship,Spring,XL,Red,2126.07,43.7,1196.98,2025-06-29,17,4.9,False,
FB000647,Accessories,Zara,West,Ahmedabad,Outlet,Summer,XS,Black,2849.59,33.4,1897.83,2025-09-12,103,4.1,True,Size Issue
FB000648,Bottoms,Zara,South,Chennai,Boutique,Fall,L,White,1891.73,8.0,1740.39,2025-06-06,332,4.6,False,
FB000649,Outerwear,Nike,West,Surat,Flagship,Spring,M,White,2043.87,42.4,1177.27,2025-06-19,248,4.7,False,
FB000650,Dresses,Nike,East,Kolkata,Flagship,Fall,XL,Green,2192.32,49.1,1115.89,2025-05-09,463,4.2,True,Damaged
FB000651,Dresses,Puma,South,Hyderabad,Flagship,Spring,XL,Blue,1230.94,44.9,678.25,2025-11-06,33,3.2,False,
FB000652,Bottoms,H&M,South,Bangalore,Boutique,Summer,S,Black,1967.68,26.7,1442.31,2025-04-11,93,2.9,False,
FB000653,Outerwear,H&M,North,Kanpur,Flagship,Winter,XS,Pink,1943.9,43.1,1106.08,2025-08-13,84,3.3,False,
FB000654,Outerwear,FabIndia,East,Kolkata,Flagship,Fall,XS,Grey,1976.52,38.7,1211.61,2025-12-23,121,3.8,False,
FB000655,Shoes,Uniqlo,South,Hyderabad,Boutique,Winter,L,Pink,2407.66,27.4,1747.96,2025-12-31,317,2.1,True,Size Issue
FB000656,Dresses,Uniqlo,East,Kolkata,Flagship,Winter,XL,Brown,1234.67,16.0,1037.12,2025-12-11,193,4.9,True,Color Mismatch
FB000657,Outerwear,H&M,East,Kolkata,Flagship,Fall,XL,Pink,2975.19,14.2,2552.71,2025-06-07,97,2.9,True,Damaged
FB000658,Shoes,Puma,North,Delhi,Outlet,Fall,M,Black,1004.42,42.0,582.56,2025-01-24,159,4.0,True,Color Mismatch
FB000659,Shoes,Puma,Central,Indore,Boutique,Spring,S,White,1573.69,5.9,1480.84,2025-09-19,326,4.0,False,
FB000660,Tops,FabIndia,East,Kolkata,Outlet,Fall,XL,Red,2515.07,36.2,1604.61,2025-02-20,399,2.4,False,
FB000661,Outerwear,Zara,North,Delhi,Flagship,Winter,M,Grey,1760.78,41.5,1030.06,2025-10-09,100,3.9,False,
FB000662,Bottoms,Puma,South,Chennai,Boutique,Fall,S,White,1037.54,4.9,986.7,2025-12-18,209,4.0,False,
FB000663,Dresses,Uniqlo,East,Kolkata,Flagship,Fall,L,Grey,1188.64,33.1,795.2,2025-02-04,200,3.7,False,
FB000664,Tops,Nike,North,Lucknow,Outlet,Spring,S,Red,2322.19,40.2,1388.67,2025-01-17,311,3.8,False,
FB000665,Tops,Puma,West,Mumbai,Boutique,Summer,S,Grey,2171.71,6.1,2039.24,2025-07-17,286,3.1,False,
FB000666,Outerwear,FabIndia,East,Kolkata,Flagship,Fall,M,Blue,1457.3,30.5,1012.82,2025-08-21,489,3.1,True,Size Issue
FB000667,Bottoms,Adidas,East,Kolkata,Boutique,Summer,XL,Black,2217.42,2.0,2173.07,2025-01-20,265,3.8,False,
FB000668,Outerwear,Zara,East,Kolkata,Flagship,Summer,S,Brown,1517.77,26.6,1114.04,2025-12-29,489,2.4,False,
FB000669,Dresses,Allen Solly,North,Lucknow,Flagship,Summer,L,Black,992.86,44.2,554.02,2025-12-18,404,3.0,False,
FB000670,Outerwear,Adidas,West,Surat,Flagship,Fall,XS,Pink,1653.15,32.2,1120.84,2025-02-09,238,4.1,True,
FB000671,Tops,Uniqlo,East,Kolkata,Outlet,Summer,M,Grey,588.55,33.4,391.97,2025-12-08,100,3.7,False,
FB000672,Tops,Uniqlo,West,Pune,Boutique,Winter,S,Green,663.41,1.6,652.8,2025-02-26,426,3.3,True,Damaged
FB000673,Accessories,FabIndia,South,Bangalore,Outlet,Winter,XL,Blue,2592.28,33.9,1713.5,2025-01-08,39,4.9,True,Late Delivery
FB000674,Shoes,Adidas,East,Kolkata,Outlet,Spring,M,Grey,1791.94,44.8,989.15,2025-07-07,59,3.5,True,Damaged
FB000675,Dresses,Adidas,West,Ahmedabad,Flagship,Summer,XL,Red,2602.0,38.3,1605.43,2025-02-04,115,4.3,True,Size Issue
FB000676,Tops,Zara,North,Jaipur,Boutique,Summer,XS,White,667.57,0.1,666.9,2025-11-14,401,3.4,True,Color Mismatch
FB000677,Bottoms,Levis,Central,Indore,Outlet,Fall,XS,Grey,2305.41,35.6,1484.68,2025-11-06,491,3.2,False,
FB000678,Bottoms,Levis,Central,Indore,Outlet,Summer,L,Brown,2047.18,40.2,1224.21,2025-12-27,157,3.1,False,
FB000679,Tops,Adidas,West,Pune,Boutique,Fall,L,Grey,1814.74,4.4,1734.89,2025-08-28,456,3.4,True,Color Mismatch
FB000680,Shoes,Zara,West,Ahmedabad,Boutique,Summer,XL,Grey,1063.26,8.6,971.82,2025-06-21,258,3.1,True,Late Delivery
FB000681,Accessories,Puma,South,Hyderabad,Boutique,Spring,M,Red,551.57,6.4,516.27,2025-12-06,406,3.9,False,
FB000682,Shoes,Allen Solly,Central,Indore,Outlet,Winter,XS,Green,1595.34,32.2,1081.64,2025-06-10,188,3.7,False,
FB000683,Accessories,Nike,East,Kolkata,Outlet,Summer,XL,Grey,2087.74,45.4,1139.91,2025-11-09,197,4.8,False,
FB000684,Tops,Nike,South,Bangalore,Outlet,Summer,M,Grey,1137.44,48.4,586.92,2025-03-25,86,3.2,True,Late Delivery
FB000685,Shoes,Levis,East,Kolkata,Outlet,Winter,XL,Pink,2391.32,36.8,1511.31,2025-06-01,240,2.8,True,Color Mismatch
FB000686,Accessories,FabIndia,Central,Indore,Boutique,Winter,L,Grey,2579.29,3.1,2499.33,2025-12-14,83,3.9,False,
FB000687,Outerwear,Levis,South,Chennai,Flagship,Spring,M,Green,1816.98,0.5,1807.9,2025-06-27,289,2.7,False,
FB000688,Bottoms,FabIndia,East,Kolkata,Outlet,Fall,XL,Brown,2336.13,37.8,1453.07,2025-08-01,143,2.7,True,
FB000689,Bottoms,Nike,South,Chennai,Outlet,Summer,XL,Brown,740.42,32.9,496.82,2025-06-06,155,4.5,True,
FB000690,Accessories,Puma,East,Kolkata,Boutique,Fall,XS,Red,1605.18,23.2,1232.78,2025-05-30,285,2.5,True,Damaged
FB000691,Bottoms,Levis,South,Hyderabad,Outlet,Spring,XL,Blue,1330.75,45.7,722.6,2025-06-16,156,2.0,True,
FB000692,Accessories,FabIndia,Central,Indore,Boutique,Spring,XS,Green,1557.91,28.9,1107.67,2025-03-31,190,4.5,False,
FB000693,Tops,Levis,South,Bangalore,Boutique,Fall,L,Blue,1402.64,5.1,1331.11,2025-01-30,479,3.7,False,
FB000694,Dresses,Uniqlo,Central,Indore,Flagship,Summer,M,Green,2016.43,36.1,1288.5,2025-03-11,243,4.1,True,Late Delivery
FB000695,Dresses,Nike,Central,Indore,Flagship,Spring,M,Black,678.08,10.6,606.2,2025-11-14,321,4.2,False,
FB000696,Shoes,Zara,East,Kolkata,Outlet,Winter,S,Green,2788.13,45.7,1513.95,2025-06-27,449,2.5,False,
FB000697,Accessories,Nike,South,Bangalore,Boutique,Summer,M,White,661.49,10.3,593.36,2025-05-05,315,4.0,False,
FB000698,Outerwear,Uniqlo,Central,Indore,Flagship,Winter,M,Brown,2026.13,6.1,1902.54,2025-11-22,425,2.0,False,
FB000699,Dresses,Allen Solly,South,Bangalore,Flagship,Summer,XS,Brown,1977.18,46.4,1059.77,2025-11-26,436,3.8,True,Late Delivery
FB000700,Tops,Nike,South,Bangalore,Boutique,Spring,XL,Brown,524.87,16.4,438.79,2025-03-18,51,4.2,True,
FB000701,Tops,Adidas,Central,Indore,Outlet,Fall,XL,Brown,1072.94,38.0,665.22,2025-07-16,485,2.9,True,Color Mismatch
FB000702,Tops,Adidas,East,Kolkata,Outlet,Winter,XS,Pink,2102.19,35.1,1364.32,2025-07-10,223,2.4,False,
FB000703,Dresses,Puma,Central,Indore,Flagship,Summer,S,Blue,2870.24,49.6,1446.6,2025-10-31,459,4.6,False,
FB000704,Tops,H&M,East,Kolkata,Boutique,Summer,XS,Grey,1018.03,7.1,945.75,2025-08-11,64,3.7,False,
FB000705,Shoes,Nike,West,Pune,Outlet,Fall,M,Pink,1498.23,30.2,1045.76,2025-01-21,253,2.0,False,
FB000706,Outerwear,FabIndia,East,Kolkata,Flagship,Summer,S,Green,2270.17,19.6,1825.22,2025-10-08,193,5.0,False,
FB000707,Bottoms,Nike,South,Chennai,Outlet,Summer,L,Red,1316.19,42.3,759.44,2025-08-05,306,2.9,False,
FB000708,Tops,H&M,Central,Indore,Boutique,Winter,M,Blue,2893.74,21.4,2274.48,2025-06-21,44,4.2,True,Color Mismatch
FB000709,Outerwear,Adidas,North,Lucknow,Flagship,Winter,S,Green,522.74,44.3,291.17,2025-08-09,387,2.9,False,
FB000710,Accessories,FabIndia,South,Chennai,Boutique,Fall,M,Blue,1050.73,7.1,976.13,2025-11-09,292,4.4,False,
FB000711,Accessories,Nike,East,Kolkata,Outlet,Winter,L,Green,2328.62,34.3,1529.9,2025-05-28,302,3.6,False,
FB000712,Outerwear,Puma,West,Pune,Flagship,Spring,S,Grey,1158.97,1.6,1140.43,2025-09-07,304,2.2,True,Size Issue
FB000713,Bottoms,Allen Solly,Central,Indore,Boutique,Spring,L,Grey,2666.6,3.6,2570.6,2025-07-28,460,3.8,True,Late Delivery
FB000714,Shoes,Uniqlo,South,Chennai,Boutique,Winter,M,Grey,2262.03,23.8,1723.67,2025-05-30,367,4.9,True,Damaged
FB000715,Dresses,H&M,South,Chennai,Flagship,Winter,XS,Blue,2560.37,28.4,1833.22,2025-10-24,430,2.2,True,Color Mismatch
FB000716,Tops,Allen Solly,East,Kolkata,Boutique,Summer,L,White,1372.37,22.5,1063.59,2025-05-25,117,2.3,True,Color Mismatch
FB000717,Dresses,FabIndia,West,Pune,Flagship,Fall,S,Grey,2777.42,30.1,1941.42,2025-02-06,223,2.0,True,Color Mismatch
FB000718,Accessories,Zara,North,Lucknow,Boutique,Winter,XS,Black,1255.34,16.2,1051.97,2025-02-25,333,2.3,False,
FB000719,Outerwear,H&M,West,Nagpur,Flagship,Fall,S,White,1212.02,46.2,652.07,2025-06-27,97,4.1,False,
FB000720,Dresses,Uniqlo,East,Kolkata,Flagship,Summer,L,White,1400.76,38.8,857.27,2025-08-18,337,3.6,True,Size Issue
FB000721,Bottoms,Nike,Central,Indore,Boutique,Summer,XL,White,2803.8,23.7,2139.3,2025-02-27,27,3.3,False,
FB000722,Bottoms,Puma,Central,Indore,Boutique,Summer,L,Brown,1220.07,15.3,1033.4,2025-01-22,495,4.8,True,Damaged
FB000723,Shoes,Zara,North,Lucknow,Boutique,Fall,L,Grey,2266.8,9.7,2046.92,2025-12-19,261,2.8,False,
FB000724,Tops,Uniqlo,East,Kolkata,Boutique,Winter,S,Pink,2898.8,29.6,2040.76,2025-06-03,194,4.0,True,
FB000725,Outerwear,Puma,West,Nagpur,Flagship,Fall,M,Green,1638.2,23.9,1246.67,2025-10-01,426,2.5,True,Size Issue
FB000726,Tops,Allen Solly,North,Kanpur,Boutique,Fall,XS,Pink,1975.71,8.9,1799.87,2025-07-08,147,2.1,True,Color Mismatch
FB000727,Shoes,Zara,South,Hyderabad,Boutique,Spring,XL,Pink,792.23,0.5,788.27,2025-03-27,10,3.6,False,
FB000728,Dresses,Allen Solly,West,Mumbai,Flagship,Spring,XS,Red,891.3,42.1,516.06,2025-04-08,254,4.1,False,
FB000729,Shoes,Adidas,Central,Indore,Outlet,Spring,XS,Blue,923.05,43.8,518.75,2025-07-21,158,4.4,True,Damaged
FB000730,Tops,Adidas,Central,Indore,Boutique,Spring,S,Green,1858.34,27.5,1347.3,2025-09-23,253,2.2,True,Late Delivery
FB000731,Outerwear,Zara,East,Kolkata,Flagship,Summer,XS,Blue,827.47,34.3,543.65,2025-08-26,226,3.4,False,
FB000732,Shoes,H&M,West,Pune,Boutique,Summer,XS,White,630.49,0.8,625.45,2025-05-19,444,2.8,True,
FB000733,Bottoms,FabIndia,West,Ahmedabad,Outlet,Fall,XS,Pink,2847.06,30.5,1978.71,2025-06-10,363,3.3,False,
FB000734,Bottoms,Adidas,South,Hyderabad,Boutique,Winter,XS,Blue,2861.73,28.1,2057.58,2025-09-04,38,3.4,True,Size Issue
FB000735,Tops,Puma,West,Pune,Boutique,Winter,L,White,2199.16,2.6,2141.98,2025-09-28,130,5.0,False,
FB000736,Bottoms,H&M,Central,Indore,Outlet,Summer,XL,Grey,2932.54,47.2,1548.38,2025-09-23,162,2.8,True,
FB000737,Accessories,Uniqlo,South,Hyderabad,Boutique,Spring,XL,Blue,2706.6,22.8,2089.5,2025-10-13,44,4.4,True,Damaged
FB000738,Bottoms,H&M,South,Bangalore,Boutique,Winter,XL,Grey,2339.23,8.5,2140.4,2025-09-19,269,4.5,True,Color Mismatch
FB000739,Tops,Uniqlo,North,Jaipur,Boutique,Fall,M,Red,1376.5,27.4,999.34,2025-11-17,164,4.0,True,Size Issue
FB000740,Bottoms,Uniqlo,Central,Indore,Boutique,Winter,XL,White,2166.86,13.3,1878.67,2025-02-25,302,4.8,False,
FB000741,Bottoms,Allen Solly,East,Kolkata,Boutique,Summer,M,Brown,1926.44,27.8,1390.89,2025-04-07,205,2.4,False,
FB000742,Tops,Uniqlo,North,Kanpur,Boutique,Fall,XS,Black,982.48,19.8,787.95,2025-05-03,82,3.9,False,
FB000743,Tops,Nike,West,Surat,Outlet,Winter,XS,Brown,2126.79,48.8,1088.92,2025-02-07,18,4.5,True,Damaged
FB000744,Shoes,Adidas,South,Bangalore,Outlet,Winter,S,Black,1955.68,49.7,983.71,2025-06-01,437,3.4,True,
FB000745,Accessories,Uniqlo,West,Surat,Outlet,Summer,S,Brown,769.36,39.5,465.46,2025-07-16,223,2.6,False,
FB000746,Bottoms,Allen Solly,North,Kanpur,Outlet,Fall,XS,Brown,2054.68,40.5,1222.53,2025-10-25,158,3.2,False,
FB000747,Dresses,Adidas,West,Surat,Flagship,Fall,L,Blue,2249.05,7.7,2075.87,2025-04-11,107,4.4,False,
FB000748,Shoes,Zara,Central,Indore,Boutique,Spring,XS,Grey,2992.32,14.5,2558.43,2025-10-06,177,3.4,True,
FB000749,Bottoms,Adidas,Central,Indore,Outlet,Summer,S,White,1011.16,36.2,645.12,2025-12-12,405,2.7,False,
FB000750,Dresses,Zara,Central,Indore,Flagship,Fall,XL,Black,1309.24,26.0,968.84,2025-03-21,263,4.7,True,Late Delivery
FB000751,Tops,H&M,South,Chennai,Boutique,Summer,L,Black,784.66,28.8,558.68,2025-10-07,414,4.0,False,
FB000752,Tops,Nike,East,Kolkata,Outlet,Summer,XS,Brown,1549.35,33.6,1028.77,2025-12-17,70,2.7,False,
FB000753,Bottoms,Nike,East,Kolkata,Boutique,Summer,M,Pink,1933.82,6.0,1817.79,2025-08-26,488,2.8,False,
FB000754,Shoes,Zara,South,Chennai,Boutique,Winter,M,Blue,1516.3,26.1,1120.55,2025-02-22,126,3.7,False,
FB000755,Shoes,Zara,North,Delhi,Boutique,Winter,S,Brown,2111.62,8.9,1923.69,2025-06-15,75,3.9,True,Late Delivery
FB000756,Outerwear,Zara,South,Hyderabad,Flagship,Fall,XL,Green,2101.12,20.7,1666.19,2025-09-10,278,4.0,False,
FB000757,Dresses,H&M,North,Jaipur,Flagship,Spring,XL,White,1180.1,29.9,827.25,2025-06-24,415,4.9,False,
FB000758,Shoes,FabIndia,East,Kolkata,Boutique,Fall,M,Pink,759.21,8.5,694.68,2025-02-06,389,3.5,False,
FB000759,Bottoms,Uniqlo,Central,Indore,Boutique,Spring,L,Black,732.86,15.2,621.47,2025-10-26,241,3.3,False,
FB000760,Shoes,Adidas,South,Hyderabad,Boutique,Winter,M,Green,2200.24,7.7,2030.82,2025-02-05,181,4.7,False,
FB000761,Tops,Nike,East,Kolkata,Outlet,Fall,S,Pink,2796.06,48.7,1434.38,2025-01-27,203,4.9,True,
FB000762,Bottoms,Puma,East,Kolkata,Outlet,Winter,XS,Grey,686.8,33.9,453.97,2025-11-23,18,4.8,False,
FB000763,Dresses,Nike,East,Kolkata,Flagship,Fall,XL,Pink,2595.28,31.7,1772.58,2025-06-09,280,2.0,True,Size Issue
FB000764,Bottoms,Adidas,Central,Indore,Boutique,Spring,XL,Pink,2873.22,7.3,2663.47,2025-06-09,379,3.2,False,
FB000765,Tops,FabIndia,East,Kolkata,Boutique,Fall,L,Brown,777.84,27.0,567.82,2025-11-01,188,3.0,True,
FB000766,Dresses,H&M,South,Bangalore,Flagship,Winter,L,Blue,906.13,28.0,652.41,2025-04-23,406,4.4,True,Size Issue
FB000767,Tops,Allen Solly,Central,Indore,Outlet,Summer,S,Blue,2141.32,48.1,1111.35,2025-02-04,461,2.4,True,
FB000768,Outerwear,H&M,South,Chennai,Flagship,Winter,XS,Brown,1137.31,35.8,730.15,2025-06-14,50,5.0,False,
FB000769,Tops,Zara,Central,Indore,Boutique,Summer,L,Brown,1506.42,3.7,1450.68,2025-02-28,470,3.6,True,Color Mismatch
FB000770,Tops,Nike,West,Pune,Boutique,Fall,XL,Black,2861.19,21.9,2234.59,2025-05-14,446,4.1,False,
FB000771,Outerwear,Nike,South,Bangalore,Flagship,Summer,M,Pink,2158.02,44.5,1197.7,2025-09-05,176,5.0,False,
FB000772,Bottoms,Nike,Central,Indore,Boutique,Winter,S,Black,1890.57,16.0,1588.08,2025-03-12,229,4.9,True,Damaged
FB000773,Bottoms,Uniqlo,North,Jaipur,Boutique,Summer,XS,Black,1543.73,29.9,1082.15,2025-03-18,104,4.0,True,Late Delivery
FB000774,Shoes,Levis,Central,Indore,Outlet,Spring,XL,Red,619.54,34.4,406.42,2025-06-07,482,4.8,True,Late Delivery
FB000775,Outerwear,Zara,Central,Indore,Flagship,Spring,XS,Green,1676.9,36.3,1068.19,2025-12-06,489,4.4,False,
FB000776,Outerwear,Levis,North,Delhi,Flagship,Winter,M,Red,856.22,33.1,572.81,2025-04-16,248,2.1,True,
FB000777,Bottoms,Allen Solly,North,Jaipur,Boutique,Spring,S,White,2084.96,7.1,1936.93,2025-05-03,84,3.6,True,Color Mismatch
FB000778,Dresses,FabIndia,East,Kolkata,Flagship,Summer,XS,Black,2735.57,46.3,1469.0,2025-06-17,105,2.9,True,Color Mismatch
FB000779,Bottoms,Nike,Central,Indore,Outlet,Fall,XS,White,2902.77,36.1,1854.87,2025-12-15,225,4.4,True,Color Mismatch
FB000780,Outerwear,Adidas,East,Kolkata,Flagship,Fall,XL,Grey,2246.36,27.7,1624.12,2025-04-19,248,4.8,False,
FB000781,Shoes,Puma,East,Kolkata,Boutique,Spring,XL,Blue,1698.21,4.2,1626.89,2025-03-30,492,2.6,True,Damaged
FB000782,Dresses,Adidas,West,Nagpur,Flagship,Summer,M,Grey,1864.65,13.2,1618.52,2025-04-12,344,3.4,False,
FB000783,Bottoms,Nike,West,Mumbai,Boutique,Summer,M,Grey,697.42,24.3,527.95,2025-09-04,60,4.8,False,
FB000784,Accessories,Adidas,South,Chennai,Outlet,Winter,XL,Grey,1512.47,44.1,845.47,2025-03-23,60,2.4,True,Color Mismatch
FB000785,Shoes,Puma,Central,Indore,Boutique,Winter,XS,White,1862.79,1.4,1836.71,2025-01-07,229,3.1,True,Color Mismatch
FB000786,Dresses,FabIndia,North,Lucknow,Flagship,Fall,L,Brown,2747.92,14.9,2338.48,2025-03-08,443,2.7,False,
FB000787,Accessories,FabIndia,West,Surat,Outlet,Summer,XL,Green,2327.65,37.1,1464.09,2025-08-14,449,2.4,False,
FB000788,Tops,FabIndia,East,Kolkata,Boutique,Spring,XS,Grey,1373.26,23.2,1054.66,2025-02-26,198,4.0,False,
FB000789,Accessories,Allen Solly,Central,Indore,Boutique,Summer,XS,Pink,1655.22,16.2,1387.07,2025-03-13,218,4.3,True,Color Mismatch
FB000790,Accessories,Nike,South,Chennai,Outlet,Fall,L,Green,1604.26,45.8,869.51,2025-07-10,19,3.6,False,
FB000791,Accessories,Levis,Central,Indore,Boutique,Winter,M,Blue,2689.06,30.0,1882.34,2025-04-29,423,2.9,False,
FB000792,Tops,H&M,South,Hyderabad,Boutique,Winter,M,Red,1464.65,6.4,1370.91,2025-12-08,69,4.8,True,Damaged
FB000793,Accessories,Allen Solly,North,Lucknow,Outlet,Winter,XL,Pink,2934.39,41.6,1713.68,2025-09-28,289,4.5,False,
FB000794,Bottoms,H&M,East,Kolkata,Boutique,Summer,M,Red,1296.21,1.1,1281.95,2025-11-28,263,2.2,False,
FB000795,Tops,Adidas,West,Pune,Boutique,Winter,XL,Grey,1660.23,22.7,1283.36,2025-12-17,177,2.8,True,Late Delivery
FB000796,Dresses,Puma,South,Hyderabad,Flagship,Fall,XS,Brown,2483.22,5.8,2339.19,2025-01-17,302,3.0,False,
FB000797,Dresses,Adidas,Central,Indore,Flagship,Spring,XS,Green,2185.19,30.2,1525.26,2025-05-14,231,3.5,False,
FB000798,Bottoms,FabIndia,South,Chennai,Boutique,Fall,XS,Red,2936.86,10.5,2628.49,2025-11-24,203,4.5,False,
FB000799,Outerwear,Uniqlo,Central,Indore,Flagship,Winter,XL,Red,996.93,40.2,596.16,2025-09-21,299,3.0,False,
FB000800,Accessories,Puma,West,Mumbai,Boutique,Summer,XS,White,2069.44,14.3,1773.51,2025-09-27,422,4.8,False,
FB000801,Dresses,Puma,Central,Indore,Flagship,Summer,S,Brown,1202.66,33.7,797.36,2025-08-01,440,4.3,False,
FB000802,Dresses,Uniqlo,South,Hyderabad,Flagship,Fall,L,Grey,1267.19,40.0,760.31,2025-07-09,202,2.3,True,Color Mismatch
FB000803,Tops,H&M,North,Jaipur,Outlet,Summer,M,Red,2068.67,40.0,1241.2,2025-03-31,260,3.1,True,Color Mismatch
FB000804,Outerwear,Levis,East,Kolkata,Flagship,Fall,XS,Green,1024.97,28.7,730.8,2025-05-20,253,4.4,True,Late Delivery
FB000805,Tops,Adidas,North,Jaipur,Outlet,Winter,XL,Green,2975.12,35.9,1907.05,2025-09-28,398,4.4,False,
FB000806,Shoes,FabIndia,Central,Indore,Boutique,Fall,M,Red,2144.51,3.6,2067.31,2025-04-10,352,3.7,True,Damaged
FB000807,Tops,H&M,East,Kolkata,Boutique,Summer,XS,Pink,2831.22,4.2,2712.31,2025-10-19,231,2.3,False,
FB000808,Bottoms,Levis,North,Lucknow,Boutique,Fall,L,Black,2145.36,27.9,1546.8,2025-08-29,275,2.6,False,
FB000809,Outerwear,Zara,North,Lucknow,Flagship,Summer,XS,Blue,1804.38,19.2,1457.94,2025-03-17,363,4.9,False,
FB000810,Dresses,Uniqlo,Central,Indore,Flagship,Fall,XS,Brown,1777.35,20.8,1407.66,2025-11-12,22,2.5,False,
FB000811,Accessories,H&M,West,Surat,Outlet,Winter,S,White,1841.72,42.0,1068.2,2025-10-22,379,4.1,True,Size Issue
FB000812,Tops,Uniqlo,West,Ahmedabad,Boutique,Winter,L,Green,2041.52,2.9,1982.32,2025-12-12,25,4.7,False,
FB000813,Tops,H&M,Central,Indore,Boutique,Summer,L,Pink,1685.59,14.4,1442.87,2025-02-01,296,3.9,False,
FB000814,Shoes,Puma,South,Bangalore,Boutique,Winter,XS,Green,2508.07,13.3,2174.5,2025-11-12,13,3.9,True,
FB000815,Dresses,FabIndia,East,Kolkata,Flagship,Summer,S,Blue,1968.36,47.4,1035.36,2025-10-17,133,4.6,False,
FB000816,Shoes,FabIndia,South,Hyderabad,Outlet,Summer,L,Blue,697.42,40.3,416.36,2025-08-09,289,2.3,False,
FB000817,Bottoms,Allen Solly,Central,Indore,Boutique,Winter,XL,Grey,855.12,15.8,720.01,2025-12-16,115,4.2,True,Size Issue
FB000818,Tops,Adidas,West,Mumbai,Boutique,Summer,XS,Blue,846.58,4.7,806.79,2025-07-26,35,2.7,False,
FB000819,Tops,Uniqlo,North,Kanpur,Boutique,Fall,XS,Blue,2298.87,26.2,1696.57,2025-05-09,124,4.2,True,
FB000820,Bottoms,Puma,West,Mumbai,Boutique,Winter,L,Grey,593.45,14.2,509.18,2025-03-19,148,3.6,False,
FB000821,Bottoms,Zara,East,Kolkata,Boutique,Summer,XS,Blue,1330.71,28.9,946.13,2025-07-31,128,3.5,False,
FB000822,Bottoms,Allen Solly,West,Surat,Outlet,Summer,S,Red,2141.72,49.1,1090.14,2025-11-04,166,4.2,False,
FB000823,Shoes,Puma,North,Lucknow,Outlet,Fall,S,Grey,1402.99,36.7,888.09,2025-01-10,71,3.2,False,
FB000824,Outerwear,H&M,East,Kolkata,Flagship,Winter,S,White,2545.41,47.1,1346.52,2025-06-28,295,4.1,True,Damaged
FB000825,Dresses,Adidas,Central,Indore,Flagship,Spring,L,Grey,809.08,28.8,576.06,2025-02-12,385,4.7,True,
FB000826,Dresses,Uniqlo,West,Pune,Flagship,Fall,XS,Pink,2393.49,18.5,1950.69,2025-05-13,263,2.4,False,
FB000827,Shoes,Levis,East,Kolkata,Outlet,Fall,XS,Grey,1516.24,46.8,806.64,2025-11-23,351,2.9,False,
FB000828,Tops,Levis,South,Bangalore,Boutique,Fall,XL,White,1776.41,12.8,1549.03,2025-06-23,179,2.5,True,Color Mismatch
FB000829,Shoes,Zara,East,Kolkata,Outlet,Winter,M,Blue,1264.41,37.0,796.58,2025-10-31,447,4.4,True,Color Mismatch
FB000830,Bottoms,FabIndia,South,Bangalore,Outlet,Summer,S,Pink,1768.01,36.8,1117.38,2025-08-30,475,4.1,False,
FB000831,Tops,Allen Solly,South,Hyderabad,Boutique,Winter,XL,Brown,2390.83,8.3,2192.39,2025-03-21,27,2.3,True,Size Issue
FB000832,Shoes,Uniqlo,East,Kolkata,Outlet,Summer,XS,White,2059.19,30.7,1427.02,2025-03-03,63,4.2,False,
FB000833,Tops,Adidas,North,Jaipur,Boutique,Winter,S,Grey,945.03,8.5,864.7,2025-10-24,331,2.6,True,Color Mismatch
FB000834,Tops,Levis,West,Surat,Boutique,Winter,XS,Black,1663.74,19.9,1332.66,2025-08-10,273,2.4,False,
FB000835,Bottoms,Levis,South,Hyderabad,Outlet,Spring,XS,Red,2579.04,40.9,1524.21,2025-11-26,497,4.3,True,Color Mismatch
FB000836,Shoes,Levis,West,Ahmedabad,Boutique,Summer,XS,White,2873.73,4.4,2747.29,2025-06-01,64,2.1,False,
FB000837,Accessories,H&M,West,Pune,Boutique,Fall,XS,White,2582.86,15.9,2172.19,2025-01-08,429,3.4,False,
FB000838,Bottoms,Zara,Central,Indore,Boutique,Summer,M,Pink,1861.11,4.9,1769.92,2025-03-17,46,3.0,True,
FB000839,Bottoms,Nike,South,Bangalore,Outlet,Spring,S,Black,905.84,30.1,633.18,2025-10-09,190,5.0,True,Late Delivery
FB000840,Outerwear,Nike,West,Pune,Flagship,Spring,L,Blue,1976.37,31.7,1349.86,2025-11-22,133,3.3,True,Size Issue
FB000841,Accessories,Puma,West,Mumbai,Boutique,Winter,XL,Black,2923.06,27.7,2113.37,2025-08-19,87,2.9,True,Color Mismatch
FB000842,Shoes,Allen Solly,East,Kolkata,Boutique,Spring,M,Red,999.25,5.1,948.29,2025-07-08,350,2.0,True,Color Mismatch
FB000843,Shoes,Puma,Central,Indore,Boutique,Summer,M,White,1852.38,18.4,1511.54,2025-03-25,160,2.1,True,Color Mismatch
FB000844,Bottoms,FabIndia,Central,Indore,Boutique,Spring,XL,Red,1186.07,18.5,966.65,2025-02-20,458,2.7,False,
FB000845,Outerwear,Allen Solly,South,Chennai,Flagship,Winter,M,Blue,1665.44,47.0,882.68,2025-12-11,12,4.4,False,
FB000846,Bottoms,FabIndia,North,Kanpur,Boutique,Spring,XL,Brown,1148.37,19.6,923.29,2025-03-01,252,3.0,True,Size Issue
FB000847,Bottoms,H&M,West,Surat,Outlet,Winter,M,Pink,2706.56,32.4,1829.63,2025-03-10,108,3.1,True,Damaged
FB000848,Tops,H&M,North,Lucknow,Boutique,Fall,S,Brown,1170.72,22.7,904.97,2025-10-08,138,2.1,False,
FB000849,Tops,Zara,Central,Indore,Boutique,Winter,L,Green,914.63,3.3,884.45,2025-05-23,251,4.2,False,
FB000850,Bottoms,Allen Solly,East,Kolkata,Boutique,Winter,XL,Blue,607.43,3.5,586.17,2025-05-11,155,4.5,True,Damaged
FB000851,Tops,Allen Solly,West,Mumbai,Boutique,Winter,L,White,1996.68,29.4,1409.66,2025-09-22,79,3.6,False,
FB000852,Accessories,Adidas,East,Kolkata,Boutique,Fall,L,Blue,2117.01,4.5,2021.74,2025-02-27,116,3.1,False,
FB000853,Outerwear,Zara,South,Hyderabad,Flagship,Spring,M,White,1904.93,9.5,1723.96,2025-06-03,42,2.9,False,
FB000854,Bottoms,Nike,East,Kolkata,Outlet,Winter,XS,White,2463.81,31.2,1695.1,2025-05-28,368,4.4,False,
FB000855,Dresses,Uniqlo,East,Kolkata,Flagship,Fall,XS,Pink,1427.44,9.0,1298.97,2025-07-07,351,4.8,False,
FB000856,Dresses,Nike,North,Delhi,Flagship,Winter,XL,Green,1564.49,10.2,1404.91,2025-06-20,135,3.2,False,
FB000857,Shoes,Levis,North,Delhi,Outlet,Spring,S,White,2041.94,43.2,1159.82,2025-09-06,122,5.0,True,Color Mismatch
FB000858,Bottoms,FabIndia,North,Kanpur,Boutique,Summer,S,Pink,2177.36,4.7,2075.02,2025-01-24,122,2.6,False,
FB000859,Bottoms,Allen Solly,West,Surat,Outlet,Fall,XL,Grey,2281.16,41.0,1345.88,2025-03-16,95,2.7,True,Damaged
FB000860,Outerwear,Allen Solly,Central,Indore,Flagship,Fall,L,White,1211.49,11.7,1069.75,2025-07-20,327,2.2,False,
FB000861,Tops,H&M,Central,Indore,Boutique,Fall,L,Black,799.67,21.7,626.14,2025-05-09,270,3.2,False,
FB000862,Accessories,Allen Solly,South,Hyderabad,Outlet,Summer,S,Black,1004.83,33.9,664.19,2025-12-15,69,3.5,False,
FB000863,Accessories,Nike,South,Hyderabad,Boutique,Fall,M,Pink,1731.53,27.4,1257.09,2025-01-14,210,3.5,True,Size Issue
FB000864,Outerwear,Puma,Central,Indore,Flagship,Summer,M,Blue,2773.57,45.2,1519.92,2025-08-23,417,3.7,False,
FB000865,Dresses,Nike,East,Kolkata,Flagship,Summer,XS,Pink,1895.81,22.2,1474.94,2025-09-17,232,3.1,True,Color Mismatch
FB000866,Outerwear,Zara,East,Kolkata,Flagship,Winter,XL,Blue,2404.64,42.5,1382.67,2025-03-19,23,4.4,True,Size Issue
FB000867,Shoes,FabIndia,West,Ahmedabad,Boutique,Summer,M,Blue,2720.05,0.6,2703.73,2025-04-13,169,2.3,True,
FB000868,Bottoms,Nike,South,Chennai,Outlet,Fall,XS,White,762.43,38.4,469.66,2025-11-21,144,2.2,False,
FB000869,Outerwear,H&M,East,Kolkata,Flagship,Fall,XS,Blue,1925.96,25.3,1438.69,2025-10-19,236,2.6,True,Late Delivery
FB000870,Outerwear,Levis,East,Kolkata,Flagship,Winter,L,Pink,2409.94,24.8,1812.27,2025-04-30,262,4.3,True,Late Delivery
FB000871,Tops,Levis,Central,Indore,Boutique,Fall,XS,Green,1393.07,12.7,1216.15,2025-08-10,78,3.1,False,
FB000872,Shoes,Adidas,South,Bangalore,Outlet,Fall,S,Red,1958.02,43.3,1110.2,2025-12-25,69,2.8,True,Size Issue
FB000873,Outerwear,Levis,West,Surat,Flagship,Summer,S,Black,1236.93,9.0,1125.61,2025-03-07,101,4.0,False,
FB000874,Dresses,FabIndia,East,Kolkata,Flagship,Winter,XS,Green,2769.65,32.9,1858.44,2025-10-21,182,2.7,False,
FB000875,Shoes,FabIndia,Central,Indore,Boutique,Fall,XS,Grey,1225.17,16.8,1019.34,2025-06-13,309,4.8,True,Damaged
FB000876,Accessories,Allen Solly,South,Bangalore,Boutique,Summer,L,White,2789.28,11.3,2474.09,2025-05-05,338,4.2,True,Damaged
FB000877,Dresses,Zara,East,Kolkata,Flagship,Spring,L,Blue,1762.05,47.0,933.89,2025-05-21,105,3.5,False,
FB000878,Dresses,H&M,East,Kolkata,Flagship,Winter,M,Blue,2463.31,39.4,1492.77,2025-05-29,94,3.5,False,
FB000879,Tops,FabIndia,East,Kolkata,Outlet,Spring,XL,Red,2198.14,42.3,1268.33,2025-05-01,222,2.6,True,Size Issue
FB000880,Tops,Nike,West,Nagpur,Boutique,Summer,XS,Brown,1513.28,1.9,1484.53,2025-08-18,173,2.1,False,
FB000881,Tops,H&M,West,Surat,Boutique,Summer,M,Pink,2907.89,0.3,2899.17,2025-10-19,419,2.8,False,
FB000882,Bottoms,Allen Solly,West,Pune,Boutique,Fall,L,Green,1643.8,29.4,1160.52,2025-04-29,302,3.4,True,Color Mismatch
FB000883,Bottoms,Puma,Central,Indore,Outlet,Spring,S,Brown,956.81,45.7,519.55,2025-01-20,318,4.0,True,Color Mismatch
FB000884,Shoes,Allen Solly,North,Lucknow,Outlet,Spring,XL,Blue,2195.08,30.4,1527.78,2025-08-18,170,3.3,False,
FB000885,Tops,Allen Solly,Central,Indore,Outlet,Fall,XL,Blue,2536.33,34.5,1661.3,2025-06-17,159,2.8,True,Color Mismatch
FB000886,Dresses,Adidas,West,Mumbai,Flagship,Spring,M,Brown,2478.23,42.3,1429.94,2025-06-22,67,4.1,True,Damaged
FB000887,Accessories,FabIndia,West,Pune,Boutique,Summer,L,Brown,1572.07,15.7,1325.26,2025-08-31,121,3.2,True,Size Issue
FB000888,Outerwear,Puma,West,Pune,Flagship,Spring,L,Pink,2252.21,43.6,1270.25,2025-06-13,318,4.5,True,Color Mismatch
FB000889,Accessories,Adidas,South,Bangalore,Boutique,Fall,L,Blue,2518.1,6.9,2344.35,2025-06-05,62,4.7,True,Size Issue
FB000890,Outerwear,Adidas,East,Kolkata,Flagship,Fall,S,Grey,729.73,41.0,430.54,2025-01-13,281,4.7,True,Late Delivery
FB000891,Accessories,FabIndia,North,Delhi,Outlet,Summer,XL,Grey,1266.64,45.9,685.25,2025-04-03,20,5.0,True,Color Mismatch
FB000892,Tops,Allen Solly,East,Kolkata,Outlet,Winter,M,Grey,1848.34,38.9,1129.34,2025-10-04,167,3.7,True,Damaged
FB000893,Dresses,Puma,West,Ahmedabad,Flagship,Summer,XL,Grey,2328.31,10.2,2090.82,2025-09-02,401,3.9,True,Late Delivery
FB000894,Shoes,Nike,North,Jaipur,Outlet,Summer,S,Blue,1098.62,35.3,710.81,2025-11-04,125,2.3,True,Late Delivery
FB000895,Tops,Adidas,East,Kolkata,Boutique,Summer,S,Pink,1845.02,4.6,1760.15,2025-07-21,406,3.3,True,Color Mismatch
FB000896,Accessories,Zara,North,Kanpur,Outlet,Winter,M,Red,2305.78,33.3,1537.96,2025-03-30,85,3.8,True,Size Issue
FB000897,Dresses,FabIndia,North,Kanpur,Flagship,Summer,M,Grey,2252.82,4.7,2146.94,2025-01-24,409,4.0,True,Size Issue
FB000898,Dresses,Adidas,South,Hyderabad,Flagship,Fall,S,Grey,2815.92,34.4,1847.24,2025-06-13,307,4.5,True,Size Issue
FB000899,Bottoms,Levis,Central,Indore,Outlet,Summer,XL,White,1706.95,39.5,1032.7,2025-06-02,211,3.0,True,Damaged
FB000900,Bottoms,Puma,West,Nagpur,Outlet,Spring,XL,Red,1856.56,47.6,972.84,2025-06-15,25,3.5,False,
FB000901,Dresses,Allen Solly,Central,Indore,Flagship,Spring,XS,Pink,1980.43,10.5,1772.48,2025-03-28,423,5.0,True,
FB000902,Dresses,Nike,North,Delhi,Flagship,Summer,S,Grey,727.43,41.1,428.46,2025-03-15,120,4.8,False,
FB000903,Outerwear,Zara,East,Kolkata,Flagship,Winter,XS,Red,1959.92,18.6,1595.37,2025-03-04,117,2.3,True,Damaged
FB000904,Tops,Puma,Central,Indore,Boutique,Summer,XL,Blue,2126.39,9.6,1922.26,2025-03-30,411,3.3,False,
FB000905,Bottoms,Allen Solly,East,Kolkata,Outlet,Summer,XL,Grey,2012.84,43.7,1133.23,2025-04-22,85,3.9,False,
FB000906,Shoes,Uniqlo,South,Hyderabad,Boutique,Fall,M,Blue,1016.33,28.6,725.66,2025-10-25,245,2.7,False,
FB000907,Bottoms,Adidas,Central,Indore,Boutique,Summer,M,Grey,1688.19,23.2,1296.53,2025-06-28,491,3.0,True,Color Mismatch
FB000908,Tops,FabIndia,Central,Indore,Boutique,Winter,XS,Red,2952.41,27.7,2134.59,2025-06-24,50,2.3,True,Size Issue
FB000909,Tops,Levis,North,Jaipur,Boutique,Fall,XS,Green,733.76,26.0,542.98,2025-02-01,238,2.4,True,Size Issue
FB000910,Shoes,Adidas,East,Kolkata,Outlet,Fall,XS,Black,1131.66,39.5,684.65,2025-10-28,110,2.9,False,
FB000911,Dresses,Nike,East,Kolkata,Flagship,Winter,XL,Grey,2565.57,38.0,1590.65,2025-12-10,167,3.6,False,
FB000912,Bottoms,Nike,South,Chennai,Boutique,Summer,M,Black,1745.83,1.4,1721.39,2025-05-08,369,2.4,False,
FB000913,Bottoms,Uniqlo,West,Mumbai,Outlet,Spring,L,Brown,1029.38,40.1,616.6,2025-11-15,427,2.3,False,
FB000914,Outerwear,H&M,North,Delhi,Flagship,Winter,XL,Pink,1799.56,45.0,989.76,2025-08-30,19,3.0,False,
FB000915,Dresses,Zara,Central,Indore,Flagship,Spring,XL,Pink,1583.82,17.0,1314.57,2025-01-31,272,4.5,True,Late Delivery
FB000916,Shoes,Puma,West,Surat,Boutique,Fall,XS,Grey,2301.36,18.9,1866.4,2025-02-08,310,3.2,False,
FB000917,Tops,Zara,East,Kolkata,Boutique,Fall,S,Brown,1364.16,28.9,969.92,2025-08-21,214,3.1,True,Color Mismatch
FB000918,Tops,Uniqlo,South,Chennai,Boutique,Winter,L,Pink,2615.15,2.2,2557.62,2025-12-27,86,4.5,True,Damaged
FB000919,Outerwear,FabIndia,West,Surat,Flagship,Fall,XL,Blue,806.15,32.4,544.96,2025-10-09,265,4.6,False,
FB000920,Accessories,H&M,Central,Indore,Boutique,Fall,M,Red,2258.54,1.7,2220.14,2025-09-06,37,2.0,False,
FB000921,Tops,FabIndia,East,Kolkata,Outlet,Spring,S,Pink,2974.67,41.2,1749.11,2025-02-17,130,3.1,True,Size Issue
FB000922,Tops,H&M,Central,Indore,Boutique,Winter,XS,Grey,2990.65,17.8,2458.31,2025-09-20,215,4.3,False,
FB000923,Tops,Puma,South,Hyderabad,Boutique,Spring,M,Brown,2733.57,21.6,2143.12,2025-06-25,107,4.1,True,Color Mismatch
FB000924,Tops,Allen Solly,East,Kolkata,Boutique,Spring,L,Brown,1186.43,6.1,1114.06,2025-02-28,175,2.9,True,Damaged
FB000925,Accessories,Levis,South,Chennai,Boutique,Winter,M,Brown,1741.25,25.8,1292.01,2025-09-01,320,4.2,False,
FB000926,Tops,Levis,Central,Indore,Outlet,Winter,XL,Brown,878.02,31.5,601.44,2025-05-26,429,2.7,True,Damaged
FB000927,Tops,Puma,South,Bangalore,Boutique,Winter,S,Pink,689.47,24.4,521.24,2025-01-08,449,4.6,True,Damaged
FB000928,Dresses,Adidas,South,Chennai,Flagship,Summer,S,Black,1811.18,9.0,1648.17,2025-06-26,422,4.7,True,
FB000929,Accessories,FabIndia,South,Bangalore,Boutique,Summer,XL,Blue,1409.27,2.2,1378.27,2025-05-26,157,3.6,False,
FB000930,Dresses,Levis,Central,Indore,Flagship,Fall,S,Red,566.34,8.5,518.2,2025-02-17,401,3.5,True,Damaged
FB000931,Shoes,H&M,East,Kolkata,Boutique,Summer,XL,Blue,2909.59,22.4,2257.84,2025-12-01,14,4.2,False,
FB000932,Shoes,H&M,Central,Indore,Outlet,Spring,XL,Green,1017.46,42.9,580.97,2025-09-11,54,3.3,True,
FB000933,Accessories,H&M,Central,Indore,Boutique,Summer,XL,White,725.14,7.1,673.66,2025-04-09,323,4.8,True,Color Mismatch
FB000934,Shoes,Puma,North,Kanpur,Outlet,Fall,L,White,2748.09,45.5,1497.71,2025-04-01,496,4.1,True,Color Mismatch
FB000935,Bottoms,FabIndia,North,Delhi,Boutique,Summer,M,Pink,2380.02,18.5,1939.72,2025-10-31,253,3.8,True,Damaged
FB000936,Dresses,Allen Solly,West,Surat,Flagship,Summer,XS,Black,2593.71,27.3,1885.63,2025-10-20,226,2.4,True,
FB000937,Tops,Zara,Central,Indore,Outlet,Spring,M,Blue,1112.55,35.2,720.93,2025-06-08,128,2.9,True,Size Issue
FB000938,Tops,Zara,West,Nagpur,Outlet,Fall,M,Grey,922.51,39.8,555.35,2025-06-27,139,3.2,False,
FB000939,Outerwear,Nike,South,Hyderabad,Flagship,Summer,M,Green,972.94,41.4,570.14,2025-10-16,434,2.8,False,
FB000940,Accessories,H&M,West,Mumbai,Boutique,Spring,XL,Brown,2822.27,11.3,2503.35,2025-07-22,105,4.8,True,Color Mismatch
FB000941,Tops,Zara,East,Kolkata,Boutique,Winter,L,Green,2531.61,29.8,1777.19,2025-12-11,249,3.3,False,
FB000942,Dresses,Levis,East,Kolkata,Flagship,Summer,XS,Green,2959.22,46.4,1586.14,2025-10-24,346,4.5,False,
FB000943,Dresses,Puma,North,Kanpur,Flagship,Fall,M,Red,1314.91,42.0,762.65,2025-12-18,438,3.4,False,
FB000944,Bottoms,Allen Solly,South,Chennai,Boutique,Fall,XS,Red,2052.21,24.3,1553.52,2025-11-06,454,4.0,True,Size Issue
FB000945,Tops,Levis,East,Kolkata,Boutique,Spring,XS,Green,1493.71,0.8,1481.76,2025-06-10,273,2.5,True,
FB000946,Dresses,H&M,North,Jaipur,Flagship,Summer,S,Brown,2652.26,8.8,2418.86,2025-10-07,440,2.2,True,Damaged
FB000947,Tops,Puma,North,Lucknow,Boutique,Winter,L,Blue,2554.04,18.7,2076.43,2025-09-08,38,4.0,True,
FB000948,Tops,Allen Solly,West,Surat,Outlet,Summer,M,Pink,2112.43,38.8,1292.81,2025-04-11,331,3.2,True,
FB000949,Outerwear,FabIndia,West,Nagpur,Flagship,Summer,XL,Pink,2495.2,23.7,1903.84,2025-11-18,320,4.2,True,Late Delivery
FB000950,Dresses,Levis,South,Bangalore,Flagship,Fall,M,Pink,820.32,11.6,725.16,2025-04-15,450,2.4,False,
FB000951,Tops,Zara,Central,Indore,Outlet,Winter,L,Brown,2526.5,38.7,1548.74,2025-07-06,395,4.2,True,Late Delivery
FB000952,Dresses,H&M,North,Lucknow,Flagship,Summer,S,Black,2321.79,33.3,1548.63,2025-03-11,437,2.8,False,
FB000953,Dresses,H&M,East,Kolkata,Flagship,Spring,L,Red,2327.92,39.4,1410.72,2025-05-18,334,3.5,False,
FB000954,Tops,H&M,Central,Indore,Outlet,Summer,M,White,712.54,43.8,400.45,2025-12-21,281,4.2,True,Size Issue
FB000955,Dresses,Nike,South,Hyderabad,Flagship,Winter,XS,Pink,2160.4,2.0,2117.19,2025-03-26,84,2.8,False,
FB000956,Dresses,Adidas,South,Bangalore,Flagship,Winter,L,White,1062.27,1.7,1044.21,2025-01-04,234,4.3,True,Late Delivery
FB000957,Accessories,Uniqlo,North,Kanpur,Outlet,Summer,L,White,1377.6,42.6,790.74,2025-05-27,340,2.7,True,Size Issue
FB000958,Outerwear,Puma,North,Jaipur,Flagship,Winter,XL,Brown,871.26,49.8,437.37,2025-07-08,238,3.7,True,Damaged
FB000959,Outerwear,Uniqlo,South,Chennai,Flagship,Winter,XS,Red,1659.36,11.4,1470.19,2025-12-30,402,4.2,True,Late Delivery
FB000960,Tops,Allen Solly,West,Surat,Outlet,Summer,L,Grey,2205.83,37.6,1376.44,2025-08-11,231,3.7,True,Damaged
FB000961,Bottoms,Uniqlo,North,Delhi,Outlet,Winter,L,Black,1774.81,42.5,1020.52,2025-06-19,90,2.2,True,Late Delivery
FB000962,Shoes,H&M,South,Chennai,Outlet,Summer,M,Grey,894.61,35.8,574.34,2025-08-02,423,3.7,True,Damaged
FB000963,Accessories,FabIndia,Central,Indore,Outlet,Summer,S,Red,2802.22,50.0,1401.11,2025-06-05,161,4.9,True,Damaged
FB000964,Bottoms,Adidas,West,Nagpur,Boutique,Winter,S,Pink,799.82,21.6,627.06,2025-06-19,11,3.0,False,
FB000965,Tops,Zara,North,Delhi,Outlet,Summer,XL,Green,1791.99,41.9,1041.15,2025-03-02,62,3.5,False,
FB000966,Dresses,Allen Solly,West,Ahmedabad,Flagship,Summer,XL,Pink,2241.48,11.3,1988.19,2025-03-16,67,2.7,True,Damaged
FB000967,Bottoms,FabIndia,West,Surat,Boutique,Summer,M,Blue,636.93,6.3,596.8,2025-07-29,336,2.3,False,
FB000968,Tops,Nike,East,Kolkata,Boutique,Summer,XL,Pink,1812.84,21.0,1432.14,2025-08-24,202,3.4,True,
FB000969,Tops,Nike,West,Ahmedabad,Boutique,Fall,XL,Black,2469.82,17.6,2035.13,2025-09-08,468,2.1,False,
FB000970,Accessories,Puma,East,Kolkata,Boutique,Spring,L,Blue,913.33,19.4,736.14,2025-06-28,231,4.1,False,
FB000971,Accessories,Levis,East,Kolkata,Boutique,Winter,L,Pink,1077.85,14.8,918.33,2025-10-02,200,3.5,True,Color Mismatch
FB000972,Accessories,Uniqlo,North,Delhi,Outlet,Winter,S,Blue,1191.17,33.0,798.08,2025-12-11,25,3.2,True,
FB000973,Bottoms,Allen Solly,North,Kanpur,Boutique,Fall,L,Grey,801.3,24.5,604.98,2025-05-07,268,3.9,True,Late Delivery
FB000974,Tops,Puma,East,Kolkata,Boutique,Winter,M,Black,2297.78,13.8,1980.69,2025-01-20,337,4.0,False,
FB000975,Outerwear,Nike,West,Mumbai,Flagship,Summer,M,Grey,829.48,43.9,465.34,2025-03-19,312,2.2,False,
FB000976,Outerwear,Puma,Central,Indore,Flagship,Summer,L,Brown,1455.5,21.0,1149.85,2025-08-05,429,3.7,False,
FB000977,Tops,FabIndia,South,Chennai,Boutique,Spring,XL,Red,1299.22,16.8,1080.95,2025-01-12,313,3.5,True,Color Mismatch
FB000978,Outerwear,FabIndia,East,Kolkata,Flagship,Winter,M,Blue,895.0,28.4,640.82,2025-09-01,282,4.8,True,Damaged
FB000979,Accessories,Puma,South,Chennai,Boutique,Summer,S,Pink,2149.73,28.5,1537.06,2025-09-14,490,3.6,True,
FB000980,Tops,H&M,East,Kolkata,Boutique,Spring,L,Green,1889.65,18.4,1541.95,2025-11-05,361,3.9,False,
FB000981,Tops,Zara,North,Lucknow,Outlet,Fall,M,Green,856.34,35.4,553.2,2025-10-22,222,2.3,True,Size Issue
FB000982,Tops,Uniqlo,North,Lucknow,Boutique,Summer,S,Black,2870.29,11.7,2534.47,2025-01-07,205,3.1,True,Late Delivery
FB000983,Accessories,Zara,East,Kolkata,Boutique,Fall,L,Brown,1317.38,6.6,1230.43,2025-03-27,472,2.8,False,
FB000984,Tops,Zara,North,Kanpur,Boutique,Summer,XL,Grey,2495.48,0.3,2487.99,2025-04-23,320,3.1,False,
FB000985,Bottoms,Allen Solly,East,Kolkata,Boutique,Fall,XL,Brown,2740.4,9.5,2480.06,2025-08-11,285,2.0,False,
FB000986,Dresses,Uniqlo,North,Lucknow,Flagship,Spring,S,Green,2785.69,18.9,2259.19,2025-02-06,265,4.0,False,
FB000987,Accessories,Allen Solly,East,Kolkata,Outlet,Summer,L,Blue,2769.44,40.7,1642.28,2025-09-18,379,3.7,False,
FB000988,Tops,Uniqlo,East,Kolkata,Boutique,Fall,XL,Grey,1089.54,12.9,948.99,2025-07-02,399,4.5,True,
FB000989,Outerwear,Nike,East,Kolkata,Flagship,Spring,XL,Green,2108.58,10.0,1897.72,2025-10-18,247,3.1,False,
FB000990,Shoes,FabIndia,East,Kolkata,Boutique,Summer,XL,Green,1013.1,27.9,730.45,2025-08-10,162,3.5,True,Color Mismatch
FB000991,Tops,Puma,Central,Indore,Boutique,Summer,L,White,2958.45,12.4,2591.6,2025-08-06,211,3.7,True,Damaged
FB000992,Dresses,Levis,East,Kolkata,Flagship,Fall,XS,Grey,1192.27,30.3,831.01,2025-08-13,171,2.1,False,
FB000993,Outerwear,Allen Solly,West,Ahmedabad,Flagship,Summer,S,Pink,1652.49,14.3,1416.18,2025-03-29,177,2.7,True,
FB000994,Accessories,Nike,East,Kolkata,Boutique,Winter,XS,Green,1356.77,2.3,1325.56,2025-03-17,240,4.8,True,Size Issue
FB000995,Dresses,Uniqlo,West,Pune,Flagship,Summer,XL,Black,1353.17,30.7,937.75,2025-01-12,264,3.0,False,
FB000996,Outerwear,FabIndia,South,Hyderabad,Flagship,Summer,XS,Black,1025.69,18.6,834.91,2025-05-30,27,3.6,False,
FB000997,Outerwear,H&M,Central,Indore,Flagship,Winter,M,Red,1608.07,18.2,1315.4,2025-11-06,26,4.0,False,
FB000998,Outerwear,Levis,Central,Indore,Flagship,Summer,L,Pink,1754.58,12.8,1529.99,2025-08-01,313,2.9,False,
FB000999,Dresses,FabIndia,Central,Indore,Flagship,Winter,L,Grey,710.41,48.7,364.44,2025-12-15,404,3.0,True,
FB001000,Tops,Adidas,South,Hyderabad,Boutique,Winter,XL,Brown,2502.17,10.7,2234.44,2025-08-16,27,4.1,False,
FB001001,Tops,H&M,Central,Indore,Boutique,Winter,S,White,698.83,11.8,616.37,2025-12-09,319,4.9,False,
FB001002,Outerwear,Uniqlo,Central,Indore,Flagship,Spring,M,Black,2546.29,0.7,2528.47,2025-11-23,153,2.8,False,
FB001003,Tops,Levis,Central,Indore,Outlet,Fall,XS,Red,1330.44,30.5,924.66,2025-07-31,11,2.4,False,
FB001004,Outerwear,Uniqlo,South,Hyderabad,Flagship,Summer,M,Red,2889.27,34.1,1904.03,2025-08-14,454,4.2,False,
FB001005,Tops,Levis,North,Delhi,Boutique,Spring,M,Green,1914.64,24.0,1455.13,2025-01-28,295,4.8,True,
FB001006,Tops,FabIndia,South,Chennai,Outlet,Winter,S,Brown,2191.51,38.7,1343.4,2025-11-19,194,3.3,True,Color Mismatch
FB001007,Dresses,Puma,South,Bangalore,Flagship,Summer,M,Grey,1109.72,34.6,725.76,2025-07-10,254,2.1,True,Late Delivery
FB001008,Bottoms,Nike,South,Bangalore,Boutique,Winter,XS,Red,2832.62,7.0,2634.34,2025-12-10,278,4.7,False,
FB001009,Bottoms,Zara,North,Jaipur,Boutique,Fall,XL,Black,1915.54,25.0,1436.65,2025-08-19,425,2.9,True,Damaged
FB001010,Bottoms,Zara,West,Ahmedabad,Boutique,Fall,S,Blue,2966.95,27.7,2145.1,2025-09-22,157,3.7,False,
FB001011,Bottoms,Nike,East,Kolkata,Outlet,Winter,L,Blue,567.42,31.0,391.52,2025-06-27,287,2.7,True,Damaged
FB001012,Shoes,Levis,West,Surat,Outlet,Fall,S,Black,2822.66,48.1,1464.96,2025-05-15,42,4.7,True,Late Delivery
FB001013,Accessories,Nike,East,Kolkata,Boutique,Spring,M,Grey,2346.41,18.4,1914.67,2025-09-08,70,3.9,False,
FB001014,Outerwear,Zara,Central,Indore,Flagship,Winter,XS,Blue,2113.19,16.5,1764.51,2025-03-01,44,4.5,True,
FB001015,Bottoms,Zara,East,Kolkata,Outlet,Winter,L,Brown,1416.05,30.5,984.15,2025-09-19,472,2.8,True,Late Delivery
FB001016,Tops,Uniqlo,North,Jaipur,Boutique,Winter,M,Pink,1654.2,13.7,1427.57,2025-02-22,429,3.8,True,Color Mismatch
FB001017,Bottoms,Nike,North,Jaipur,Outlet,Fall,XL,Grey,1146.13,34.8,747.28,2025-05-23,125,3.0,False,
FB001018,Outerwear,Uniqlo,South,Bangalore,Flagship,Summer,L,Green,2512.63,48.6,1291.49,2025-05-19,429,4.3,True,
FB001019,Outerwear,Levis,East,Kolkata,Flagship,Spring,S,Green,1357.13,24.4,1025.99,2025-04-13,180,2.5,False,
FB001020,Tops,Puma,South,Bangalore,Boutique,Winter,XS,White,1330.1,14.9,1131.92,2025-01-08,84,4.4,False,
FB001021,Outerwear,Adidas,West,Nagpur,Flagship,Fall,S,Red,1093.38,35.2,708.51,2025-12-15,36,4.1,True,Late Delivery
FB001022,Bottoms,Uniqlo,East,Kolkata,Outlet,Fall,S,Red,1273.48,33.1,851.96,2025-08-31,118,2.4,False,
FB001023,Dresses,Nike,Central,Indore,Flagship,Winter,M,White,2490.76,1.5,2453.4,2025-07-03,222,3.5,True,Size Issue
FB001024,Bottoms,Zara,North,Lucknow,Boutique,Spring,M,Pink,844.46,0.9,836.86,2025-05-08,382,3.8,False,
FB001025,Accessories,Uniqlo,East,Kolkata,Boutique,Winter,M,Grey,2310.42,6.1,2169.48,2025-08-31,464,2.5,False,
FB001026,Accessories,Puma,South,Bangalore,Boutique,Fall,XS,Brown,1850.37,29.2,1310.06,2025-07-12,406,3.1,True,Size Issue
FB001027,Accessories,Puma,South,Hyderabad,Outlet,Spring,XL,Grey,2391.96,40.7,1418.43,2025-01-18,345,3.6,False,
FB001028,Bottoms,Adidas,North,Jaipur,Outlet,Summer,XL,Blue,2906.14,44.6,1610.0,2025-11-07,237,4.5,False,
FB001029,Accessories,Puma,Central,Indore,Boutique,Winter,S,Pink,1361.34,3.2,1317.78,2025-07-30,328,2.2,False,
FB001030,Dresses,Uniqlo,North,Jaipur,Flagship,Summer,S,Red,2985.81,16.2,2502.11,2025-06-09,214,3.6,False,
FB001031,Tops,Zara,North,Lucknow,Boutique,Fall,XL,Blue,2771.41,24.2,2100.73,2025-07-19,396,2.1,False,
FB001032,Dresses,Levis,West,Pune,Flagship,Winter,M,Green,2924.99,25.8,2170.34,2025-10-09,354,4.6,True,
FB001033,Outerwear,Uniqlo,South,Hyderabad,Flagship,Fall,XL,Blue,839.82,25.7,623.99,2025-12-29,211,2.0,False,
FB001034,Dresses,H&M,East,Kolkata,Flagship,Fall,L,Blue,637.93,33.6,423.59,2025-12-13,224,3.8,False,
FB001035,Tops,Nike,South,Chennai,Boutique,Fall,XS,Brown,2264.17,22.5,1754.73,2025-03-16,313,3.5,True,Size Issue
FB001036,Shoes,H&M,West,Surat,Boutique,Spring,XL,Blue,2567.04,29.1,1820.03,2025-03-02,257,3.3,True,Size Issue
FB001037,Tops,Adidas,North,Jaipur,Outlet,Summer,S,Blue,2935.62,46.6,1567.62,2025-03-28,123,3.4,True,Damaged
FB001038,Tops,Puma,South,Bangalore,Boutique,Winter,XL,Pink,2420.34,11.4,2144.42,2025-02-07,61,3.0,False,
FB001039,Shoes,Nike,Central,Indore,Boutique,Winter,L,Green,1541.07,21.8,1205.12,2025-12-28,313,4.7,False,
FB001040,Outerwear,Zara,East,Kolkata,Flagship,Fall,L,Green,1679.14,3.5,1620.37,2025-01-15,410,2.9,True,Color Mismatch
FB001041,Shoes,H&M,East,Kolkata,Boutique,Winter,XL,White,978.71,5.3,926.84,2025-02-01,220,4.9,True,Size Issue
FB001042,Shoes,Adidas,Central,Indore,Outlet,Spring,S,Black,1623.41,45.7,881.51,2025-02-21,232,2.1,False,
FB001043,Bottoms,Zara,South,Bangalore,Outlet,Summer,XL,Brown,1848.83,35.5,1192.5,2025-12-05,94,2.5,True,Damaged
FB001044,Outerwear,Uniqlo,South,Chennai,Flagship,Fall,L,Grey,2554.06,31.5,1749.53,2025-07-10,341,2.7,True,
FB001045,Dresses,Allen Solly,North,Jaipur,Flagship,Winter,M,Brown,2810.39,34.8,1832.37,2025-07-05,484,4.5,False,
FB001046,Tops,Puma,West,Mumbai,Outlet,Winter,S,Blue,2367.9,45.1,1299.98,2025-03-07,286,2.8,True,Damaged
FB001047,Dresses,Nike,West,Mumbai,Flagship,Winter,XS,White,2354.4,42.9,1344.36,2025-04-18,160,3.2,True,Color Mismatch
FB001048,Tops,Zara,East,Kolkata,Outlet,Winter,XS,White,1633.3,48.4,842.78,2025-12-01,466,3.2,True,Late Delivery
FB001049,Outerwear,H&M,South,Hyderabad,Flagship,Winter,M,Red,1750.52,35.9,1122.08,2025-07-21,338,4.9,True,Color Mismatch
FB001050,Dresses,Nike,West,Surat,Flagship,Summer,M,Brown,2999.78,23.0,2309.83,2025-10-18,315,3.9,False,
FB001051,Bottoms,Nike,East,Kolkata,Outlet,Summer,M,White,1784.74,48.7,915.57,2025-01-12,427,2.7,False,
FB001052,Outerwear,Uniqlo,Central,Indore,Flagship,Spring,L,Blue,2500.76,18.5,2038.12,2025-01-18,291,2.1,True,Color Mismatch
FB001053,Outerwear,FabIndia,West,Pune,Flagship,Spring,M,Grey,1239.48,27.5,898.62,2025-12-21,353,4.5,False,
FB001054,Outerwear,Nike,West,Mumbai,Flagship,Spring,XS,Brown,962.61,48.6,494.78,2025-12-30,43,2.0,True,
FB001055,Shoes,Nike,Central,Indore,Boutique,Winter,XS,Red,2927.75,2.2,2863.34,2025-05-06,284,4.4,True,Color Mismatch
FB001056,Bottoms,Zara,East,Kolkata,Boutique,Fall,S,Red,2111.5,26.4,1554.06,2025-10-20,76,3.5,True,
FB001057,Shoes,Nike,Central,Indore,Boutique,Fall,M,White,2049.76,11.1,1822.24,2025-08-11,197,3.0,False,
FB001058,Outerwear,H&M,Central,Indore,Flagship,Winter,S,Red,1005.89,36.8,635.72,2025-05-10,39,2.0,True,Color Mismatch
FB001059,Accessories,Zara,West,Mumbai,Boutique,Fall,M,Red,1225.2,18.7,996.09,2025-08-21,275,4.9,True,Color Mismatch
FB001060,Shoes,FabIndia,South,Chennai,Outlet,Winter,M,Pink,2802.9,42.0,1625.68,2025-07-11,407,2.1,False,
FB001061,Tops,H&M,East,Kolkata,Boutique,Winter,L,Brown,2928.57,6.4,2741.14,2025-07-24,21,4.3,False,
FB001062,Accessories,H&M,Central,Indore,Outlet,Fall,S,Pink,2919.58,41.4,1710.87,2025-03-05,336,2.2,True,Damaged
FB001063,Tops,Levis,East,Kolkata,Boutique,Spring,S,Pink,1419.55,23.8,1081.7,2025-06-30,301,3.7,False,
FB001064,Bottoms,Zara,East,Kolkata,Boutique,Winter,S,Pink,2288.44,20.0,1830.75,2025-08-28,443,3.9,False,
FB001065,Bottoms,Puma,Central,Indore,Outlet,Spring,M,Green,2942.43,42.1,1703.67,2025-12-27,212,4.8,True,
FB001066,Shoes,Zara,South,Bangalore,Outlet,Summer,XS,Pink,2924.93,31.3,2009.43,2025-05-18,325,4.1,False,
FB001067,Bottoms,H&M,East,Kolkata,Outlet,Winter,S,White,2283.04,42.7,1308.18,2025-06-01,393,3.2,True,Late Delivery
FB001068,Tops,Levis,North,Delhi,Outlet,Summer,XS,White,1183.85,37.5,739.91,2025-06-06,453,2.5,True,Size Issue
FB001069,Bottoms,Levis,Central,Indore,Outlet,Summer,XS,Red,2885.52,35.1,1872.7,2025-07-22,99,2.1,True,Color Mismatch
FB001070,Shoes,Nike,Central,Indore,Boutique,Winter,XL,Blue,2018.07,5.7,1903.04,2025-09-13,457,4.0,False,
FB001071,Dresses,Allen Solly,North,Kanpur,Flagship,Fall,XS,White,814.67,18.6,663.14,2025-07-27,284,2.0,False,
FB001072,Tops,H&M,West,Nagpur,Boutique,Fall,XL,Green,1647.52,24.6,1242.23,2025-05-24,486,3.0,False,
FB001073,Outerwear,Adidas,North,Kanpur,Flagship,Winter,XS,Blue,2551.95,49.4,1291.29,2025-08-16,241,2.7,True,Damaged
FB001074,Outerwear,Zara,West,Nagpur,Flagship,Winter,L,Pink,1453.95,5.0,1381.25,2025-08-05,426,3.0,False,
FB001075,Tops,Nike,North,Jaipur,Boutique,Fall,M,Grey,2946.54,11.2,2616.53,2025-07-14,486,3.1,False,
FB001076,Outerwear,Levis,West,Pune,Flagship,Fall,L,Pink,683.61,42.7,391.71,2025-12-25,107,4.6,True,Size Issue
FB001077,Dresses,Nike,Central,Indore,Flagship,Fall,XL,Blue,1384.6,6.5,1294.6,2025-11-17,421,3.5,False,
FB001078,Tops,Levis,South,Chennai,Boutique,Fall,XL,White,902.48,0.7,896.16,2025-10-24,267,3.8,False,
FB001079,Accessories,FabIndia,West,Nagpur,Boutique,Summer,XS,Green,1799.23,15.6,1518.55,2025-12-09,187,2.8,False,
FB001080,Outerwear,Puma,West,Pune,Flagship,Spring,L,White,1155.25,9.1,1050.12,2025-12-12,244,2.3,True,Color Mismatch
FB001081,Tops,Nike,East,Kolkata,Boutique,Summer,XL,Blue,2862.62,14.6,2444.68,2025-12-14,207,4.1,False,
FB001082,Tops,Levis,North,Kanpur,Boutique,Fall,XL,Brown,1918.35,27.8,1385.05,2025-10-24,132,2.5,True,Color Mismatch
FB001083,Accessories,Adidas,South,Hyderabad,Boutique,Winter,XL,Red,1396.39,22.2,1086.39,2025-08-23,264,2.6,False,
FB001084,Dresses,FabIndia,South,Chennai,Flagship,Winter,XS,Green,1689.04,19.9,1352.92,2025-06-30,428,2.2,False,
FB001085,Tops,Adidas,North,Jaipur,Boutique,Spring,M,Grey,1303.74,6.5,1219.0,2025-08-06,151,3.0,False,
FB001086,Bottoms,H&M,West,Ahmedabad,Outlet,Winter,L,Pink,1290.57,36.8,815.64,2025-08-08,482,2.2,False,
FB001087,Shoes,Uniqlo,North,Delhi,Boutique,Summer,L,Grey,1256.84,17.0,1043.18,2025-09-18,118,2.4,False,
FB001088,Dresses,Puma,West,Ahmedabad,Flagship,Summer,S,Pink,1559.74,27.2,1135.49,2025-02-11,445,3.6,True,
FB001089,Tops,Adidas,North,Jaipur,Outlet,Winter,XS,Black,2973.86,34.7,1941.93,2025-10-21,412,2.0,False,
FB001090,Outerwear,H&M,North,Lucknow,Flagship,Spring,XL,Green,604.21,10.9,538.35,2025-05-19,478,3.9,False,
FB001091,Outerwear,FabIndia,North,Jaipur,Flagship,Winter,M,Brown,2919.34,39.5,1766.2,2025-09-04,116,2.0,False,
FB001092,Bottoms,Puma,East,Kolkata,Boutique,Spring,L,White,2530.0,28.4,1811.48,2025-01-10,98,2.7,False,
FB001093,Shoes,Levis,East,Kolkata,Boutique,Fall,XS,Green,1159.2,27.5,840.42,2025-05-06,135,4.6,True,Damaged
FB001094,Shoes,Allen Solly,North,Lucknow,Boutique,Winter,XL,Grey,2002.02,26.1,1479.49,2025-11-03,451,3.1,True,Color Mismatch
FB001095,Shoes,Zara,East,Kolkata,Boutique,Spring,XS,Grey,1863.88,1.7,1832.19,2025-12-20,411,4.3,False,
FB001096,Bottoms,Nike,East,Kolkata,Boutique,Fall,S,Grey,2237.95,6.5,2092.48,2025-04-30,313,4.7,True,
FB001097,Shoes,Uniqlo,West,Pune,Boutique,Summer,L,Black,1860.61,29.6,1309.87,2025-02-02,137,3.4,False,
FB001098,Accessories,Levis,North,Kanpur,Boutique,Spring,S,Red,2422.34,5.0,2301.22,2025-12-07,134,2.5,False,
FB001099,Dresses,Puma,East,Kolkata,Flagship,Summer,S,Blue,1637.35,36.3,1042.99,2025-09-26,113,4.6,False,
FB001100,Dresses,FabIndia,North,Kanpur,Flagship,Winter,S,White,2312.84,24.9,1736.94,2025-11-25,377,2.4,True,Color Mismatch
FB001101,Outerwear,Nike,West,Ahmedabad,Flagship,Spring,M,Black,1574.74,43.4,891.3,2025-07-07,392,4.0,True,Color Mismatch
FB001102,Tops,H&M,North,Delhi,Boutique,Spring,XL,Brown,1701.29,19.1,1376.34,2025-01-05,375,4.7,True,Size Issue
FB001103,Shoes,H&M,West,Nagpur,Boutique,Winter,XL,White,2928.41,7.6,2705.85,2025-02-12,108,4.7,True,Size Issue
FB001104,Bottoms,H&M,East,Kolkata,Boutique,Fall,XS,Brown,702.39,29.2,497.29,2025-07-25,194,2.2,False,
FB001105,Outerwear,H&M,East,Kolkata,Flagship,Winter,XS,Green,1563.63,3.2,1513.59,2025-09-18,13,3.7,True,Late Delivery
FB001106,Tops,Puma,East,Kolkata,Boutique,Winter,M,Black,1900.11,5.7,1791.8,2025-12-14,66,2.5,False,
FB001107,Tops,Allen Solly,East,Kolkata,Outlet,Summer,XS,Brown,2202.24,43.7,1239.86,2025-09-03,172,4.3,False,
FB001108,Tops,Adidas,West,Surat,Outlet,Spring,S,White,2538.0,44.0,1421.28,2025-06-04,232,3.7,True,
FB001109,Accessories,Allen Solly,South,Hyderabad,Boutique,Spring,XS,Blue,2123.42,13.3,1841.01,2025-06-15,177,4.5,False,
FB001110,Bottoms,Adidas,South,Bangalore,Boutique,Spring,L,Pink,1813.67,1.7,1782.84,2025-10-01,369,2.8,True,
FB001111,Accessories,H&M,Central,Indore,Boutique,Winter,S,Red,1660.06,3.2,1606.94,2025-11-02,58,4.0,True,Color Mismatch
FB001112,Shoes,H&M,South,Chennai,Outlet,Summer,XL,White,2455.7,34.9,1598.66,2025-06-12,62,3.0,True,Late Delivery
FB001113,Tops,Adidas,Central,Indore,Outlet,Winter,M,Brown,723.83,33.1,484.24,2025-07-11,243,2.4,True,Size Issue
FB001114,Outerwear,FabIndia,Central,Indore,Flagship,Summer,L,White,870.29,43.0,496.07,2025-04-18,413,2.2,False,
FB001115,Outerwear,Allen Solly,Central,Indore,Flagship,Spring,M,Brown,1800.99,47.1,952.72,2025-09-19,351,2.2,False,
FB001116,Dresses,Levis,South,Chennai,Flagship,Summer,L,Green,906.68,25.9,671.85,2025-04-30,196,3.8,False,
FB001117,Outerwear,Uniqlo,North,Kanpur,Flagship,Winter,XS,White,1686.09,17.9,1384.28,2025-04-15,303,4.6,True,Color Mismatch
FB001118,Dresses,Puma,East,Kolkata,Flagship,Fall,XL,Grey,1901.76,27.2,1384.48,2025-01-05,493,4.1,False,
FB001119,Bottoms,Zara,South,Hyderabad,Boutique,Summer,XL,Red,2477.14,1.0,2452.37,2025-05-30,343,2.4,True,
FB001120,Tops,Allen Solly,Central,Indore,Outlet,Winter,S,Blue,2104.79,42.1,1218.67,2025-10-01,199,2.1,True,Size Issue
FB001121,Tops,Levis,East,Kolkata,Boutique,Spring,M,Pink,768.86,21.9,600.48,2025-09-13,129,3.3,False,
FB001122,Accessories,Zara,South,Bangalore,Boutique,Summer,XS,Red,2158.65,25.0,1618.99,2025-06-12,283,2.9,False,
FB001123,Accessories,Levis,North,Lucknow,Boutique,Winter,M,Green,1939.57,6.6,1811.56,2025-12-16,240,3.3,True,Color Mismatch
FB001124,Accessories,Adidas,West,Pune,Boutique,Spring,L,Blue,808.72,15.1,686.6,2025-06-27,53,3.5,True,Size Issue
FB001125,Accessories,FabIndia,West,Pune,Boutique,Spring,M,Black,775.6,9.7,700.37,2025-07-10,151,4.9,True,Size Issue
FB001126,Outerwear,Nike,South,Hyderabad,Flagship,Spring,XL,Grey,2392.81,5.3,2265.99,2025-09-10,293,3.9,True,Color Mismatch
FB001127,Bottoms,Allen Solly,East,Kolkata,Outlet,Fall,XL,Brown,791.65,48.8,405.32,2025-12-04,150,4.0,True,Size Issue
FB001128,Shoes,Nike,East,Kolkata,Boutique,Winter,XL,Blue,2205.89,24.4,1667.65,2025-01-27,293,4.3,True,Size Issue
FB001129,Tops,Nike,West,Ahmedabad,Boutique,Spring,S,Grey,1033.23,7.3,957.8,2025-10-05,445,3.8,True,Late Delivery
FB001130,Bottoms,Zara,North,Lucknow,Outlet,Summer,M,Blue,2742.8,33.1,1834.93,2025-05-03,157,2.9,False,
FB001131,Bottoms,FabIndia,East,Kolkata,Outlet,Spring,XS,Black,711.01,47.3,374.7,2025-09-29,363,2.3,True,Late Delivery
FB001132,Shoes,Levis,South,Bangalore,Outlet,Winter,S,Brown,1796.96,48.9,918.25,2025-02-12,207,4.0,False,
FB001133,Bottoms,Nike,East,Kolkata,Boutique,Winter,L,Grey,2137.32,8.2,1962.06,2025-06-14,28,2.8,False,
FB001134,Outerwear,H&M,East,Kolkata,Flagship,Fall,XL,White,2253.98,30.3,1571.02,2025-01-15,145,4.9,False,
FB001135,Outerwear,H&M,Central,Indore,Flagship,Winter,L,Blue,581.03,26.4,427.64,2025-09-20,132,2.5,False,
FB001136,Outerwear,Nike,North,Jaipur,Flagship,Winter,S,Grey,1053.73,20.1,841.93,2025-01-01,275,4.0,True,Late Delivery
FB001137,Tops,Nike,East,Kolkata,Outlet,Winter,L,Blue,851.31,34.4,558.46,2025-01-04,475,4.5,True,Damaged
FB001138,Bottoms,Allen Solly,Central,Indore,Boutique,Fall,XS,Black,1319.38,21.5,1035.71,2025-05-25,179,3.0,True,Size Issue
FB001139,Accessories,FabIndia,East,Kolkata,Outlet,Summer,XS,Pink,1075.95,41.2,632.66,2025-04-16,492,3.5,True,Late Delivery
FB001140,Shoes,Uniqlo,South,Chennai,Boutique,Summer,S,Grey,2204.77,19.0,1785.86,2025-01-08,164,3.3,True,
FB001141,Outerwear,Uniqlo,East,Kolkata,Flagship,Summer,XL,White,571.67,49.4,289.27,2025-06-07,350,4.2,True,Late Delivery
FB001142,Accessories,Adidas,North,Lucknow,Outlet,Spring,M,Black,652.53,43.3,369.98,2025-08-16,90,4.8,True,
FB001143,Bottoms,Nike,South,Bangalore,Outlet,Spring,S,White,1012.95,37.5,633.09,2025-04-16,407,4.6,False,
FB001144,Outerwear,Allen Solly,South,Hyderabad,Flagship,Fall,S,Green,979.54,20.2,781.67,2025-08-17,459,2.8,True,
FB001145,Outerwear,Puma,East,Kolkata,Flagship,Fall,L,White,2323.05,12.5,2032.67,2025-01-24,69,4.7,False,
FB001146,Tops,Nike,Central,Indore,Outlet,Summer,S,White,1075.62,41.1,633.54,2025-08-30,223,2.0,True,
FB001147,Dresses,Zara,Central,Indore,Flagship,Summer,M,Grey,2547.92,12.7,2224.33,2025-12-21,198,3.2,True,Color Mismatch
FB001148,Shoes,FabIndia,North,Kanpur,Outlet,Summer,XS,Brown,2147.73,49.3,1088.9,2025-08-14,14,4.2,False,
FB001149,Bottoms,Levis,Central,Indore,Boutique,Winter,L,Black,946.55,24.7,712.75,2025-12-16,441,2.2,True,Late Delivery
FB001150,Outerwear,Uniqlo,South,Bangalore,Flagship,Summer,L,Blue,2926.65,15.6,2470.09,2025-03-16,323,4.9,False,
FB001151,Bottoms,Levis,East,Kolkata,Outlet,Winter,XS,Blue,1535.81,42.7,880.02,2025-08-11,138,3.8,True,Size Issue
FB001152,Tops,Nike,East,Kolkata,Boutique,Fall,L,Grey,1279.61,23.7,976.34,2025-03-31,19,3.9,True,Damaged
FB001153,Shoes,H&M,West,Nagpur,Boutique,Winter,XL,Brown,2830.74,17.3,2341.02,2025-11-18,134,2.5,False,
FB001154,Bottoms,Nike,Central,Indore,Outlet,Spring,XL,Pink,2970.98,39.0,1812.3,2025-05-17,257,4.1,False,
FB001155,Tops,H&M,Central,Indore,Outlet,Winter,L,Blue,570.22,48.2,295.37,2026-01-01,367,3.1,True,Late Delivery
FB001156,Tops,Puma,East,Kolkata,Outlet,Fall,XS,Green,2150.33,47.7,1124.62,2025-04-18,68,3.5,False,
FB001157,Bottoms,Nike,East,Kolkata,Boutique,Spring,XS,Red,568.08,6.8,529.45,2025-08-24,453,4.4,False,
FB001158,Outerwear,Puma,South,Bangalore,Flagship,Fall,L,Black,2443.24,33.3,1629.64,2025-01-09,442,2.8,False,
FB001159,Shoes,Puma,South,Bangalore,Boutique,Fall,XL,Grey,835.24,6.0,785.13,2025-01-09,133,2.2,True,
FB001160,Outerwear,Adidas,South,Chennai,Flagship,Winter,L,Black,2288.98,32.0,1556.51,2025-08-12,430,4.6,False,
FB001161,Dresses,Adidas,Central,Indore,Flagship,Spring,XS,Brown,2212.42,8.4,2026.58,2025-03-03,323,2.9,True,Late Delivery
FB001162,Dresses,Adidas,West,Ahmedabad,Flagship,Winter,S,White,834.86,25.2,624.48,2025-01-28,460,2.1,False,
FB001163,Outerwear,Allen Solly,West,Pune,Flagship,Winter,M,Brown,2364.84,4.6,2256.06,2025-11-07,42,5.0,True,Size Issue
FB001164,Dresses,Levis,South,Hyderabad,Flagship,Summer,L,White,1972.09,19.3,1591.48,2025-10-26,184,3.7,True,Late Delivery
FB001165,Bottoms,Nike,West,Pune,Boutique,Fall,S,Pink,1136.83,5.6,1073.17,2025-01-17,482,2.4,False,
FB001166,Tops,Allen Solly,East,Kolkata,Boutique,Winter,M,Green,2192.49,9.6,1982.01,2025-02-01,139,4.3,False,
FB001167,Outerwear,Levis,East,Kolkata,Flagship,Spring,M,Green,680.25,29.9,476.86,2025-01-21,469,2.1,True,Late Delivery
FB001168,Tops,Adidas,Central,Indore,Boutique,Fall,S,Green,1987.19,13.5,1718.92,2025-08-16,252,2.1,False,
FB001169,Shoes,H&M,South,Hyderabad,Boutique,Fall,XS,Blue,1678.95,11.3,1489.23,2025-09-16,111,4.1,True,Color Mismatch
FB001170,Accessories,Adidas,South,Hyderabad,Outlet,Spring,XS,Red,2099.68,41.0,1238.81,2025-07-05,365,4.4,False,
FB001171,Tops,Zara,West,Surat,Boutique,Fall,L,Pink,1147.26,26.4,844.38,2025-07-14,27,2.1,True,Color Mismatch
FB001172,Accessories,H&M,North,Jaipur,Boutique,Summer,XS,Pink,2727.04,14.7,2326.17,2025-01-17,251,2.6,False,
FB001173,Outerwear,Puma,South,Bangalore,Flagship,Summer,XS,Pink,2660.35,12.7,2322.49,2025-09-15,60,4.7,False,
FB001174,Outerwear,H&M,East,Kolkata,Flagship,Fall,M,Brown,2172.24,14.9,1848.58,2025-04-14,384,4.9,False,
FB001175,Accessories,Puma,South,Chennai,Boutique,Summer,S,Red,614.92,23.1,472.87,2025-12-16,91,3.6,True,Size Issue
FB001176,Bottoms,Zara,South,Hyderabad,Boutique,Fall,S,Grey,2374.66,14.8,2023.21,2025-07-10,225,2.5,False,
FB001177,Shoes,Allen Solly,South,Bangalore,Outlet,Fall,S,Blue,710.62,34.5,465.46,2025-09-03,53,4.6,False,
FB001178,Shoes,Adidas,East,Kolkata,Outlet,Spring,XS,Brown,869.89,48.1,451.47,2025-12-09,495,2.7,False,
FB001179,Tops,FabIndia,Central,Indore,Boutique,Spring,M,White,1129.6,25.9,837.03,2025-08-10,337,2.2,True,Late Delivery
FB001180,Bottoms,Puma,North,Kanpur,Boutique,Summer,M,Red,858.04,29.1,608.35,2025-12-19,343,5.0,True,Color Mismatch
FB001181,Shoes,Allen Solly,South,Hyderabad,Boutique,Spring,S,White,1638.03,2.5,1597.08,2025-04-28,281,3.2,False,
FB001182,Tops,Uniqlo,Central,Indore,Boutique,Summer,M,Pink,2657.08,27.5,1926.38,2025-06-12,359,3.6,True,
FB001183,Shoes,Adidas,East,Kolkata,Boutique,Summer,XL,Pink,2179.89,0.6,2166.81,2025-08-26,319,2.8,False,
FB001184,Tops,Nike,Central,Indore,Boutique,Summer,XL,White,1518.24,6.2,1424.11,2025-03-20,38,4.7,True,Damaged
FB001185,Tops,Allen Solly,North,Delhi,Boutique,Winter,L,Black,1413.66,8.2,1297.74,2025-02-01,494,3.7,False,
FB001186,Tops,Uniqlo,East,Kolkata,Outlet,Fall,M,Blue,2470.08,30.3,1721.65,2025-01-16,155,2.4,False,
FB001187,Outerwear,Uniqlo,North,Kanpur,Flagship,Spring,L,Red,2744.64,30.0,1921.25,2025-01-14,84,4.6,False,
FB001188,Bottoms,Zara,South,Chennai,Outlet,Fall,XL,Brown,2549.19,34.5,1669.72,2025-05-17,114,2.9,False,
FB001189,Accessories,Puma,North,Jaipur,Outlet,Summer,XS,Black,523.4,38.4,322.41,2025-03-01,28,3.2,False,
FB001190,Tops,Adidas,West,Surat,Boutique,Spring,M,Black,722.17,15.4,610.96,2025-01-09,332,2.3,False,
FB001191,Accessories,Levis,South,Bangalore,Outlet,Spring,L,White,1936.91,36.5,1229.94,2025-04-15,132,3.0,True,Size Issue
FB001192,Accessories,Puma,West,Mumbai,Boutique,Summer,L,Green,1029.9,26.1,761.1,2025-02-16,20,2.7,False,
FB001193,Accessories,Uniqlo,West,Surat,Boutique,Winter,XL,Black,2953.94,20.2,2357.24,2025-11-09,408,5.0,True,
FB001194,Dresses,FabIndia,West,Nagpur,Flagship,Spring,S,Brown,1950.85,45.2,1069.07,2025-06-28,102,3.1,True,Size Issue
FB001195,Outerwear,FabIndia,South,Bangalore,Flagship,Fall,XL,Grey,2185.46,45.3,1195.45,2025-06-29,239,2.6,False,
FB001196,Outerwear,Zara,West,Nagpur,Flagship,Summer,L,White,2855.28,38.0,1770.27,2025-07-20,402,2.0,False,
FB001197,Outerwear,FabIndia,West,Surat,Flagship,Winter,M,Green,2857.62,5.3,2706.17,2025-06-09,450,3.3,True,Late Delivery
FB001198,Outerwear,Puma,Central,Indore,Flagship,Fall,M,Black,2754.67,5.7,2597.65,2025-02-24,212,4.0,True,
FB001199,Tops,Adidas,Central,Indore,Boutique,Winter,XS,Grey,1084.31,10.9,966.12,2025-11-05,313,4.9,False,
FB001200,Bottoms,Adidas,East,Kolkata,Outlet,Spring,L,Green,1003.23,33.6,666.14,2025-08-13,396,2.1,False,
FB001201,Shoes,FabIndia,South,Chennai,Boutique,Winter,M,Blue,1955.33,17.6,1611.19,2025-06-01,327,4.4,False,
FB001202,Shoes,Zara,Central,Indore,Outlet,Spring,XS,Black,2094.43,35.4,1353.0,2025-04-02,368,4.9,False,
FB001203,Tops,Puma,West,Surat,Boutique,Summer,M,Brown,2488.74,13.2,2160.23,2025-12-28,132,3.6,False,
FB001204,Tops,Levis,East,Kolkata,Boutique,Winter,S,Blue,2361.01,22.5,1829.78,2025-01-20,422,2.8,False,
FB001205,Bottoms,H&M,Central,Indore,Boutique,Spring,M,White,2397.9,5.2,2273.21,2025-11-14,456,2.2,True,Color Mismatch
FB001206,Dresses,Puma,Central,Indore,Flagship,Fall,S,Blue,1093.54,14.2,938.26,2025-06-25,429,3.2,True,Color Mismatch
FB001207,Dresses,Levis,South,Chennai,Flagship,Fall,L,Blue,2168.9,16.4,1813.2,2025-10-29,228,2.2,True,Size Issue
FB001208,Accessories,Zara,South,Hyderabad,Boutique,Spring,L,White,2100.98,27.0,1533.72,2025-01-27,20,4.6,True,
FB001209,Tops,Nike,West,Mumbai,Outlet,Summer,M,Grey,2557.68,37.6,1595.99,2025-05-26,119,4.1,False,
FB001210,Accessories,H&M,East,Kolkata,Boutique,Summer,XS,Red,699.67,14.2,600.32,2025-04-06,118,3.9,True,Color Mismatch
FB001211,Bottoms,FabIndia,West,Ahmedabad,Outlet,Fall,XL,Black,680.53,44.0,381.1,2025-04-07,232,4.3,False,
FB001212,Shoes,Zara,South,Chennai,Boutique,Winter,M,White,2514.86,9.5,2275.95,2025-04-05,26,3.7,True,Late Delivery
FB001213,Shoes,Nike,West,Ahmedabad,Boutique,Summer,L,Blue,592.55,14.0,509.59,2025-01-20,67,3.5,True,Damaged
FB001214,Bottoms,Puma,Central,Indore,Boutique,Fall,XL,Brown,1868.46,10.4,1674.14,2025-01-05,40,3.9,False,
FB001215,Tops,Nike,South,Chennai,Boutique,Summer,L,Green,2349.74,19.2,1898.59,2025-05-24,203,2.2,False,
FB001216,Tops,Levis,Central,Indore,Boutique,Fall,XS,Red,752.04,28.5,537.71,2025-08-10,244,4.7,False,
FB001217,Shoes,Adidas,Central,Indore,Boutique,Winter,S,Green,2469.99,18.6,2010.57,2025-09-30,39,4.7,True,Damaged
FB001218,Outerwear,Nike,East,Kolkata,Flagship,Winter,XL,Pink,1025.57,40.7,608.16,2025-04-28,297,4.2,True,Damaged
FB001219,Outerwear,Levis,West,Mumbai,Flagship,Winter,S,Pink,2039.27,14.0,1753.77,2025-03-06,462,4.7,True,
FB001220,Outerwear,Adidas,Central,Indore,Flagship,Summer,L,Grey,2345.78,48.9,1198.69,2025-06-15,51,5.0,True,Size Issue
FB001221,Tops,H&M,Central,Indore,Outlet,Summer,S,Blue,1969.87,34.3,1294.2,2025-02-13,42,2.5,False,
FB001222,Bottoms,Zara,West,Mumbai,Boutique,Winter,XL,Black,1891.43,20.6,1501.8,2025-11-23,199,2.1,True,Damaged
FB001223,Tops,H&M,East,Kolkata,Boutique,Summer,XS,White,2936.8,20.5,2334.76,2025-12-24,411,2.6,False,
FB001224,Outerwear,Nike,West,Surat,Flagship,Summer,L,Blue,952.39,18.0,780.96,2025-04-10,29,3.3,True,Late Delivery
FB001225,Tops,Uniqlo,East,Kolkata,Outlet,Fall,M,Grey,2133.13,40.4,1271.35,2025-09-04,236,4.5,True,Late Delivery
FB001226,Shoes,Uniqlo,East,Kolkata,Boutique,Fall,L,Grey,979.82,14.4,838.73,2025-03-22,25,3.5,False,
FB001227,Tops,Puma,West,Nagpur,Outlet,Fall,L,Black,2815.38,30.3,1962.32,2025-03-17,353,4.8,True,Color Mismatch
FB001228,Dresses,H&M,South,Chennai,Flagship,Winter,L,Pink,2996.66,8.2,2750.93,2025-11-30,428,4.0,False,
FB001229,Tops,H&M,West,Surat,Boutique,Fall,M,Grey,1558.96,30.0,1091.27,2025-08-12,21,3.3,True,
FB001230,Dresses,Allen Solly,East,Kolkata,Flagship,Summer,S,Brown,528.62,48.5,272.24,2025-04-19,440,4.8,False,
FB001231,Tops,Puma,South,Bangalore,Boutique,Winter,S,Blue,2177.73,25.3,1626.76,2025-09-18,279,3.2,False,
FB001232,Outerwear,H&M,North,Delhi,Flagship,Fall,XL,Blue,813.91,27.9,586.83,2025-10-27,279,2.9,True,Color Mismatch
FB001233,Tops,Nike,North,Delhi,Boutique,Summer,L,Green,546.04,19.3,440.65,2025-06-21,497,3.1,True,Damaged
FB001234,Dresses,Uniqlo,East,Kolkata,Flagship,Summer,L,Grey,2697.41,30.5,1874.7,2025-01-12,193,4.6,False,
FB001235,Bottoms,Puma,South,Chennai,Boutique,Winter,M,Grey,1526.7,13.6,1319.07,2025-01-02,188,2.0,True,Damaged
FB001236,Bottoms,H&M,West,Ahmedabad,Outlet,Winter,XL,Brown,773.2,39.5,467.79,2025-02-12,338,4.1,True,
FB001237,Tops,Uniqlo,West,Nagpur,Outlet,Fall,L,Black,2126.52,33.9,1405.63,2025-08-08,74,3.4,False,
FB001238,Outerwear,Nike,North,Delhi,Flagship,Summer,L,Grey,518.25,46.7,276.23,2025-05-18,44,2.4,True,Color Mismatch
FB001239,Bottoms,FabIndia,South,Hyderabad,Outlet,Winter,XL,Red,1359.36,37.9,844.16,2025-07-07,398,4.6,True,
FB001240,Outerwear,Nike,East,Kolkata,Flagship,Winter,S,Grey,2457.55,43.2,1395.89,2025-12-13,442,4.1,False,
FB001241,Tops,Nike,North,Kanpur,Boutique,Fall,XS,Grey,998.85,26.8,731.16,2025-04-14,453,2.6,False,
FB001242,Tops,Adidas,Central,Indore,Boutique,Fall,XS,Blue,733.81,1.4,723.54,2025-02-04,293,2.2,True,Color Mismatch
FB001243,Dresses,Nike,North,Lucknow,Flagship,Fall,M,Red,2890.98,40.4,1723.02,2025-06-13,183,2.1,True,Late Delivery
FB001244,Accessories,Uniqlo,Central,Indore,Boutique,Spring,L,Red,1906.95,8.8,1739.14,2025-09-20,131,4.2,False,
FB001245,Outerwear,Uniqlo,East,Kolkata,Flagship,Summer,M,Pink,1669.64,40.2,998.44,2025-02-16,193,4.7,False,
FB001246,Accessories,Adidas,North,Jaipur,Boutique,Summer,XS,Pink,700.87,2.2,685.45,2025-05-10,202,3.4,False,
FB001247,Tops,Uniqlo,East,Kolkata,Outlet,Fall,S,White,2238.59,33.5,1488.66,2025-06-12,160,3.3,False,
FB001248,Tops,Zara,West,Nagpur,Boutique,Summer,XS,Grey,771.85,26.5,567.31,2025-06-02,377,2.1,False,
FB001249,Dresses,Uniqlo,South,Chennai,Flagship,Winter,L,Grey,2439.9,24.1,1851.88,2025-11-13,118,2.2,True,Size Issue
FB001250,Tops,Adidas,Central,Indore,Boutique,Winter,L,Pink,2873.72,14.8,2448.41,2025-02-10,264,2.1,True,Damaged
FB001251,Outerwear,Nike,East,Kolkata,Flagship,Fall,S,Green,1547.3,14.2,1327.58,2025-02-01,291,2.6,False,
FB001252,Outerwear,Uniqlo,West,Surat,Flagship,Summer,S,Red,850.38,1.0,841.88,2025-06-08,274,2.6,True,Color Mismatch
FB001253,Accessories,Allen Solly,Central,Indore,Boutique,Summer,L,Black,500.34,9.2,454.31,2025-08-12,311,3.8,True,Damaged
FB001254,Outerwear,Levis,South,Bangalore,Flagship,Spring,XS,Green,2327.19,30.1,1626.71,2025-03-31,246,4.6,True,Color Mismatch
FB001255,Outerwear,Nike,East,Kolkata,Flagship,Fall,M,White,1607.91,15.8,1353.86,2025-05-18,487,4.7,False,
FB001256,Shoes,Adidas,North,Lucknow,Outlet,Winter,XS,Green,545.18,38.6,334.74,2025-06-14,216,4.0,False,
FB001257,Tops,FabIndia,West,Pune,Boutique,Fall,XS,Grey,1442.08,27.1,1051.28,2025-01-12,379,4.7,True,Color Mismatch
FB001258,Tops,Uniqlo,West,Nagpur,Outlet,Winter,L,Brown,919.68,47.6,481.91,2025-09-15,272,3.3,True,Damaged
FB001259,Shoes,FabIndia,Central,Indore,Boutique,Summer,L,Black,2340.73,14.0,2013.03,2025-12-11,246,4.2,True,
FB001260,Tops,Puma,South,Bangalore,Boutique,Fall,XL,Green,1248.93,24.5,942.94,2025-11-26,318,3.8,True,Size Issue
FB001261,Bottoms,Allen Solly,Central,Indore,Outlet,Spring,XS,Brown,2179.12,30.6,1512.31,2025-10-31,71,2.4,True,
FB001262,Tops,H&M,South,Bangalore,Outlet,Fall,L,Grey,2172.62,30.1,1518.66,2025-05-16,158,2.2,True,Late Delivery
FB001263,Shoes,Puma,North,Delhi,Outlet,Winter,L,Blue,2750.68,49.5,1389.09,2025-08-19,258,3.9,True,Color Mismatch
FB001264,Outerwear,Nike,South,Chennai,Flagship,Fall,S,Brown,2544.16,3.4,2457.66,2025-06-04,105,3.9,False,
FB001265,Shoes,Puma,North,Lucknow,Outlet,Winter,M,Black,2953.91,43.6,1666.01,2025-01-07,298,3.0,False,
FB001266,Outerwear,FabIndia,Central,Indore,Flagship,Spring,M,Blue,1196.5,22.5,927.29,2025-11-29,178,4.9,False,
FB001267,Accessories,Levis,North,Jaipur,Outlet,Summer,L,Pink,867.2,38.9,529.86,2025-11-02,197,4.4,False,
FB001268,Outerwear,H&M,East,Kolkata,Flagship,Fall,M,Grey,2392.77,0.9,2371.24,2025-03-17,458,4.5,False,
FB001269,Outerwear,Puma,West,Ahmedabad,Flagship,Summer,XL,Black,1212.32,29.5,854.69,2025-10-12,322,4.5,True,
FB001270,Tops,Puma,North,Jaipur,Boutique,Spring,L,White,2583.13,6.7,2410.06,2025-07-30,189,3.1,False,
FB001271,Shoes,FabIndia,West,Nagpur,Outlet,Winter,M,Green,1623.65,30.5,1128.44,2025-06-01,98,3.8,True,Size Issue
FB001272,Bottoms,Allen Solly,East,Kolkata,Boutique,Spring,XS,Blue,1455.43,2.0,1426.32,2025-04-04,487,4.3,True,Color Mismatch
FB001273,Shoes,Nike,South,Hyderabad,Boutique,Summer,M,Green,928.72,6.8,865.57,2025-03-18,473,2.5,False,
FB001274,Shoes,FabIndia,South,Bangalore,Boutique,Summer,S,Blue,557.58,19.9,446.62,2025-10-17,311,2.6,False,
FB001275,Tops,Puma,South,Hyderabad,Outlet,Winter,M,Black,1620.8,37.4,1014.62,2025-01-12,149,3.8,True,
FB001276,Outerwear,Zara,South,Hyderabad,Flagship,Spring,L,Blue,2702.71,10.8,2410.82,2025-05-24,66,4.9,False,
FB001277,Bottoms,Allen Solly,West,Nagpur,Boutique,Spring,XL,Blue,1481.8,19.2,1197.29,2025-01-16,311,3.9,True,Color Mismatch
FB001278,Shoes,Adidas,West,Mumbai,Outlet,Summer,L,Pink,2016.39,37.9,1252.18,2025-01-21,270,4.9,True,
FB001279,Bottoms,Allen Solly,South,Chennai,Boutique,Spring,L,Blue,627.31,26.9,458.56,2025-07-23,124,4.2,True,Color Mismatch
FB001280,Outerwear,Uniqlo,South,Chennai,Flagship,Spring,XS,Black,1734.11,45.7,941.62,2025-04-02,323,3.0,True,Size Issue
FB001281,Bottoms,Levis,Central,Indore,Outlet,Fall,M,Red,613.68,40.0,368.21,2025-05-04,262,3.3,False,
FB001282,Outerwear,Puma,West,Ahmedabad,Flagship,Fall,XL,Grey,2151.11,17.1,1783.27,2025-03-20,169,4.1,False,
FB001283,Tops,Zara,West,Nagpur,Outlet,Spring,M,Red,1782.37,45.3,974.96,2025-05-21,145,2.2,False,
FB001284,Shoes,FabIndia,North,Kanpur,Boutique,Summer,XL,Brown,797.11,29.8,559.57,2025-03-13,236,2.8,False,
FB001285,Tops,Allen Solly,East,Kolkata,Boutique,Summer,L,Pink,1281.4,13.1,1113.54,2025-02-01,17,4.1,False,
FB001286,Bottoms,H&M,West,Pune,Outlet,Winter,XL,Red,2136.72,33.4,1423.06,2025-08-06,263,4.6,True,Size Issue
FB001287,Tops,Puma,South,Chennai,Boutique,Summer,XS,Pink,1347.58,13.5,1165.66,2025-05-09,248,3.8,False,
FB001288,Tops,Adidas,South,Hyderabad,Boutique,Fall,S,Pink,705.57,13.9,607.5,2025-11-27,479,3.4,False,
FB001289,Bottoms,Uniqlo,North,Kanpur,Outlet,Fall,XL,Blue,2667.01,48.6,1370.84,2025-10-08,27,2.3,False,
FB001290,Tops,Puma,West,Pune,Outlet,Spring,L,Pink,923.95,33.2,617.2,2025-11-03,314,4.1,True,Size Issue
FB001291,Dresses,Allen Solly,East,Kolkata,Flagship,Summer,L,Green,1158.27,34.2,762.14,2025-08-14,194,2.9,True,Damaged
FB001292,Tops,Adidas,Central,Indore,Boutique,Summer,S,Pink,2621.21,27.6,1897.76,2025-06-12,175,4.7,False,
FB001293,Dresses,Allen Solly,North,Lucknow,Flagship,Winter,XL,Green,2306.68,28.1,1658.5,2025-06-16,178,2.5,True,Late Delivery
FB001294,Accessories,Uniqlo,East,Kolkata,Boutique,Fall,S,Grey,1373.09,6.5,1283.84,2025-04-01,477,4.7,True,Late Delivery
FB001295,Bottoms,Nike,South,Hyderabad,Boutique,Winter,L,Pink,2686.86,4.3,2571.33,2025-07-26,259,4.6,False,
FB001296,Bottoms,H&M,Central,Indore,Outlet,Fall,L,Grey,2811.45,49.0,1433.84,2025-11-05,202,4.7,True,
FB001297,Shoes,Zara,Central,Indore,Outlet,Winter,S,Red,2580.65,42.7,1478.71,2025-07-06,350,3.1,False,
FB001298,Bottoms,Puma,East,Kolkata,Outlet,Spring,M,Red,2469.8,43.5,1395.44,2025-07-21,215,3.5,True,Size Issue
FB001299,Accessories,FabIndia,North,Jaipur,Outlet,Summer,S,Red,2949.4,37.5,1843.38,2025-03-11,373,3.6,True,
FB001300,Bottoms,Adidas,South,Chennai,Outlet,Fall,M,Black,2469.08,40.1,1478.98,2025-05-06,473,3.4,False,
FB001301,Outerwear,Levis,Central,Indore,Flagship,Winter,XS,Blue,1328.64,49.1,676.28,2025-05-04,179,4.5,False,
FB001302,Bottoms,Adidas,East,Kolkata,Boutique,Summer,S,Red,2507.79,20.5,1993.69,2026-01-01,449,2.6,False,
FB001303,Tops,H&M,North,Jaipur,Outlet,Spring,S,Green,1712.19,45.7,929.72,2025-09-15,116,4.6,True,Size Issue
FB001304,Outerwear,Uniqlo,North,Kanpur,Flagship,Fall,XS,Pink,1130.66,9.2,1026.64,2025-05-23,235,4.4,False,
FB001305,Dresses,Levis,North,Delhi,Flagship,Winter,XL,Red,2190.32,21.7,1715.02,2025-05-16,325,2.5,False,
FB001306,Outerwear,Uniqlo,South,Hyderabad,Flagship,Summer,XS,Pink,2732.68,11.0,2432.09,2025-10-01,473,4.5,False,
FB001307,Accessories,Allen Solly,East,Kolkata,Outlet,Spring,S,Black,1783.25,46.0,962.96,2025-10-08,453,3.5,True,Late Delivery
FB001308,Accessories,Puma,East,Kolkata,Boutique,Fall,M,Pink,2865.01,10.8,2555.59,2025-03-29,25,3.7,True,Late Delivery
FB001309,Dresses,H&M,West,Nagpur,Flagship,Fall,XL,Blue,1923.8,43.2,1092.72,2025-07-03,239,4.4,False,
FB001310,Bottoms,Adidas,South,Chennai,Outlet,Fall,S,White,2981.76,39.8,1795.02,2025-06-07,367,2.5,True,Late Delivery
FB001311,Bottoms,Adidas,Central,Indore,Boutique,Winter,S,Black,2743.33,9.5,2482.71,2025-06-23,443,2.9,False,
FB001312,Shoes,Nike,East,Kolkata,Outlet,Winter,M,Pink,827.0,36.4,525.97,2025-04-08,160,2.9,False,
FB001313,Shoes,H&M,East,Kolkata,Boutique,Summer,XS,Black,2940.38,5.9,2766.9,2025-08-04,258,3.0,True,Late Delivery
FB001314,Shoes,Puma,North,Delhi,Boutique,Fall,XL,Blue,1920.76,23.4,1471.3,2025-09-17,125,2.9,True,Size Issue
FB001315,Bottoms,Adidas,Central,Indore,Outlet,Winter,M,Green,589.36,36.9,371.89,2025-02-09,147,4.3,True,
FB001316,Outerwear,Adidas,East,Kolkata,Flagship,Fall,XL,Pink,2404.26,2.2,2351.37,2025-12-14,27,2.1,False,
FB001317,Accessories,Uniqlo,Central,Indore,Outlet,Fall,L,Grey,582.05,32.7,391.72,2025-10-16,374,4.8,False,
FB001318,Shoes,Nike,West,Ahmedabad,Boutique,Summer,L,Pink,1476.15,20.9,1167.63,2025-06-08,56,3.1,False,
FB001319,Dresses,Adidas,West,Surat,Flagship,Winter,XL,Green,2885.52,11.9,2542.14,2025-10-01,499,3.8,False,
FB001320,Accessories,Zara,Central,Indore,Outlet,Winter,L,Red,1679.73,42.4,967.52,2025-12-17,466,4.6,False,
FB001321,Tops,Zara,Central,Indore,Boutique,Summer,M,Black,587.76,17.4,485.49,2025-03-25,479,3.4,False,
FB001322,Outerwear,H&M,West,Surat,Flagship,Spring,XS,Green,512.68,5.1,486.53,2025-10-18,31,2.1,True,
FB001323,Tops,Levis,Central,Indore,Boutique,Summer,M,Black,1519.39,16.5,1268.69,2025-07-05,268,2.1,False,
FB001324,Outerwear,Levis,North,Lucknow,Flagship,Summer,XL,Red,1592.06,44.6,882.0,2025-06-01,51,4.4,False,
FB001325,Bottoms,H&M,East,Kolkata,Boutique,Fall,M,Black,1633.21,23.5,1249.41,2025-05-20,295,2.9,True,
FB001326,Bottoms,Uniqlo,West,Pune,Boutique,Winter,S,Green,703.46,17.8,578.24,2025-08-24,495,4.9,False,
FB001327,Dresses,FabIndia,East,Kolkata,Flagship,Fall,XS,Green,539.0,44.6,298.61,2025-01-15,56,4.2,False,
FB001328,Tops,H&M,East,Kolkata,Boutique,Fall,L,Black,791.11,11.9,696.97,2025-11-03,63,3.3,False,
FB001329,Tops,Puma,West,Pune,Boutique,Spring,M,Red,1832.37,5.0,1740.75,2025-03-16,91,3.4,True,Color Mismatch
FB001330,Bottoms,H&M,North,Kanpur,Boutique,Summer,XL,Red,1215.51,19.1,983.35,2025-09-27,440,3.3,True,Damaged
FB001331,Tops,H&M,South,Hyderabad,Boutique,Spring,XL,Green,1964.14,12.8,1712.73,2025-02-07,453,4.1,True,Color Mismatch
FB001332,Accessories,Levis,South,Hyderabad,Boutique,Winter,M,Blue,2179.32,2.0,2135.73,2025-12-27,292,2.6,True,Color Mismatch
FB001333,Dresses,Puma,North,Kanpur,Flagship,Summer,XL,Pink,2178.27,39.8,1311.32,2025-12-21,406,2.1,True,Color Mismatch
FB001334,Dresses,Uniqlo,North,Lucknow,Flagship,Fall,S,Black,2879.48,20.3,2294.95,2025-07-04,300,3.2,True,Size Issue
FB001335,Outerwear,Uniqlo,South,Bangalore,Flagship,Summer,XL,Green,2875.02,32.2,1949.26,2025-12-23,164,2.4,False,
FB001336,Bottoms,Zara,West,Pune,Boutique,Summer,L,Black,1720.84,25.2,1287.19,2025-11-27,130,4.7,False,
FB001337,Bottoms,FabIndia,West,Nagpur,Boutique,Fall,XL,Blue,971.52,1.0,961.8,2025-07-08,21,4.9,False,
FB001338,Tops,Nike,Central,Indore,Boutique,Fall,XL,Red,1635.47,16.0,1373.79,2025-05-21,465,3.2,True,Late Delivery
FB001339,Outerwear,Nike,East,Kolkata,Flagship,Winter,XL,Brown,2203.78,15.1,1871.01,2025-08-16,381,2.8,False,
FB001340,Bottoms,Allen Solly,Central,Indore,Boutique,Fall,XS,Brown,1389.9,11.2,1234.23,2025-01-24,496,4.1,False,
FB001341,Accessories,Zara,North,Delhi,Boutique,Winter,XS,Green,2911.56,27.4,2113.79,2025-08-28,276,4.9,False,
FB001342,Tops,FabIndia,North,Lucknow,Boutique,Winter,M,White,963.89,25.8,715.21,2025-04-02,53,3.7,True,Damaged
FB001343,Outerwear,Puma,West,Surat,Flagship,Winter,XL,Blue,2432.52,18.2,1989.8,2025-08-17,287,2.2,False,
FB001344,Shoes,Adidas,West,Nagpur,Outlet,Spring,L,White,1992.33,40.9,1177.47,2025-02-11,385,3.2,True,Damaged
FB001345,Dresses,Uniqlo,South,Chennai,Flagship,Summer,XS,Green,2561.94,38.6,1573.03,2025-02-18,460,3.4,True,Damaged
FB001346,Tops,H&M,Central,Indore,Outlet,Fall,S,White,2585.03,32.0,1757.82,2025-01-21,364,2.8,False,
FB001347,Outerwear,Levis,North,Jaipur,Flagship,Summer,XL,Red,2179.82,22.6,1687.18,2025-02-05,108,4.6,True,Color Mismatch
FB001348,Shoes,Levis,North,Lucknow,Boutique,Summer,XS,Grey,1293.24,21.0,1021.66,2025-05-25,481,4.1,True,Damaged
FB001349,Shoes,Allen Solly,West,Pune,Boutique,Fall,L,Red,2776.42,23.6,2121.18,2025-04-12,71,2.6,True,Late Delivery
FB001350,Bottoms,Allen Solly,Central,Indore,Boutique,Fall,XS,Blue,910.13,8.8,830.04,2025-11-12,151,4.3,False,
FB001351,Tops,Uniqlo,South,Hyderabad,Outlet,Fall,L,Grey,1587.18,49.2,806.29,2025-04-03,317,2.1,False,
FB001352,Dresses,Puma,West,Ahmedabad,Flagship,Winter,M,Black,1135.29,20.0,908.23,2025-10-11,487,4.0,False,
FB001353,Tops,Uniqlo,Central,Indore,Outlet,Winter,L,Brown,649.9,41.1,382.79,2025-05-31,368,3.4,False,
FB001354,Outerwear,Adidas,East,Kolkata,Flagship,Fall,M,Blue,1869.9,47.0,991.05,2025-12-08,205,2.8,True,
FB001355,Bottoms,Allen Solly,West,Pune,Boutique,Summer,XS,Pink,2821.58,3.3,2728.47,2025-08-04,287,3.4,True,Size Issue
FB001356,Shoes,Levis,West,Nagpur,Outlet,Fall,L,Grey,1692.66,36.3,1078.22,2025-04-17,67,3.8,False,
FB001357,Dresses,Nike,East,Kolkata,Flagship,Fall,XS,White,2950.04,41.0,1740.52,2025-06-18,274,2.4,False,
FB001358,Tops,Puma,East,Kolkata,Boutique,Summer,S,Grey,2036.14,9.3,1846.78,2025-10-14,151,3.1,True,
FB001359,Tops,Uniqlo,East,Kolkata,Boutique,Winter,S,Red,716.3,28.1,515.02,2025-10-24,114,4.6,False,
FB001360,Tops,H&M,Central,Indore,Boutique,Fall,M,Pink,1002.94,3.7,965.83,2025-10-03,391,3.2,False,
FB001361,Dresses,Uniqlo,East,Kolkata,Flagship,Fall,M,Grey,1933.32,46.6,1032.39,2025-09-26,84,4.5,False,
FB001362,Tops,Adidas,East,Kolkata,Boutique,Fall,M,Brown,2369.63,25.5,1765.37,2025-08-26,43,4.5,True,Color Mismatch
FB001363,Accessories,H&M,Central,Indore,Outlet,Winter,XL,Blue,1986.39,37.2,1247.45,2025-01-11,284,2.0,True,Damaged
FB001364,Accessories,Uniqlo,South,Chennai,Boutique,Fall,XL,Pink,2712.27,22.3,2107.43,2025-07-03,281,3.3,True,Color Mismatch
FB001365,Accessories,FabIndia,West,Mumbai,Boutique,Winter,S,Brown,767.17,8.4,702.73,2025-09-15,482,2.3,False,
FB001366,Shoes,Allen Solly,South,Hyderabad,Outlet,Summer,L,Blue,2364.83,30.5,1643.56,2025-04-05,125,4.1,True,
FB001367,Tops,Adidas,Central,Indore,Boutique,Spring,XL,Brown,2973.1,21.3,2339.83,2025-04-09,262,3.4,True,Late Delivery
FB001368,Shoes,H&M,East,Kolkata,Boutique,Fall,M,Red,1867.4,18.3,1525.67,2025-02-19,164,4.3,False,
FB001369,Tops,Nike,South,Hyderabad,Outlet,Summer,L,Grey,2465.82,35.6,1587.99,2025-08-11,31,4.6,True,
FB001370,Dresses,Levis,South,Chennai,Flagship,Winter,L,Grey,2471.86,43.8,1389.19,2025-07-02,427,3.0,True,Color Mismatch
FB001371,Outerwear,H&M,West,Pune,Flagship,Fall,XL,Blue,733.0,5.6,691.95,2025-07-23,125,4.0,True,Damaged
FB001372,Bottoms,Levis,East,Kolkata,Boutique,Summer,S,Black,2993.58,23.6,2287.1,2025-09-21,125,2.1,False,
FB001373,Accessories,Zara,East,Kolkata,Boutique,Summer,S,Brown,1986.65,28.1,1428.4,2025-01-05,407,4.8,True,Color Mismatch
FB001374,Accessories,Nike,East,Kolkata,Boutique,Fall,L,White,1286.11,5.7,1212.8,2025-03-26,304,2.6,True,Color Mismatch
FB001375,Tops,Nike,East,Kolkata,Boutique,Summer,S,Grey,1760.32,27.2,1281.51,2025-10-01,407,2.6,False,
FB001376,Bottoms,H&M,North,Lucknow,Outlet,Fall,M,White,1377.88,44.8,760.59,2025-11-25,265,2.5,True,Damaged
FB001377,Dresses,H&M,West,Ahmedabad,Flagship,Summer,S,White,943.7,14.5,806.86,2025-06-25,371,2.5,False,
FB001378,Bottoms,Adidas,Central,Indore,Outlet,Summer,L,Black,866.82,30.6,601.57,2025-09-29,53,2.7,True,Late Delivery
FB001379,Accessories,FabIndia,Central,Indore,Outlet,Winter,XL,White,1093.63,33.0,732.73,2025-02-10,219,3.9,True,
FB001380,Tops,Levis,East,Kolkata,Boutique,Summer,XS,Red,1870.46,23.3,1434.64,2025-11-01,296,3.6,True,Color Mismatch
FB001381,Accessories,Adidas,Central,Indore,Outlet,Summer,S,Red,675.27,32.8,453.78,2025-06-08,94,3.5,False,
FB001382,Bottoms,H&M,East,Kolkata,Boutique,Fall,XS,Black,1190.02,22.9,917.51,2025-08-15,193,2.4,False,
FB001383,Accessories,Adidas,East,Kolkata,Boutique,Winter,XL,Pink,2462.46,23.8,1876.39,2025-07-06,117,2.9,True,Color Mismatch
FB001384,Bottoms,H&M,West,Surat,Outlet,Spring,M,Green,1221.69,45.0,671.93,2025-12-21,104,4.4,False,
FB001385,Outerwear,Allen Solly,South,Bangalore,Flagship,Summer,XS,Brown,2666.9,32.5,1800.16,2025-01-30,160,4.9,True,Damaged
FB001386,Outerwear,Zara,West,Mumbai,Flagship,Summer,S,Pink,565.39,47.0,299.66,2025-10-14,97,4.2,True,Damaged
FB001387,Bottoms,H&M,North,Kanpur,Outlet,Spring,L,Black,2666.03,44.0,1492.98,2025-04-01,418,4.3,True,Size Issue
FB001388,Outerwear,Adidas,North,Delhi,Flagship,Winter,XL,Blue,926.67,46.6,494.84,2025-11-08,82,3.3,False,
FB001389,Bottoms,Zara,East,Kolkata,Boutique,Winter,M,Brown,2196.42,24.6,1656.1,2025-07-19,189,3.4,False,
FB001390,Shoes,Nike,South,Hyderabad,Outlet,Summer,XS,White,1657.1,39.2,1007.52,2025-04-12,147,2.3,True,Late Delivery
FB001391,Outerwear,Adidas,Central,Indore,Flagship,Summer,S,Grey,2754.89,32.0,1873.33,2025-09-29,190,2.9,True,Size Issue
FB001392,Shoes,FabIndia,South,Bangalore,Outlet,Fall,XS,Green,755.53,45.7,410.25,2025-05-22,201,4.7,False,
FB001393,Accessories,Puma,East,Kolkata,Boutique,Summer,XL,Grey,1901.57,19.5,1530.76,2025-10-09,103,3.1,True,Late Delivery
FB001394,Bottoms,FabIndia,East,Kolkata,Boutique,Winter,L,Brown,2793.39,25.6,2078.28,2025-11-04,228,3.9,True,Damaged
FB001395,Outerwear,Zara,West,Pune,Flagship,Summer,XL,White,2835.02,33.5,1885.29,2025-10-21,361,4.0,True,
FB001396,Bottoms,FabIndia,North,Lucknow,Outlet,Winter,XS,Green,1432.23,40.0,859.34,2025-08-14,398,3.8,True,
FB001397,Bottoms,Allen Solly,North,Jaipur,Boutique,Fall,M,Red,1465.1,23.6,1119.34,2025-04-13,316,3.4,True,Color Mismatch
FB001398,Bottoms,H&M,West,Ahmedabad,Boutique,Winter,XL,Brown,2798.72,1.1,2767.93,2025-03-07,294,3.6,True,
FB001399,Outerwear,Adidas,North,Lucknow,Flagship,Spring,XS,Grey,2690.3,38.4,1657.22,2025-12-01,391,3.7,False,
FB001400,Dresses,Allen Solly,Central,Indore,Flagship,Spring,S,Red,2599.34,12.5,2274.42,2025-10-08,97,2.1,False,
FB001401,Bottoms,Allen Solly,Central,Indore,Boutique,Spring,S,White,851.7,11.5,753.75,2025-12-11,393,3.9,False,
FB001402,Outerwear,Puma,South,Bangalore,Flagship,Winter,S,Red,534.69,19.0,433.1,2025-07-24,209,2.6,False,
FB001403,Dresses,Allen Solly,South,Bangalore,Flagship,Summer,M,Brown,1122.8,46.0,606.31,2025-01-21,306,2.0,True,
FB001404,Accessories,Puma,East,Kolkata,Boutique,Winter,XL,Pink,2283.96,22.5,1770.07,2025-08-16,426,4.8,False,
FB001405,Dresses,Allen Solly,East,Kolkata,Flagship,Summer,M,Blue,1795.08,28.8,1278.1,2025-05-22,109,3.1,True,Color Mismatch
FB001406,Shoes,Levis,West,Ahmedabad,Outlet,Spring,XS,White,2493.77,37.8,1551.12,2025-08-06,441,4.5,True,Color Mismatch
FB001407,Bottoms,Nike,East,Kolkata,Outlet,Spring,XS,Red,1768.15,31.9,1204.11,2025-08-02,285,3.9,True,Color Mismatch
FB001408,Outerwear,H&M,West,Nagpur,Flagship,Spring,L,Red,1340.11,49.6,675.42,2025-06-20,427,4.9,True,Late Delivery
FB001409,Tops,Nike,South,Bangalore,Boutique,Spring,S,White,1904.7,5.8,1794.23,2025-07-28,486,3.5,True,
FB001410,Shoes,Adidas,South,Bangalore,Boutique,Spring,L,Black,2627.91,14.3,2252.12,2025-11-08,286,4.0,False,
FB001411,Dresses,Nike,South,Hyderabad,Flagship,Fall,XS,Red,1991.03,29.9,1395.71,2025-04-26,127,4.6,False,
FB001412,Accessories,Uniqlo,West,Mumbai,Outlet,Summer,M,Green,2423.45,41.1,1427.41,2025-12-12,73,3.2,True,Late Delivery
FB001413,Shoes,Nike,East,Kolkata,Boutique,Summer,L,Pink,1567.73,22.0,1222.83,2025-07-04,258,2.2,False,
FB001414,Tops,Allen Solly,North,Kanpur,Outlet,Fall,XL,Black,668.38,41.5,391.0,2025-05-16,188,3.1,True,Size Issue
FB001415,Bottoms,Nike,South,Bangalore,Outlet,Fall,L,White,1561.53,47.6,818.24,2025-02-26,360,2.9,False,
FB001416,Bottoms,Zara,West,Mumbai,Boutique,Summer,S,Red,2986.22,25.3,2230.71,2025-01-18,166,3.1,True,
FB001417,Shoes,Levis,South,Hyderabad,Boutique,Spring,XL,Pink,2746.28,20.6,2180.55,2025-03-19,218,3.9,False,
FB001418,Shoes,Levis,South,Chennai,Boutique,Fall,XS,Black,2497.38,15.6,2107.79,2025-04-20,193,3.0,False,
FB001419,Dresses,Adidas,Central,Indore,Flagship,Summer,S,Blue,2617.58,30.7,1813.98,2025-05-14,365,4.4,False,
FB001420,Dresses,H&M,East,Kolkata,Flagship,Summer,XL,Green,2463.6,33.0,1650.61,2025-01-24,15,4.6,False,
FB001421,Tops,H&M,East,Kolkata,Boutique,Summer,XS,Red,929.16,21.3,731.25,2025-09-30,113,3.0,False,
FB001422,Bottoms,Puma,Central,Indore,Boutique,Winter,XS,Pink,1508.31,17.6,1242.85,2025-02-03,155,2.1,False,
FB001423,Dresses,Puma,West,Nagpur,Flagship,Summer,XL,Green,2251.1,27.4,1634.3,2025-04-06,217,4.2,True,Size Issue
FB001424,Shoes,FabIndia,Central,Indore,Boutique,Summer,XL,Pink,2184.12,0.6,2171.02,2025-08-10,256,4.0,True,Size Issue
FB001425,Outerwear,Adidas,South,Hyderabad,Flagship,Winter,L,Brown,2296.25,45.4,1253.75,2025-02-14,176,3.8,False,
FB001426,Bottoms,Levis,East,Kolkata,Boutique,Fall,M,Brown,1894.16,15.0,1610.04,2025-06-12,72,2.4,True,Late Delivery
FB001427,Dresses,Levis,North,Delhi,Flagship,Spring,L,Red,2138.25,48.8,1094.78,2025-05-06,41,4.7,True,Size Issue
FB001428,Shoes,Adidas,West,Pune,Boutique,Fall,XS,Green,1596.69,26.9,1167.18,2025-05-31,234,2.1,True,Damaged
FB001429,Shoes,Puma,East,Kolkata,Outlet,Fall,XS,Green,1167.04,49.3,591.69,2025-02-15,24,4.9,False,
FB001430,Accessories,Zara,West,Surat,Boutique,Fall,S,Blue,775.87,17.4,640.87,2025-12-05,204,2.1,False,
FB001431,Tops,Nike,East,Kolkata,Boutique,Winter,XS,White,1455.43,27.2,1059.55,2025-07-28,225,3.7,False,
FB001432,Tops,FabIndia,North,Delhi,Boutique,Summer,M,Pink,2703.67,26.0,2000.72,2025-11-30,202,3.9,True,Late Delivery
FB001433,Outerwear,Adidas,West,Ahmedabad,Flagship,Fall,L,Black,715.61,10.4,641.19,2025-07-28,431,2.8,False,
FB001434,Shoes,Zara,East,Kolkata,Boutique,Summer,S,Blue,1213.46,6.0,1140.65,2025-05-14,441,2.0,True,Size Issue
FB001435,Outerwear,Allen Solly,East,Kolkata,Flagship,Spring,M,Pink,1191.19,18.3,973.2,2025-12-13,153,2.8,False,
FB001436,Shoes,Puma,East,Kolkata,Boutique,Spring,XS,Black,540.91,12.4,473.84,2025-02-15,358,3.2,True,Damaged
FB001437,Dresses,Levis,South,Chennai,Flagship,Winter,XS,Grey,2872.83,42.2,1660.5,2025-07-02,37,3.5,False,
FB001438,Tops,Nike,North,Lucknow,Outlet,Spring,XL,Red,1406.39,34.2,925.4,2025-01-05,64,4.4,False,
FB001439,Bottoms,Levis,South,Hyderabad,Boutique,Winter,M,Pink,2011.11,3.6,1938.71,2025-09-15,478,4.4,True,
FB001440,Bottoms,Puma,South,Hyderabad,Outlet,Summer,L,White,1753.74,35.9,1124.15,2025-03-26,80,4.9,False,
FB001441,Dresses,Adidas,West,Pune,Flagship,Summer,M,Blue,876.45,31.2,603.0,2025-03-03,245,4.9,True,Late Delivery
FB001442,Outerwear,Allen Solly,North,Delhi,Flagship,Winter,M,Black,1895.69,1.1,1874.84,2025-01-24,374,3.0,False,
FB001443,Dresses,FabIndia,South,Chennai,Flagship,Fall,L,Brown,2308.41,36.9,1456.61,2025-10-19,60,3.5,False,
FB001444,Outerwear,Levis,Central,Indore,Flagship,Spring,L,Green,626.27,0.4,623.76,2025-02-05,362,4.6,False,
FB001445,Bottoms,Puma,North,Lucknow,Outlet,Winter,XS,Grey,2049.17,42.8,1172.13,2025-06-16,379,3.8,False,
FB001446,Tops,Nike,South,Bangalore,Boutique,Winter,L,Grey,2804.27,3.2,2714.53,2025-05-12,58,2.0,False,
FB001447,Dresses,Allen Solly,Central,Indore,Flagship,Summer,L,Red,2848.27,45.2,1560.85,2025-12-05,251,4.7,True,Color Mismatch
FB001448,Accessories,Levis,Central,Indore,Boutique,Winter,XS,Red,1751.57,4.0,1681.51,2025-10-17,46,2.9,True,Damaged
FB001449,Accessories,Adidas,North,Lucknow,Boutique,Winter,M,Red,745.7,1.4,735.26,2025-09-08,432,4.5,True,
FB001450,Bottoms,Puma,East,Kolkata,Outlet,Spring,XS,Brown,1525.57,34.0,1006.88,2025-11-17,114,4.3,True,Late Delivery
FB001451,Dresses,Zara,West,Mumbai,Flagship,Fall,XS,White,852.29,15.2,722.74,2025-04-01,438,4.2,True,Color Mismatch
FB001452,Dresses,FabIndia,Central,Indore,Flagship,Fall,S,Red,2047.44,17.7,1685.04,2025-09-22,463,2.7,True,
FB001453,Outerwear,H&M,East,Kolkata,Flagship,Winter,M,Red,1577.82,39.5,954.58,2025-05-28,423,3.7,True,Size Issue
FB001454,Bottoms,FabIndia,East,Kolkata,Outlet,Winter,L,Red,2049.84,43.4,1160.21,2025-05-13,120,4.2,False,
FB001455,Outerwear,H&M,Central,Indore,Flagship,Winter,S,Grey,929.31,25.0,696.98,2025-04-25,350,2.2,True,Color Mismatch
FB001456,Dresses,Uniqlo,East,Kolkata,Flagship,Fall,XL,Pink,1463.16,45.8,793.03,2025-08-28,275,4.3,True,
FB001457,Bottoms,H&M,East,Kolkata,Boutique,Winter,L,Red,2493.92,5.0,2369.22,2025-06-23,214,3.2,True,Late Delivery
FB001458,Shoes,Zara,Central,Indore,Boutique,Spring,M,Black,2642.19,22.3,2052.98,2025-01-09,258,4.9,False,
FB001459,Bottoms,Adidas,South,Bangalore,Boutique,Spring,XL,Blue,1415.95,12.7,1236.12,2025-11-13,41,4.8,True,Late Delivery
FB001460,Outerwear,Levis,North,Lucknow,Flagship,Fall,L,Grey,2990.03,13.0,2601.33,2025-02-24,406,4.0,True,Damaged
FB001461,Shoes,Zara,North,Lucknow,Boutique,Fall,XS,Brown,2744.29,27.6,1986.87,2025-09-16,206,4.7,False,
FB001462,Accessories,Uniqlo,West,Surat,Boutique,Spring,XL,Blue,2284.93,14.2,1960.47,2025-01-19,44,3.0,False,
FB001463,Shoes,Puma,North,Jaipur,Boutique,Spring,XL,White,1450.19,1.1,1434.24,2025-10-20,395,4.0,True,Damaged
FB001464,Shoes,Adidas,West,Mumbai,Boutique,Fall,L,Grey,1646.16,14.6,1405.82,2025-02-10,360,4.4,True,Late Delivery
FB001465,Bottoms,Uniqlo,North,Lucknow,Boutique,Fall,M,Red,2450.4,6.6,2288.67,2025-06-14,146,3.5,True,Size Issue
FB001466,Shoes,Allen Solly,North,Delhi,Boutique,Winter,XS,Blue,1900.9,7.7,1754.53,2025-01-01,167,2.3,False,
FB001467,Accessories,Levis,West,Nagpur,Outlet,Winter,M,Pink,2448.58,35.4,1581.78,2025-03-07,352,4.7,False,
FB001468,Tops,Allen Solly,Central,Indore,Outlet,Summer,M,White,2913.78,48.5,1500.6,2025-03-07,179,3.1,False,
FB001469,Accessories,H&M,North,Jaipur,Boutique,Winter,M,Red,842.47,24.0,640.28,2025-09-24,71,2.7,False,
FB001470,Tops,Uniqlo,West,Mumbai,Boutique,Winter,XS,Blue,2041.46,18.0,1674.0,2025-06-23,75,4.2,False,
FB001471,Dresses,FabIndia,West,Ahmedabad,Flagship,Summer,L,Red,2260.89,49.0,1153.05,2025-03-22,295,4.5,True,Damaged
FB001472,Outerwear,Uniqlo,North,Delhi,Flagship,Spring,XL,Blue,799.2,35.5,515.48,2025-07-29,432,4.7,True,Damaged
FB001473,Dresses,Levis,North,Delhi,Flagship,Summer,XS,Blue,2310.14,17.3,1910.49,2025-07-22,288,2.8,False,
FB001474,Dresses,H&M,Central,Indore,Flagship,Spring,XL,Green,1892.84,43.5,1069.45,2025-07-09,297,3.9,False,
FB001475,Outerwear,Puma,Central,Indore,Flagship,Spring,M,Green,926.06,30.3,645.46,2025-05-28,236,4.3,False,
FB001476,Bottoms,Levis,East,Kolkata,Outlet,Spring,M,Red,2516.45,44.9,1386.56,2025-10-14,316,2.6,True,Damaged
FB001477,Accessories,Zara,North,Delhi,Boutique,Winter,XL,Blue,1210.18,4.4,1156.93,2025-07-04,329,4.7,False,
FB001478,Dresses,Levis,South,Bangalore,Flagship,Fall,L,Grey,2729.77,2.5,2661.53,2025-08-21,408,2.9,True,Late Delivery
FB001479,Dresses,H&M,South,Hyderabad,Flagship,Winter,XS,Pink,1677.55,34.7,1095.44,2025-09-29,352,2.1,True,Late Delivery
FB001480,Shoes,FabIndia,West,Nagpur,Boutique,Winter,L,Grey,1361.08,7.7,1256.28,2025-10-27,97,2.2,True,Late Delivery
FB001481,Outerwear,Allen Solly,Central,Indore,Flagship,Spring,XS,Red,1018.12,12.6,889.84,2025-07-07,263,2.7,True,
FB001482,Dresses,FabIndia,East,Kolkata,Flagship,Winter,XS,Pink,1924.09,46.8,1023.62,2025-02-25,29,4.3,False,
FB001483,Dresses,Puma,South,Hyderabad,Flagship,Winter,XS,Red,986.82,2.5,962.15,2025-06-19,309,2.3,True,Damaged
FB001484,Outerwear,Nike,North,Delhi,Flagship,Summer,XS,Pink,1959.25,4.9,1863.25,2025-11-26,91,3.2,True,Damaged
FB001485,Tops,FabIndia,South,Bangalore,Boutique,Winter,M,Black,563.58,8.5,515.68,2025-09-09,433,3.7,False,
FB001486,Bottoms,Zara,Central,Indore,Outlet,Winter,XL,Pink,1797.48,35.6,1157.58,2025-05-08,496,2.4,False,
FB001487,Bottoms,Nike,South,Chennai,Boutique,Fall,S,Pink,870.47,26.0,644.15,2025-10-02,231,3.8,False,
FB001488,Outerwear,Levis,North,Lucknow,Flagship,Fall,L,Blue,1762.38,18.2,1441.63,2025-07-19,399,5.0,False,
FB001489,Bottoms,Adidas,Central,Indore,Outlet,Summer,M,Blue,934.64,34.4,613.12,2025-08-21,44,3.7,True,Damaged
FB001490,Accessories,Zara,West,Mumbai,Outlet,Summer,M,Blue,1109.36,32.0,754.36,2025-10-14,175,4.7,False,
FB001491,Bottoms,Puma,South,Bangalore,Boutique,Winter,S,Blue,1197.93,29.3,846.94,2025-03-01,378,3.3,False,
FB001492,Accessories,Uniqlo,East,Kolkata,Outlet,Summer,L,Brown,1084.65,30.9,749.49,2025-10-07,292,2.8,True,Late Delivery
FB001493,Accessories,FabIndia,East,Kolkata,Outlet,Summer,M,Green,2667.31,47.3,1405.67,2025-07-10,488,2.1,True,Size Issue
FB001494,Outerwear,Nike,Central,Indore,Flagship,Summer,L,Green,883.06,11.8,778.86,2025-01-07,430,3.7,True,Late Delivery
FB001495,Accessories,Zara,Central,Indore,Boutique,Fall,M,Green,2064.49,9.7,1864.23,2025-01-20,273,3.7,False,
FB001496,Dresses,FabIndia,Central,Indore,Flagship,Summer,XS,Red,995.1,36.3,633.88,2025-10-27,348,4.8,True,Late Delivery
FB001497,Shoes,Adidas,South,Chennai,Outlet,Summer,L,Grey,992.86,46.1,535.15,2025-08-14,329,4.4,True,Late Delivery
FB001498,Dresses,Adidas,Central,Indore,Flagship,Summer,XS,Pink,977.66,21.6,766.49,2025-02-05,402,2.6,True,Damaged
FB001499,Dresses,FabIndia,East,Kolkata,Flagship,Winter,M,Green,1017.09,22.5,788.24,2025-08-20,315,4.7,False,
FB001500,Bottoms,Allen Solly,East,Kolkata,Boutique,Summer,XS,Grey,650.66,3.4,628.54,2025-04-25,301,4.3,True,
FB001501,Tops,Puma,Central,Indore,Boutique,Winter,M,Pink,506.29,15.3,428.83,2025-09-05,228,4.3,False,
FB001502,Tops,FabIndia,West,Pune,Boutique,Fall,S,White,886.62,27.3,644.57,2025-06-05,471,2.4,True,Size Issue
FB001503,Tops,Zara,North,Lucknow,Boutique,Winter,XS,Brown,911.75,14.1,783.19,2025-07-08,337,2.8,True,
FB001504,Shoes,H&M,East,Kolkata,Outlet,Winter,XL,Brown,2146.03,39.4,1300.49,2025-12-06,330,3.1,False,
FB001505,Outerwear,Allen Solly,West,Pune,Flagship,Fall,S,Brown,810.82,1.9,795.41,2025-08-17,228,3.0,True,Size Issue
FB001506,Accessories,Zara,East,Kolkata,Boutique,Winter,S,Brown,2305.99,4.2,2209.14,2025-06-07,262,4.2,False,
FB001507,Shoes,Uniqlo,West,Ahmedabad,Boutique,Winter,M,Brown,2396.04,14.1,2058.2,2025-10-12,221,4.4,False,
FB001508,Bottoms,FabIndia,Central,Indore,Outlet,Fall,XS,Red,1204.58,46.6,643.25,2025-10-26,240,2.6,False,
FB001509,Accessories,H&M,West,Pune,Boutique,Fall,L,White,2824.44,21.8,2208.71,2025-02-10,325,3.2,False,
FB001510,Bottoms,Adidas,North,Delhi,Outlet,Winter,S,Pink,1843.13,44.7,1019.25,2025-05-19,424,4.8,False,
FB001511,Dresses,Puma,North,Delhi,Flagship,Winter,XS,Pink,569.09,13.0,495.11,2025-11-19,146,4.2,False,
FB001512,Bottoms,FabIndia,North,Lucknow,Boutique,Spring,M,Grey,1162.83,3.9,1117.48,2025-12-28,327,3.5,True,Color Mismatch
FB001513,Outerwear,H&M,North,Kanpur,Flagship,Summer,S,Grey,2594.3,42.9,1481.35,2025-05-16,82,4.4,False,
FB001514,Dresses,Uniqlo,East,Kolkata,Flagship,Spring,XL,Green,1658.23,41.9,963.43,2025-11-01,31,3.4,False,
FB001515,Accessories,Puma,West,Mumbai,Boutique,Winter,M,Pink,1695.03,10.9,1510.27,2025-12-13,274,4.1,True,Size Issue
FB001516,Tops,Uniqlo,Central,Indore,Outlet,Winter,L,Brown,1505.35,30.7,1043.21,2025-09-19,120,4.4,False,
FB001517,Dresses,FabIndia,South,Hyderabad,Flagship,Winter,S,Brown,1728.47,45.7,938.56,2025-02-02,209,4.0,True,Late Delivery
FB001518,Outerwear,Nike,West,Surat,Flagship,Spring,XS,Blue,602.11,17.1,499.15,2025-08-18,195,4.4,False,
FB001519,Shoes,Allen Solly,West,Pune,Boutique,Winter,XL,Red,1305.6,3.6,1258.6,2025-01-05,442,3.6,False,
FB001520,Tops,Puma,South,Chennai,Outlet,Summer,L,Red,1657.24,34.4,1087.15,2025-10-02,392,2.8,False,
FB001521,Outerwear,Zara,North,Lucknow,Flagship,Spring,L,Brown,1153.4,35.1,748.56,2025-08-16,242,2.1,False,
FB001522,Dresses,Levis,South,Bangalore,Flagship,Fall,M,Red,1286.14,34.3,844.99,2025-02-03,303,4.0,True,Color Mismatch
FB001523,Bottoms,Zara,West,Ahmedabad,Outlet,Summer,M,Pink,2270.78,44.0,1271.64,2025-09-04,62,4.8,True,Color Mismatch
FB001524,Accessories,H&M,East,Kolkata,Boutique,Fall,M,Black,1099.24,29.1,779.36,2025-06-13,409,3.2,True,
FB001525,Tops,Levis,South,Chennai,Boutique,Winter,S,Pink,2657.8,20.9,2102.32,2025-05-13,332,2.3,True,Late Delivery
FB001526,Dresses,Uniqlo,Central,Indore,Flagship,Winter,XS,Brown,2646.92,14.9,2252.53,2025-10-29,399,5.0,True,
FB001527,Dresses,FabIndia,Central,Indore,Flagship,Summer,M,Red,893.59,36.5,567.43,2025-12-16,324,4.1,True,Damaged
FB001528,Dresses,Uniqlo,Central,Indore,Flagship,Winter,XS,Black,638.69,14.4,546.72,2025-06-15,352,2.5,False,
FB001529,Accessories,Adidas,Central,Indore,Outlet,Fall,M,Red,2057.36,33.7,1364.03,2025-09-03,59,3.3,False,
FB001530,Accessories,FabIndia,West,Nagpur,Boutique,Winter,L,Brown,1089.97,6.6,1018.03,2025-02-02,425,5.0,False,
FB001531,Outerwear,Uniqlo,North,Kanpur,Flagship,Summer,M,Brown,1057.7,30.9,730.87,2025-06-29,11,3.9,True,Color Mismatch
FB001532,Outerwear,Nike,East,Kolkata,Flagship,Fall,S,Black,726.97,40.1,435.46,2025-07-19,356,3.7,False,
FB001533,Accessories,Levis,South,Bangalore,Boutique,Winter,XL,Red,2935.34,1.6,2888.37,2025-09-13,400,4.0,False,
FB001534,Shoes,Allen Solly,West,Mumbai,Outlet,Winter,S,Green,1764.79,38.3,1088.88,2025-10-02,155,3.6,False,
FB001535,Bottoms,Uniqlo,Central,Indore,Boutique,Summer,M,Black,2150.25,20.5,1709.45,2025-12-22,137,3.7,True,Damaged
FB001536,Tops,Allen Solly,South,Hyderabad,Boutique,Summer,M,Black,862.32,22.4,669.16,2025-04-17,454,3.0,False,
FB001537,Dresses,FabIndia,North,Lucknow,Flagship,Fall,XL,Grey,769.93,25.4,574.37,2025-08-05,258,4.5,True,Damaged
FB001538,Accessories,Adidas,East,Kolkata,Outlet,Spring,XL,White,1504.41,34.2,989.9,2025-10-31,329,5.0,False,
FB001539,Outerwear,Levis,Central,Indore,Flagship,Fall,L,Pink,2853.47,31.2,1963.19,2025-06-11,342,3.7,False,
FB001540,Dresses,Puma,West,Nagpur,Flagship,Summer,L,Blue,1525.7,18.4,1244.97,2025-08-25,247,4.9,False,
FB001541,Accessories,Uniqlo,West,Mumbai,Boutique,Fall,L,Grey,769.62,16.2,644.94,2025-12-26,448,3.6,True,Color Mismatch
FB001542,Tops,FabIndia,South,Bangalore,Boutique,Fall,XL,White,2947.07,4.6,2811.5,2025-08-09,446,2.6,False,
FB001543,Dresses,Uniqlo,South,Hyderabad,Flagship,Winter,L,White,808.16,29.9,566.52,2025-11-22,467,2.5,False,
FB001544,Tops,Adidas,East,Kolkata,Outlet,Spring,S,Black,2361.56,35.4,1525.57,2025-11-01,125,2.5,False,
FB001545,Shoes,Nike,Central,Indore,Boutique,Fall,XL,Black,656.05,2.4,640.3,2025-08-14,98,3.5,True,Size Issue
FB001546,Bottoms,Nike,East,Kolkata,Boutique,Spring,M,Blue,2303.78,14.1,1978.95,2025-03-28,31,4.9,False,
FB001547,Outerwear,Adidas,North,Kanpur,Flagship,Summer,M,White,1588.6,2.3,1552.06,2025-06-15,42,4.8,True,Color Mismatch
FB001548,Accessories,H&M,West,Ahmedabad,Boutique,Winter,S,White,2036.96,2.3,1990.11,2025-01-14,275,3.2,False,
FB001549,Dresses,Uniqlo,Central,Indore,Flagship,Winter,L,Blue,2397.51,19.4,1932.39,2025-10-27,494,3.6,False,
FB001550,Accessories,Zara,East,Kolkata,Boutique,Spring,M,White,2985.82,4.6,2848.47,2025-06-21,473,4.9,True,Late Delivery
FB001551,Tops,Nike,South,Bangalore,Boutique,Summer,S,Red,1227.11,6.4,1148.57,2025-09-09,276,2.7,False,
FB001552,Tops,Puma,South,Chennai,Outlet,Spring,M,White,2758.28,44.3,1536.36,2025-06-20,446,4.1,True,Damaged
FB001553,Outerwear,Uniqlo,North,Kanpur,Flagship,Winter,S,Grey,808.75,43.6,456.14,2025-09-13,498,2.5,True,Damaged
FB001554,Outerwear,Uniqlo,South,Hyderabad,Flagship,Fall,XL,Blue,1769.22,18.1,1448.99,2025-06-30,483,3.6,False,
FB001555,Accessories,Nike,Central,Indore,Boutique,Fall,S,Green,2366.91,2.1,2317.2,2025-07-12,46,4.2,True,Late Delivery
FB001556,Tops,Uniqlo,Central,Indore,Outlet,Winter,M,Brown,2991.29,34.7,1953.31,2025-08-30,46,4.9,True,
FB001557,Tops,Adidas,West,Pune,Outlet,Spring,XS,White,2036.13,47.4,1071.0,2025-02-26,163,2.6,True,
FB001558,Bottoms,H&M,West,Pune,Boutique,Summer,XL,Red,2625.5,27.7,1898.24,2025-02-25,279,3.6,True,Damaged
FB001559,Dresses,Nike,West,Mumbai,Flagship,Spring,M,Brown,1732.18,13.7,1494.87,2025-06-04,80,4.5,True,
FB001560,Shoes,Adidas,East,Kolkata,Boutique,Summer,L,Pink,2545.37,22.5,1972.66,2025-09-04,322,3.5,True,Late Delivery
FB001561,Shoes,Adidas,West,Nagpur,Boutique,Winter,L,Brown,1213.55,24.2,919.87,2025-07-28,106,4.7,False,
FB001562,Tops,Allen Solly,West,Surat,Boutique,Summer,M,Pink,918.9,27.9,662.53,2025-08-30,379,4.9,True,Size Issue
FB001563,Outerwear,Zara,Central,Indore,Flagship,Winter,XL,White,2108.61,42.4,1214.56,2025-10-31,357,2.6,True,Size Issue
FB001564,Tops,Uniqlo,South,Chennai,Boutique,Summer,M,Brown,2329.01,28.8,1658.26,2025-11-03,398,2.3,True,
FB001565,Accessories,Puma,South,Bangalore,Boutique,Spring,S,Grey,695.0,22.5,538.62,2025-08-22,266,2.1,False,
FB001566,Accessories,Puma,East,Kolkata,Outlet,Spring,XL,Green,2503.9,46.1,1349.6,2025-12-12,332,3.1,True,Damaged
FB001567,Dresses,Uniqlo,Central,Indore,Flagship,Spring,L,Pink,2994.59,8.8,2731.07,2025-01-24,144,2.7,False,
FB001568,Dresses,Uniqlo,West,Pune,Flagship,Spring,XL,Black,2970.05,16.9,2468.11,2025-12-14,399,4.6,False,
FB001569,Bottoms,Nike,South,Chennai,Boutique,Fall,L,Red,2393.86,7.8,2207.14,2025-08-15,152,4.3,True,
FB001570,Dresses,Zara,South,Hyderabad,Flagship,Fall,S,Pink,2253.89,16.2,1888.76,2025-06-23,431,4.1,False,
FB001571,Tops,Zara,North,Kanpur,Outlet,Spring,M,Blue,2421.13,37.5,1513.21,2025-11-22,394,2.5,False,
FB001572,Accessories,H&M,Central,Indore,Boutique,Fall,S,Brown,2713.34,25.8,2013.3,2025-04-10,89,3.9,False,
FB001573,Dresses,FabIndia,North,Jaipur,Flagship,Winter,M,White,1330.97,38.7,815.88,2025-12-31,342,4.0,True,Size Issue
FB001574,Shoes,Uniqlo,North,Kanpur,Boutique,Winter,S,Brown,781.32,2.0,765.69,2025-11-07,426,2.8,False,
FB001575,Tops,Allen Solly,North,Kanpur,Boutique,Spring,S,White,1197.25,22.4,929.07,2025-06-27,367,4.0,False,
FB001576,Accessories,H&M,East,Kolkata,Boutique,Fall,L,Blue,759.78,27.2,553.12,2025-04-23,345,2.5,False,
FB001577,Dresses,Puma,North,Delhi,Flagship,Fall,L,Red,2640.65,4.8,2513.9,2025-03-08,416,3.6,False,
FB001578,Bottoms,H&M,South,Bangalore,Boutique,Summer,L,White,735.92,27.7,532.07,2025-07-10,487,2.3,True,Damaged
FB001579,Bottoms,H&M,East,Kolkata,Outlet,Spring,XL,Brown,2631.38,33.8,1741.97,2025-12-21,442,3.9,True,Late Delivery
FB001580,Shoes,Adidas,West,Mumbai,Boutique,Winter,XL,Red,1906.94,8.4,1746.76,2025-03-03,71,3.4,False,
FB001581,Dresses,H&M,South,Chennai,Flagship,Summer,M,Grey,1411.95,22.8,1090.03,2025-01-25,290,4.9,True,Color Mismatch
FB001582,Dresses,Zara,South,Bangalore,Flagship,Spring,M,Brown,1278.86,33.0,856.84,2025-05-14,105,2.1,True,Color Mismatch
FB001583,Shoes,Zara,East,Kolkata,Boutique,Summer,M,Green,2966.58,28.2,2130.0,2025-01-22,142,2.0,False,
FB001584,Dresses,Allen Solly,East,Kolkata,Flagship,Fall,L,Brown,569.61,22.4,442.02,2025-01-13,99,2.9,True,Size Issue
FB001585,Tops,Allen Solly,North,Delhi,Outlet,Summer,M,Brown,1429.7,36.4,909.29,2025-06-07,262,4.0,True,Late Delivery
FB001586,Shoes,FabIndia,South,Chennai,Outlet,Winter,L,Pink,2887.09,42.4,1662.96,2025-12-02,294,4.5,True,
FB001587,Outerwear,H&M,West,Surat,Flagship,Spring,L,Black,1650.14,6.6,1541.23,2025-12-04,360,4.2,True,Color Mismatch
FB001588,Bottoms,Nike,North,Lucknow,Boutique,Fall,XS,Pink,509.51,10.0,458.56,2025-01-31,483,2.4,False,
FB001589,Tops,Zara,South,Hyderabad,Boutique,Fall,XS,Grey,2967.8,30.0,2077.46,2025-06-06,373,2.4,False,
FB001590,Tops,Nike,South,Bangalore,Boutique,Summer,S,Green,2423.62,0.2,2418.77,2025-07-12,68,4.6,False,
FB001591,Outerwear,Zara,South,Bangalore,Flagship,Winter,XS,Red,2074.92,10.7,1852.9,2025-03-18,75,4.0,True,Size Issue
FB001592,Bottoms,H&M,East,Kolkata,Boutique,Summer,XL,Grey,1542.18,23.7,1176.68,2025-07-27,468,3.4,False,
FB001593,Shoes,Zara,East,Kolkata,Outlet,Spring,L,White,1698.11,41.6,991.7,2025-04-02,445,4.4,False,
FB001594,Dresses,Levis,East,Kolkata,Flagship,Spring,XS,Grey,2670.02,28.4,1911.73,2025-01-20,264,3.6,False,
FB001595,Dresses,Allen Solly,North,Jaipur,Flagship,Winter,M,Black,1286.49,20.2,1026.62,2025-08-16,267,4.5,False,
FB001596,Bottoms,FabIndia,North,Kanpur,Outlet,Summer,XS,Black,2217.61,32.5,1496.89,2025-09-22,365,2.9,True,Size Issue
FB001597,Dresses,Adidas,North,Jaipur,Flagship,Summer,L,Grey,1980.63,16.0,1663.73,2025-04-23,210,3.2,False,
FB001598,Accessories,Nike,Central,Indore,Boutique,Fall,XL,Green,2952.71,26.4,2173.19,2025-01-11,250,2.2,True,Size Issue
FB001599,Dresses,Nike,South,Chennai,Flagship,Summer,XL,Grey,1767.48,7.1,1641.99,2025-05-15,436,3.4,True,Late Delivery
FB001600,Outerwear,FabIndia,East,Kolkata,Flagship,Summer,S,White,989.98,43.4,560.33,2025-01-04,362,4.8,False,
FB001601,Accessories,Uniqlo,East,Kolkata,Boutique,Winter,L,Green,2608.13,4.9,2480.33,2025-07-22,287,4.2,True,Late Delivery
FB001602,Bottoms,Allen Solly,West,Pune,Outlet,Summer,XS,Pink,1607.83,37.2,1009.72,2025-06-21,276,2.3,False,
FB001603,Dresses,Uniqlo,West,Surat,Flagship,Summer,XS,Blue,530.52,17.6,437.15,2025-03-23,208,4.1,False,
FB001604,Accessories,Allen Solly,Central,Indore,Boutique,Spring,S,Black,2734.75,8.8,2494.09,2025-07-06,72,2.6,True,Size Issue
FB001605,Dresses,Nike,Central,Indore,Flagship,Winter,M,Pink,1520.36,32.0,1033.84,2025-02-04,321,2.7,True,Late Delivery
FB001606,Bottoms,Zara,North,Jaipur,Boutique,Spring,L,Red,2328.71,0.0,2328.71,2025-02-20,82,3.4,False,
FB001607,Bottoms,Uniqlo,North,Kanpur,Boutique,Fall,L,Green,2075.35,6.8,1934.23,2025-06-27,412,2.4,False,
FB001608,Outerwear,H&M,Central,Indore,Flagship,Spring,XL,Black,734.81,37.2,461.46,2025-05-04,32,2.8,True,Damaged
FB001609,Bottoms,Allen Solly,South,Chennai,Outlet,Summer,XS,Brown,919.9,34.9,598.85,2025-07-13,467,3.9,True,
FB001610,Shoes,Nike,North,Delhi,Boutique,Spring,XS,Grey,1599.27,26.4,1177.06,2025-06-08,184,3.4,False,
FB001611,Tops,Levis,East,Kolkata,Outlet,Fall,L,Grey,2741.12,46.6,1463.76,2025-04-09,485,3.9,False,
FB001612,Accessories,H&M,Central,Indore,Boutique,Spring,M,Pink,1479.12,5.2,1402.21,2025-03-16,69,4.8,True,
FB001613,Outerwear,Zara,Central,Indore,Flagship,Fall,XL,Black,2005.35,34.7,1309.49,2025-12-30,123,2.5,True,Late Delivery
FB001614,Bottoms,Zara,North,Kanpur,Outlet,Fall,M,Green,1575.5,49.9,789.33,2025-11-20,173,3.9,True,Color Mismatch
FB001615,Dresses,Nike,East,Kolkata,Flagship,Summer,XL,Black,2807.93,25.1,2103.14,2025-09-28,111,4.0,False,
FB001616,Outerwear,Puma,South,Bangalore,Flagship,Winter,L,Green,939.04,42.0,544.64,2025-10-22,414,2.3,True,Size Issue
FB001617,Accessories,FabIndia,South,Chennai,Outlet,Winter,S,Blue,598.55,37.9,371.7,2025-08-19,221,2.7,True,
FB001618,Shoes,Adidas,South,Bangalore,Outlet,Spring,XS,Black,1483.94,40.2,887.4,2025-05-08,409,3.5,True,Color Mismatch
FB001619,Dresses,H&M,South,Chennai,Flagship,Winter,XS,Blue,1891.14,32.7,1272.74,2025-11-01,277,3.3,False,
FB001620,Bottoms,H&M,West,Mumbai,Boutique,Winter,XS,Brown,1107.85,4.8,1054.67,2025-10-10,283,3.8,True,Color Mismatch
FB001621,Bottoms,H&M,South,Hyderabad,Outlet,Fall,XS,Grey,1353.81,48.7,694.5,2025-02-11,341,3.7,True,Color Mismatch
FB001622,Dresses,Nike,Central,Indore,Flagship,Winter,S,Green,1095.09,48.9,559.59,2025-06-06,139,2.2,False,
FB001623,Bottoms,Levis,North,Jaipur,Outlet,Winter,L,White,2212.47,41.4,1296.51,2025-03-17,38,2.8,True,
FB001624,Accessories,Uniqlo,East,Kolkata,Boutique,Summer,S,Green,1481.2,15.5,1251.61,2025-10-11,372,3.2,False,
FB001625,Shoes,Nike,South,Hyderabad,Outlet,Winter,S,Brown,1106.1,34.3,726.71,2025-10-12,219,4.8,True,
FB001626,Shoes,FabIndia,East,Kolkata,Boutique,Fall,M,Black,1876.27,21.4,1474.75,2025-04-05,50,3.3,False,
FB001627,Tops,Levis,Central,Indore,Boutique,Winter,XS,Black,1489.1,25.4,1110.87,2025-02-01,48,3.2,False,
FB001628,Tops,FabIndia,North,Delhi,Boutique,Spring,M,White,2506.45,4.8,2386.14,2025-07-26,170,3.6,True,Size Issue
FB001629,Tops,H&M,West,Ahmedabad,Boutique,Winter,L,White,1452.1,25.7,1078.91,2025-02-19,162,4.0,False,
FB001630,Accessories,FabIndia,Central,Indore,Boutique,Fall,L,White,2508.3,21.6,1966.51,2025-09-19,74,3.4,False,
FB001631,Shoes,Uniqlo,South,Chennai,Outlet,Summer,XL,Grey,960.87,37.9,596.7,2025-10-18,11,4.1,False,
FB001632,Bottoms,Allen Solly,West,Ahmedabad,Outlet,Winter,L,White,1945.0,49.0,991.95,2025-12-18,112,4.3,False,
FB001633,Bottoms,H&M,North,Kanpur,Outlet,Summer,XS,Pink,2779.35,30.4,1934.43,2025-05-20,56,4.3,True,Late Delivery
FB001634,Tops,Levis,North,Jaipur,Outlet,Fall,L,Pink,554.27,38.7,339.77,2025-02-09,275,2.1,False,
FB001635,Dresses,Adidas,West,Ahmedabad,Flagship,Spring,XL,White,2552.33,36.3,1625.83,2025-02-15,208,2.8,False,
FB001636,Tops,H&M,Central,Indore,Boutique,Fall,XL,Black,2976.58,15.9,2503.3,2025-11-26,321,2.8,False,
FB001637,Tops,FabIndia,North,Jaipur,Boutique,Summer,L,Green,2527.03,29.7,1776.5,2025-05-28,366,4.3,True,Late Delivery
FB001638,Outerwear,Levis,South,Bangalore,Flagship,Summer,M,Blue,2150.57,34.7,1404.32,2025-01-18,323,3.0,False,
FB001639,Outerwear,Nike,South,Hyderabad,Flagship,Fall,S,Grey,732.48,17.1,607.23,2025-04-02,242,2.6,False,
FB001640,Tops,FabIndia,North,Kanpur,Boutique,Winter,XS,White,1211.6,15.7,1021.38,2025-12-12,80,3.0,True,Damaged
FB001641,Dresses,H&M,West,Ahmedabad,Flagship,Fall,S,Black,1494.52,2.8,1452.67,2025-03-23,368,2.1,True,Color Mismatch
FB001642,Dresses,Levis,East,Kolkata,Flagship,Winter,M,Blue,1484.65,44.5,823.98,2025-12-17,331,2.2,True,Size Issue
FB001643,Accessories,Zara,North,Lucknow,Boutique,Winter,L,Blue,2876.69,15.1,2442.31,2025-05-17,200,2.3,False,
FB001644,Accessories,Allen Solly,West,Pune,Boutique,Winter,L,Pink,2353.82,15.0,2000.75,2025-02-07,347,2.5,True,Damaged
FB001645,Outerwear,Levis,West,Surat,Flagship,Fall,L,Grey,1403.08,7.5,1297.85,2025-08-12,156,2.9,True,Color Mismatch
FB001646,Bottoms,FabIndia,North,Jaipur,Outlet,Spring,S,Green,2932.69,38.8,1794.81,2025-02-09,123,2.0,False,
FB001647,Shoes,Allen Solly,South,Hyderabad,Boutique,Spring,XS,Blue,1308.28,2.9,1270.34,2025-07-04,292,4.9,False,
FB001648,Dresses,Allen Solly,South,Hyderabad,Flagship,Summer,L,Brown,731.01,28.0,526.33,2025-06-20,453,2.7,False,
FB001649,Bottoms,Zara,North,Delhi,Outlet,Fall,XL,Grey,2267.14,49.3,1149.44,2025-11-01,133,4.6,False,
FB001650,Dresses,Zara,North,Kanpur,Flagship,Summer,L,White,1884.46,36.4,1198.52,2025-01-05,192,2.8,True,Damaged
FB001651,Bottoms,Zara,East,Kolkata,Boutique,Winter,XS,Green,773.86,12.6,676.35,2025-07-05,349,4.6,False,
FB001652,Shoes,Puma,South,Chennai,Outlet,Winter,M,Red,2544.52,43.0,1450.38,2025-01-15,486,3.8,False,
FB001653,Outerwear,Levis,North,Delhi,Flagship,Summer,XS,Black,930.45,38.5,572.23,2025-10-29,182,3.7,True,Size Issue
FB001654,Outerwear,Zara,East,Kolkata,Flagship,Spring,XS,Grey,642.9,6.3,602.4,2025-04-24,96,4.5,False,
FB001655,Dresses,Uniqlo,South,Bangalore,Flagship,Summer,XS,Brown,1745.17,47.7,912.72,2025-01-24,161,2.4,True,Color Mismatch
FB001656,Accessories,Adidas,North,Jaipur,Outlet,Summer,M,Black,1944.39,34.6,1271.63,2025-04-13,282,2.6,True,
FB001657,Tops,Levis,East,Kolkata,Boutique,Summer,XL,Pink,1106.41,6.4,1035.6,2025-03-28,189,4.0,True,Color Mismatch
FB001658,Bottoms,H&M,Central,Indore,Outlet,Spring,S,Black,902.37,46.0,487.28,2025-12-23,374,3.5,True,Color Mismatch
FB001659,Bottoms,Adidas,West,Nagpur,Boutique,Winter,M,Red,596.8,5.4,564.57,2025-01-26,102,3.9,False,
FB001660,Accessories,Adidas,East,Kolkata,Boutique,Summer,XL,Green,1333.51,26.8,976.13,2025-02-21,341,2.1,True,Size Issue
FB001661,Bottoms,Nike,Central,Indore,Boutique,Winter,XS,Red,1632.49,8.9,1487.2,2025-05-24,342,4.6,False,
FB001662,Outerwear,H&M,West,Surat,Flagship,Spring,S,White,2952.71,47.1,1561.98,2025-06-29,174,3.8,False,
FB001663,Accessories,FabIndia,South,Chennai,Boutique,Summer,XL,Pink,2380.59,16.2,1994.93,2025-04-16,179,3.0,True,Size Issue
FB001664,Outerwear,Levis,East,Kolkata,Flagship,Summer,L,Grey,2632.65,18.0,2158.77,2025-02-15,192,2.1,False,
FB001665,Tops,Nike,Central,Indore,Boutique,Summer,S,Grey,2172.86,23.8,1655.72,2025-03-01,316,3.9,False,
FB001666,Dresses,Allen Solly,North,Jaipur,Flagship,Fall,M,Green,2717.24,43.2,1543.39,2025-01-23,13,2.5,False,
FB001667,Bottoms,Uniqlo,South,Hyderabad,Outlet,Winter,L,Green,2433.24,42.8,1391.81,2025-08-16,309,3.7,False,
FB001668,Accessories,FabIndia,East,Kolkata,Boutique,Spring,S,Pink,2977.94,27.0,2173.9,2025-06-25,281,4.8,False,
FB001669,Dresses,Puma,Central,Indore,Flagship,Spring,S,White,1691.6,37.4,1058.94,2025-09-20,130,3.5,True,Size Issue
FB001670,Shoes,FabIndia,South,Hyderabad,Boutique,Spring,XS,Pink,2720.64,25.6,2024.16,2025-07-25,207,4.9,True,Size Issue
FB001671,Shoes,Nike,East,Kolkata,Boutique,Winter,S,Green,963.91,6.3,903.18,2025-03-23,459,2.3,True,Color Mismatch
FB001672,Accessories,H&M,South,Bangalore,Outlet,Summer,XS,Pink,733.25,33.0,491.28,2025-07-17,191,2.7,True,Size Issue
FB001673,Accessories,Puma,Central,Indore,Boutique,Summer,L,Grey,2226.65,6.4,2084.14,2025-03-25,40,4.1,False,
FB001674,Dresses,Nike,West,Ahmedabad,Flagship,Fall,XL,Blue,699.3,34.7,456.64,2025-03-22,405,2.4,True,Late Delivery
FB001675,Shoes,Zara,West,Surat,Outlet,Winter,XS,Pink,2093.3,40.7,1241.33,2025-07-06,212,2.3,False,
FB001676,Bottoms,Adidas,East,Kolkata,Boutique,Fall,M,White,778.36,16.8,647.6,2025-10-07,303,4.1,True,Size Issue
FB001677,Outerwear,FabIndia,West,Mumbai,Flagship,Winter,L,Brown,558.61,41.1,329.02,2025-03-11,446,4.3,False,
FB001678,Dresses,Puma,Central,Indore,Flagship,Fall,XL,Brown,836.15,4.6,797.69,2025-05-08,278,5.0,True,
FB001679,Outerwear,Puma,North,Delhi,Flagship,Spring,XS,Green,2861.87,44.5,1588.34,2025-09-01,202,4.2,True,
FB001680,Bottoms,FabIndia,North,Jaipur,Boutique,Winter,XS,Red,2435.19,22.8,1879.97,2025-08-03,405,4.0,False,
FB001681,Tops,H&M,Central,Indore,Boutique,Winter,S,Brown,1235.38,17.7,1016.72,2025-10-18,460,3.5,False,
FB001682,Bottoms,Adidas,North,Kanpur,Boutique,Winter,S,Green,1912.58,4.2,1832.25,2025-06-29,338,4.3,False,
FB001683,Tops,Levis,East,Kolkata,Outlet,Winter,L,Brown,1637.84,32.8,1100.63,2025-10-02,126,4.5,False,
FB001684,Outerwear,Allen Solly,South,Hyderabad,Flagship,Fall,M,White,1553.56,1.7,1527.15,2025-03-23,121,4.4,True,Color Mismatch
FB001685,Tops,Adidas,East,Kolkata,Boutique,Fall,XL,Grey,1458.58,20.4,1161.03,2025-05-23,63,2.4,True,Size Issue
FB001686,Shoes,H&M,North,Lucknow,Boutique,Summer,S,White,2164.09,17.6,1783.21,2025-06-13,162,4.7,True,
FB001687,Bottoms,Puma,North,Kanpur,Outlet,Spring,L,White,930.21,42.9,531.15,2025-02-18,408,4.4,True,Late Delivery
FB001688,Tops,Nike,North,Jaipur,Boutique,Summer,XS,Black,2791.12,9.3,2531.55,2025-03-11,210,4.6,True,Late Delivery
FB001689,Accessories,Levis,West,Pune,Boutique,Fall,M,Blue,1848.07,28.5,1321.37,2025-05-09,132,3.4,False,
FB001690,Bottoms,Allen Solly,West,Mumbai,Boutique,Summer,M,Red,1096.27,13.3,950.47,2025-10-08,348,2.1,False,
FB001691,Dresses,Puma,North,Lucknow,Flagship,Fall,S,Blue,1480.92,41.4,867.82,2026-01-01,101,2.4,False,
FB001692,Shoes,FabIndia,West,Surat,Boutique,Spring,L,Green,1527.92,27.3,1110.8,2025-11-15,338,2.0,False,
FB001693,Outerwear,Zara,Central,Indore,Flagship,Winter,M,Green,1911.52,38.1,1183.23,2025-05-20,428,4.0,True,Size Issue
FB001694,Outerwear,Allen Solly,Central,Indore,Flagship,Fall,S,Blue,1775.84,5.5,1678.17,2025-03-13,125,2.2,True,Late Delivery
FB001695,Tops,Nike,Central,Indore,Boutique,Fall,L,White,1124.25,6.0,1056.79,2025-11-06,236,3.8,True,Color Mismatch
FB001696,Dresses,Puma,South,Hyderabad,Flagship,Fall,L,Pink,2715.69,19.5,2186.13,2025-11-11,74,4.4,True,Damaged
FB001697,Accessories,Allen Solly,North,Lucknow,Boutique,Fall,XL,White,1032.75,8.2,948.06,2025-08-27,491,2.6,False,
FB001698,Dresses,Levis,Central,Indore,Flagship,Spring,XS,Grey,709.54,33.8,469.72,2025-05-17,291,2.1,False,
FB001699,Bottoms,H&M,North,Jaipur,Outlet,Winter,L,Brown,1352.03,38.6,830.15,2025-09-09,375,4.7,True,
FB001700,Tops,Nike,Central,Indore,Outlet,Summer,XS,Blue,1848.72,36.4,1175.79,2025-10-31,156,3.1,True,Late Delivery
FB001701,Tops,Adidas,South,Chennai,Outlet,Spring,S,Green,1950.9,42.4,1123.72,2025-03-15,118,2.9,False,
FB001702,Tops,Nike,West,Ahmedabad,Outlet,Winter,S,Red,1229.9,40.7,729.33,2025-09-12,363,3.3,True,
FB001703,Accessories,Levis,North,Jaipur,Outlet,Winter,S,Blue,2364.73,34.0,1560.72,2025-10-11,14,2.4,True,Color Mismatch
FB001704,Outerwear,Zara,South,Chennai,Flagship,Winter,XS,Green,568.56,24.0,432.11,2025-02-06,251,2.9,True,Damaged
FB001705,Bottoms,Zara,West,Pune,Outlet,Fall,M,Blue,1873.35,31.7,1279.5,2025-01-29,459,3.6,False,
FB001706,Shoes,H&M,East,Kolkata,Outlet,Fall,XS,Pink,1221.24,37.0,769.38,2025-08-06,337,2.8,False,
FB001707,Tops,Uniqlo,Central,Indore,Outlet,Winter,L,Brown,1559.06,43.8,876.19,2025-07-29,42,3.9,False,
FB001708,Outerwear,H&M,Central,Indore,Flagship,Winter,L,Grey,1279.48,23.8,974.96,2025-12-20,283,3.3,False,
FB001709,Outerwear,H&M,East,Kolkata,Flagship,Summer,XL,Red,2270.78,22.4,1762.13,2025-07-23,362,3.8,False,
FB001710,Shoes,FabIndia,Central,Indore,Outlet,Winter,S,Brown,913.46,49.5,461.3,2025-08-18,410,2.9,False,
FB001711,Tops,Uniqlo,North,Lucknow,Boutique,Summer,M,Blue,911.57,23.2,700.09,2025-10-12,101,4.9,True,Size Issue
FB001712,Tops,Uniqlo,South,Bangalore,Boutique,Winter,XS,Pink,1543.91,20.6,1225.86,2025-03-03,46,4.4,True,Color Mismatch
FB001713,Shoes,Puma,North,Delhi,Outlet,Winter,L,Brown,589.11,34.8,384.1,2025-09-16,360,4.5,True,Late Delivery
FB001714,Tops,H&M,Central,Indore,Boutique,Summer,S,Blue,2597.59,16.0,2181.98,2025-05-25,341,3.5,False,
FB001715,Bottoms,H&M,North,Delhi,Outlet,Spring,L,Brown,1213.85,47.3,639.7,2025-06-02,432,2.3,True,
FB001716,Shoes,Nike,South,Chennai,Boutique,Summer,XS,Green,883.86,26.7,647.87,2025-12-06,182,2.6,True,Size Issue
FB001717,Tops,Uniqlo,West,Pune,Outlet,Summer,XS,Red,1904.46,47.1,1007.46,2025-03-31,38,3.5,False,
FB001718,Tops,H&M,North,Delhi,Outlet,Winter,XL,Grey,1739.5,44.9,958.46,2025-02-16,88,4.9,True,Damaged
FB001719,Dresses,FabIndia,North,Kanpur,Flagship,Fall,M,Green,962.91,11.2,855.06,2025-09-23,340,5.0,True,Size Issue
FB001720,Outerwear,FabIndia,West,Surat,Flagship,Winter,S,Black,2388.02,36.9,1506.84,2025-02-25,38,2.5,False,
FB001721,Dresses,Zara,Central,Indore,Flagship,Winter,M,Blue,2295.27,3.5,2214.94,2025-08-12,135,2.5,False,
FB001722,Dresses,Puma,West,Mumbai,Flagship,Winter,XS,Red,1240.76,25.6,923.13,2025-06-27,176,4.3,True,
FB001723,Bottoms,Levis,East,Kolkata,Outlet,Spring,S,Blue,1269.1,40.5,755.11,2025-05-21,102,4.6,False,
FB001724,Shoes,FabIndia,North,Jaipur,Outlet,Summer,M,White,2260.31,44.0,1265.77,2025-03-11,432,3.6,False,
FB001725,Bottoms,Levis,West,Nagpur,Outlet,Summer,XL,Black,1661.06,47.9,865.41,2025-11-17,446,3.6,True,Size Issue
FB001726,Tops,Allen Solly,North,Jaipur,Boutique,Fall,M,Red,2900.77,6.7,2706.42,2025-07-21,294,2.7,True,Late Delivery
FB001727,Bottoms,Allen Solly,South,Hyderabad,Outlet,Fall,XS,Grey,626.28,42.3,361.36,2025-10-28,155,3.2,False,
FB001728,Dresses,Adidas,West,Ahmedabad,Flagship,Spring,XL,Red,562.04,42.2,324.86,2025-12-23,462,4.8,False,
FB001729,Tops,Zara,South,Bangalore,Boutique,Spring,XS,Pink,2875.2,26.0,2127.65,2025-03-12,462,4.7,False,
FB001730,Tops,Nike,Central,Indore,Outlet,Summer,M,Red,1410.99,44.4,784.51,2025-02-11,179,4.4,True,Late Delivery
FB001731,Dresses,H&M,South,Bangalore,Flagship,Winter,XL,Pink,1683.36,43.7,947.73,2025-02-23,150,3.0,False,
FB001732,Outerwear,Adidas,South,Chennai,Flagship,Summer,S,Blue,1274.29,11.2,1131.57,2025-11-09,70,4.2,False,
FB001733,Outerwear,Uniqlo,South,Bangalore,Flagship,Winter,XL,Blue,2552.57,3.8,2455.57,2025-02-19,135,2.1,True,Damaged
FB001734,Bottoms,Nike,East,Kolkata,Outlet,Summer,M,White,2407.7,42.3,1389.24,2025-04-12,138,3.1,False,
FB001735,Dresses,Allen Solly,South,Chennai,Flagship,Winter,XL,Grey,1021.88,47.7,534.44,2025-06-22,318,4.7,True,Damaged
FB001736,Outerwear,Uniqlo,South,Chennai,Flagship,Winter,M,Brown,2692.93,13.5,2329.38,2025-10-10,436,3.9,True,Size Issue
FB001737,Outerwear,Zara,East,Kolkata,Flagship,Summer,L,Red,851.31,0.3,848.76,2025-03-16,172,3.6,False,
FB001738,Shoes,Uniqlo,Central,Indore,Boutique,Winter,XL,Pink,1978.59,24.6,1491.86,2025-07-26,134,4.0,False,
FB001739,Shoes,Zara,North,Kanpur,Outlet,Spring,L,Grey,718.24,49.2,364.87,2025-03-03,411,4.4,False,
FB001740,Bottoms,Levis,East,Kolkata,Outlet,Winter,S,White,2772.74,43.9,1555.51,2025-04-19,264,5.0,True,Size Issue
FB001741,Dresses,Zara,South,Hyderabad,Flagship,Winter,S,Black,2482.33,14.3,2127.36,2025-03-30,94,3.9,False,
FB001742,Outerwear,Zara,West,Surat,Flagship,Winter,S,Brown,2110.94,2.8,2051.83,2025-03-08,276,3.7,False,
FB001743,Outerwear,Nike,South,Hyderabad,Flagship,Winter,L,White,1081.44,14.9,920.31,2025-11-19,114,4.8,True,Damaged
FB001744,Tops,Nike,East,Kolkata,Boutique,Summer,XL,White,2366.49,21.5,1857.69,2025-06-01,140,4.3,False,
FB001745,Dresses,Zara,South,Chennai,Flagship,Fall,XL,Green,1002.63,43.8,563.48,2025-06-16,234,4.4,False,
FB001746,Tops,Uniqlo,Central,Indore,Boutique,Fall,S,Grey,583.83,9.7,527.2,2025-10-12,125,4.8,True,Damaged
FB001747,Shoes,Adidas,North,Lucknow,Outlet,Summer,S,Black,2662.67,33.1,1781.33,2025-07-26,332,2.3,True,Color Mismatch
FB001748,Accessories,Adidas,Central,Indore,Boutique,Spring,XL,Black,1992.97,12.7,1739.86,2025-07-16,222,4.5,True,Color Mismatch
FB001749,Shoes,Adidas,South,Chennai,Boutique,Winter,M,Blue,2093.35,18.7,1701.89,2025-01-13,396,3.2,False,
FB001750,Bottoms,Puma,West,Ahmedabad,Boutique,Fall,M,Pink,1622.62,1.1,1604.77,2025-01-29,350,2.0,False,
FB001751,Bottoms,Adidas,North,Delhi,Outlet,Winter,L,Green,977.3,42.7,559.99,2025-04-12,352,2.5,True,Damaged
FB001752,Dresses,FabIndia,South,Hyderabad,Flagship,Spring,M,Black,2138.29,45.9,1156.81,2025-07-30,36,2.8,True,
FB001753,Bottoms,Nike,East,Kolkata,Boutique,Winter,XS,Grey,871.76,22.7,673.87,2025-10-01,357,3.4,False,
FB001754,Tops,FabIndia,Central,Indore,Boutique,Winter,S,Pink,2653.73,5.0,2521.04,2025-04-08,289,2.0,False,
FB001755,Tops,H&M,South,Chennai,Outlet,Fall,XS,Red,1420.4,46.7,757.07,2025-05-07,40,2.7,True,Damaged
FB001756,Dresses,Uniqlo,West,Nagpur,Flagship,Winter,M,Green,2976.28,9.6,2690.56,2025-06-27,460,4.0,True,Size Issue
FB001757,Bottoms,Levis,South,Chennai,Outlet,Winter,XL,Grey,1018.75,48.8,521.6,2025-12-20,35,3.0,False,
FB001758,Outerwear,Adidas,North,Kanpur,Flagship,Spring,XL,Grey,2652.15,2.5,2585.85,2025-02-12,146,3.0,False,
FB001759,Dresses,FabIndia,North,Delhi,Flagship,Summer,XL,Black,1000.24,23.3,767.18,2025-06-16,277,2.7,True,Damaged
FB001760,Bottoms,H&M,North,Jaipur,Boutique,Fall,L,White,1197.56,24.4,905.36,2025-01-05,143,3.0,True,
FB001761,Outerwear,Levis,South,Bangalore,Flagship,Winter,S,Pink,1482.9,26.1,1095.86,2025-08-03,19,2.6,False,
FB001762,Outerwear,Levis,North,Delhi,Flagship,Summer,S,Green,1843.44,27.5,1336.49,2025-08-03,376,4.4,True,Damaged
FB001763,Outerwear,Allen Solly,Central,Indore,Flagship,Winter,XS,White,2196.65,49.6,1107.11,2025-12-15,259,4.0,True,Color Mismatch
FB001764,Accessories,Allen Solly,South,Chennai,Outlet,Summer,S,Blue,2821.84,31.4,1935.78,2025-07-25,485,4.3,True,Color Mismatch
FB001765,Accessories,H&M,South,Hyderabad,Boutique,Fall,L,Blue,1394.98,27.6,1009.97,2025-04-29,155,3.5,False,
FB001766,Dresses,Allen Solly,Central,Indore,Flagship,Summer,S,Brown,1522.6,5.9,1432.77,2025-08-29,221,4.9,False,
FB001767,Accessories,Uniqlo,West,Nagpur,Outlet,Spring,S,Pink,1415.29,37.6,883.14,2025-04-27,491,3.2,True,
FB001768,Outerwear,Zara,North,Kanpur,Flagship,Spring,XL,Pink,2695.29,19.1,2180.49,2025-06-27,479,2.1,True,
FB001769,Shoes,Zara,Central,Indore,Boutique,Winter,XS,Pink,2219.02,15.7,1870.63,2025-08-14,339,3.5,False,
FB001770,Outerwear,Puma,East,Kolkata,Flagship,Fall,L,White,1962.57,20.0,1570.06,2025-06-16,385,2.1,True,
FB001771,Bottoms,Adidas,West,Surat,Boutique,Fall,S,Green,1673.6,21.5,1313.78,2025-01-17,412,2.1,False,
FB001772,Dresses,Levis,Central,Indore,Flagship,Winter,L,White,1375.82,19.4,1108.91,2025-03-19,411,4.2,False,
FB001773,Accessories,Allen Solly,West,Mumbai,Boutique,Summer,S,Blue,1082.22,15.0,919.89,2025-07-21,104,3.8,True,Size Issue
FB001774,Bottoms,Levis,South,Chennai,Outlet,Spring,XS,Brown,2535.33,34.1,1670.78,2025-12-02,289,3.8,True,Damaged
FB001775,Bottoms,Puma,East,Kolkata,Boutique,Spring,M,Grey,2609.56,27.5,1891.93,2025-08-21,459,4.6,False,
FB001776,Tops,FabIndia,East,Kolkata,Outlet,Summer,M,Black,2782.7,43.1,1583.36,2025-06-14,327,3.0,False,
FB001777,Bottoms,Adidas,South,Hyderabad,Outlet,Spring,XL,Pink,700.45,43.0,399.26,2025-01-15,121,2.3,False,
FB001778,Accessories,H&M,East,Kolkata,Outlet,Fall,S,Green,1708.07,31.5,1170.03,2025-01-17,77,4.6,True,
FB001779,Dresses,FabIndia,Central,Indore,Flagship,Fall,L,Grey,1674.45,30.8,1158.72,2025-01-05,354,3.7,True,Color Mismatch
FB001780,Bottoms,H&M,East,Kolkata,Boutique,Spring,S,Blue,1686.86,3.2,1632.88,2025-04-12,186,4.1,False,
FB001781,Accessories,Zara,North,Jaipur,Boutique,Winter,M,Black,2497.61,0.2,2492.61,2025-05-07,15,2.7,False,
FB001782,Outerwear,Nike,East,Kolkata,Flagship,Summer,L,Brown,528.86,21.6,414.63,2025-12-04,268,3.4,False,
FB001783,Tops,FabIndia,Central,Indore,Boutique,Summer,S,White,2011.37,12.1,1767.99,2025-05-03,139,4.8,True,Size Issue
FB001784,Tops,Allen Solly,North,Jaipur,Outlet,Fall,L,Grey,1684.07,43.9,944.76,2025-03-30,178,2.9,False,
FB001785,Tops,Allen Solly,North,Delhi,Outlet,Winter,XL,Blue,1271.97,38.1,787.35,2025-01-14,436,2.6,True,Color Mismatch
FB001786,Dresses,Puma,North,Kanpur,Flagship,Spring,S,Grey,2250.6,10.5,2014.29,2025-04-25,265,3.5,True,Late Delivery
FB001787,Tops,Uniqlo,South,Chennai,Outlet,Summer,XL,Black,1083.83,35.5,699.07,2025-01-14,74,3.6,True,Late Delivery
FB001788,Bottoms,FabIndia,West,Ahmedabad,Boutique,Winter,XS,Black,1875.3,13.5,1622.13,2025-03-26,178,3.6,False,
FB001789,Shoes,Levis,East,Kolkata,Boutique,Summer,XS,Pink,1721.85,9.3,1561.72,2025-05-24,449,2.4,True,Size Issue
FB001790,Accessories,H&M,West,Surat,Boutique,Fall,S,Brown,2493.33,25.3,1862.52,2025-06-05,250,3.9,False,
FB001791,Dresses,Nike,North,Lucknow,Flagship,Summer,S,Pink,2991.29,36.0,1914.43,2025-11-17,74,3.2,False,
FB001792,Bottoms,Levis,West,Nagpur,Outlet,Spring,XS,Pink,2758.08,49.9,1381.8,2025-05-13,50,2.5,True,Damaged
FB001793,Accessories,Uniqlo,East,Kolkata,Boutique,Spring,S,Blue,1321.39,23.3,1013.51,2025-12-31,391,3.9,True,Color Mismatch
FB001794,Tops,Puma,South,Chennai,Outlet,Spring,S,White,899.24,44.2,501.78,2025-06-25,466,4.1,False,
FB001795,Dresses,Levis,East,Kolkata,Flagship,Fall,L,Pink,2358.22,47.2,1245.14,2025-01-10,33,2.9,False,
FB001796,Outerwear,Nike,Central,Indore,Flagship,Spring,S,Black,1524.77,4.6,1454.63,2025-10-15,332,2.5,True,Color Mismatch
FB001797,Shoes,Allen Solly,East,Kolkata,Outlet,Spring,L,White,1631.96,46.0,881.26,2025-12-16,281,2.7,False,
FB001798,Accessories,Levis,East,Kolkata,Boutique,Spring,XS,Green,2838.29,8.5,2597.04,2025-10-02,212,3.9,True,Size Issue
FB001799,Bottoms,Allen Solly,West,Nagpur,Outlet,Spring,M,Red,1028.61,34.8,670.65,2025-01-28,376,3.5,False,
FB001800,Shoes,Uniqlo,North,Jaipur,Boutique,Winter,XS,Black,1425.01,10.6,1273.96,2025-04-21,58,3.9,False,
FB001801,Shoes,Nike,Central,Indore,Boutique,Winter,S,Grey,1860.14,12.7,1623.9,2025-05-09,424,3.6,True,Late Delivery
FB001802,Tops,Levis,West,Surat,Boutique,Summer,S,Brown,1200.73,12.2,1054.24,2025-11-10,355,3.7,True,Late Delivery
FB001803,Outerwear,FabIndia,Central,Indore,Flagship,Fall,XS,Grey,1448.42,46.9,769.11,2025-06-13,201,2.6,True,Size Issue
FB001804,Tops,Nike,South,Hyderabad,Boutique,Summer,XS,Red,2158.21,12.9,1879.8,2025-11-19,255,3.8,False,
FB001805,Dresses,Puma,North,Delhi,Flagship,Spring,M,Brown,715.38,38.1,442.82,2025-06-24,421,2.1,False,
FB001806,Dresses,Nike,North,Lucknow,Flagship,Fall,S,Grey,1650.54,0.1,1648.89,2025-02-22,95,2.7,False,
FB001807,Bottoms,Zara,East,Kolkata,Outlet,Summer,L,Pink,1108.1,47.6,580.64,2025-04-24,443,4.6,False,
FB001808,Tops,H&M,North,Lucknow,Boutique,Fall,XL,Red,1188.44,16.4,993.54,2025-11-04,345,4.2,True,Color Mismatch
FB001809,Bottoms,FabIndia,West,Surat,Boutique,Fall,S,Green,2345.67,12.5,2052.46,2025-05-24,326,2.4,True,Color Mismatch
FB001810,Outerwear,FabIndia,Central,Indore,Flagship,Winter,M,White,2044.66,39.9,1228.84,2025-11-19,53,3.5,False,
FB001811,Shoes,Puma,South,Bangalore,Outlet,Winter,S,Red,1055.66,33.8,698.85,2025-07-11,17,2.3,False,
FB001812,Bottoms,FabIndia,East,Kolkata,Outlet,Spring,L,Brown,2313.8,38.9,1413.73,2025-01-21,270,3.1,False,
FB001813,Bottoms,Allen Solly,East,Kolkata,Outlet,Spring,M,Black,1424.65,41.1,839.12,2025-11-02,276,3.2,False,
FB001814,Dresses,FabIndia,West,Ahmedabad,Flagship,Spring,L,Blue,1537.62,39.0,937.95,2025-06-11,264,3.2,True,Color Mismatch
FB001815,Outerwear,H&M,South,Chennai,Flagship,Summer,XS,Red,1640.34,20.7,1300.79,2025-12-02,98,2.5,False,
FB001816,Tops,FabIndia,West,Nagpur,Outlet,Summer,L,Black,2948.14,48.1,1530.08,2025-10-17,213,3.9,True,Color Mismatch
FB001817,Outerwear,Adidas,Central,Indore,Flagship,Summer,L,Pink,1354.29,9.7,1222.92,2025-11-27,474,2.8,True,
FB001818,Outerwear,Zara,South,Hyderabad,Flagship,Winter,XL,Grey,2834.34,40.4,1689.27,2025-06-02,404,3.1,True,
FB001819,Outerwear,Allen Solly,West,Nagpur,Flagship,Summer,L,Pink,2237.79,35.7,1438.9,2025-12-26,292,4.2,False,
FB001820,Dresses,Zara,North,Delhi,Flagship,Fall,M,White,1535.7,18.3,1254.67,2025-11-27,223,4.0,True,Late Delivery
FB001821,Bottoms,Allen Solly,Central,Indore,Outlet,Winter,XL,Black,2374.81,49.8,1192.15,2025-06-06,45,4.3,False,
FB001822,Bottoms,Allen Solly,Central,Indore,Boutique,Winter,L,Brown,2502.56,1.2,2472.53,2025-04-17,151,3.5,False,
FB001823,Tops,FabIndia,West,Ahmedabad,Outlet,Summer,S,Grey,1909.25,45.9,1032.9,2025-09-09,62,3.7,False,
FB001824,Outerwear,FabIndia,East,Kolkata,Flagship,Winter,M,Red,1805.15,30.7,1250.97,2025-03-04,44,3.3,True,Color Mismatch
FB001825,Outerwear,Uniqlo,West,Ahmedabad,Flagship,Fall,S,White,2787.02,43.7,1569.09,2025-06-23,136,4.9,True,Size Issue
FB001826,Bottoms,Nike,North,Jaipur,Boutique,Fall,XL,Black,1171.94,3.0,1136.78,2025-10-19,144,3.1,False,
FB001827,Tops,Adidas,South,Hyderabad,Outlet,Winter,XS,White,2279.57,41.0,1344.95,2025-12-08,389,3.5,False,
FB001828,Tops,FabIndia,Central,Indore,Outlet,Spring,XL,Blue,1304.48,35.3,844.0,2025-04-27,445,2.8,False,
FB001829,Outerwear,Nike,North,Jaipur,Flagship,Fall,XS,Brown,1876.0,42.5,1078.7,2025-12-29,426,5.0,False,
FB001830,Dresses,Puma,West,Surat,Flagship,Fall,XL,White,1880.14,19.0,1522.91,2025-10-27,34,3.8,True,
FB001831,Tops,Levis,Central,Indore,Outlet,Summer,L,Red,985.13,35.0,640.33,2025-06-12,39,2.4,True,Late Delivery
FB001832,Tops,Puma,South,Chennai,Boutique,Winter,XL,Red,1051.75,21.1,829.83,2025-07-25,260,4.0,False,
FB001833,Bottoms,Allen Solly,North,Delhi,Outlet,Summer,L,Grey,1735.79,41.6,1013.7,2025-07-17,219,2.8,True,
FB001834,Outerwear,H&M,Central,Indore,Flagship,Fall,S,Grey,1949.44,38.7,1195.01,2025-09-27,241,2.5,False,
FB001835,Accessories,Adidas,Central,Indore,Outlet,Winter,M,Grey,2094.91,40.3,1250.66,2025-12-14,426,4.5,True,Damaged
FB001836,Dresses,Adidas,West,Pune,Flagship,Winter,L,Red,2850.14,1.4,2810.24,2025-07-30,11,2.5,False,
FB001837,Shoes,Zara,South,Bangalore,Outlet,Winter,M,Black,2368.0,43.8,1330.82,2025-06-09,292,4.2,False,
FB001838,Accessories,Allen Solly,North,Delhi,Boutique,Fall,XL,Brown,1795.66,7.6,1659.19,2025-03-14,315,4.2,True,Damaged
FB001839,Outerwear,Zara,West,Ahmedabad,Flagship,Fall,M,Brown,1772.2,9.0,1612.7,2025-01-09,219,2.9,False,
FB001840,Outerwear,FabIndia,South,Chennai,Flagship,Summer,L,Blue,707.81,41.7,412.65,2025-01-02,346,3.6,False,
FB001841,Bottoms,Puma,North,Delhi,Boutique,Fall,M,Blue,1745.92,15.3,1478.79,2025-06-23,117,3.0,False,
FB001842,Bottoms,Zara,East,Kolkata,Boutique,Winter,XL,Pink,2001.82,13.2,1737.58,2025-10-19,34,4.0,False,
FB001843,Tops,H&M,East,Kolkata,Boutique,Spring,M,White,2189.08,5.8,2062.11,2025-08-16,442,3.7,False,
FB001844,Bottoms,Puma,North,Lucknow,Boutique,Spring,L,Grey,2316.56,11.7,2045.52,2025-09-25,355,2.5,False,
FB001845,Bottoms,Nike,East,Kolkata,Outlet,Summer,XS,Pink,2776.54,36.3,1768.66,2025-10-14,248,4.9,False,
FB001846,Outerwear,Levis,Central,Indore,Flagship,Fall,L,Grey,2319.13,30.3,1616.43,2025-02-26,414,4.6,True,Size Issue
FB001847,Tops,H&M,North,Delhi,Outlet,Winter,S,Red,2093.51,32.2,1419.4,2025-12-23,81,3.2,True,Late Delivery
FB001848,Tops,Nike,East,Kolkata,Outlet,Fall,XL,Pink,1917.32,45.3,1048.77,2025-08-13,106,2.7,True,
FB001849,Bottoms,Adidas,South,Bangalore,Boutique,Winter,S,Green,1202.73,16.1,1009.09,2025-04-12,15,3.6,True,
FB001850,Bottoms,Nike,West,Ahmedabad,Boutique,Summer,L,Green,1489.72,28.8,1060.68,2025-09-19,111,4.6,True,Color Mismatch
FB001851,Shoes,Zara,East,Kolkata,Outlet,Winter,M,Blue,2105.0,37.5,1315.62,2025-10-05,98,4.5,True,
FB001852,Tops,Allen Solly,South,Hyderabad,Boutique,Fall,M,Grey,2523.43,14.9,2147.44,2025-12-28,162,4.9,False,
FB001853,Shoes,Nike,East,Kolkata,Boutique,Fall,S,Black,2018.85,2.1,1976.45,2025-08-07,227,2.2,False,
FB001854,Accessories,Levis,North,Delhi,Boutique,Fall,S,Green,578.31,16.8,481.15,2025-10-21,371,3.2,False,
FB001855,Outerwear,Allen Solly,West,Surat,Flagship,Winter,M,Black,2526.06,27.5,1831.39,2025-09-25,413,4.4,True,Damaged
FB001856,Accessories,H&M,East,Kolkata,Boutique,Spring,XS,Blue,982.76,12.7,857.95,2025-05-13,312,2.2,False,
FB001857,Tops,Zara,West,Nagpur,Boutique,Spring,M,Pink,1667.15,21.7,1305.38,2025-05-31,164,2.6,False,
FB001858,Accessories,Nike,East,Kolkata,Boutique,Summer,XL,White,1546.02,5.6,1459.44,2025-05-29,154,4.1,True,Size Issue
FB001859,Bottoms,Adidas,South,Chennai,Boutique,Winter,XS,Grey,1752.43,11.9,1543.89,2025-08-04,281,2.4,False,
FB001860,Dresses,Nike,Central,Indore,Flagship,Fall,XS,Brown,990.73,14.9,843.11,2025-10-04,237,3.9,False,
FB001861,Dresses,H&M,South,Bangalore,Flagship,Fall,L,Blue,2426.72,17.1,2011.75,2025-12-27,165,2.9,True,Size Issue
FB001862,Accessories,Zara,Central,Indore,Outlet,Winter,XL,Blue,2851.77,34.7,1862.21,2025-07-08,106,2.7,False,
FB001863,Tops,FabIndia,East,Kolkata,Outlet,Winter,S,Green,1565.9,40.2,936.41,2025-02-05,54,2.4,False,
FB001864,Dresses,H&M,East,Kolkata,Flagship,Summer,S,White,1432.25,18.6,1165.85,2025-07-28,341,3.3,True,Damaged
FB001865,Bottoms,Adidas,Central,Indore,Outlet,Spring,M,Red,2647.22,39.1,1612.16,2025-03-26,270,4.3,False,
FB001866,Outerwear,Puma,West,Pune,Flagship,Summer,XL,Pink,1781.93,34.7,1163.6,2025-09-26,216,3.7,True,Late Delivery
FB001867,Accessories,Nike,West,Pune,Boutique,Summer,M,Black,1676.22,20.4,1334.27,2025-05-21,393,4.0,True,
FB001868,Bottoms,FabIndia,North,Jaipur,Outlet,Winter,M,White,807.86,40.4,481.48,2025-03-04,300,4.8,True,Damaged
FB001869,Outerwear,Adidas,South,Chennai,Flagship,Summer,M,Black,1723.98,36.5,1094.73,2025-02-01,183,4.1,True,Size Issue
FB001870,Tops,Adidas,North,Delhi,Boutique,Summer,XS,White,895.28,27.5,649.08,2025-08-07,496,2.6,False,
FB001871,Tops,FabIndia,West,Ahmedabad,Outlet,Spring,M,Red,2904.18,49.3,1472.42,2025-02-20,34,4.0,True,Color Mismatch
FB001872,Dresses,H&M,East,Kolkata,Flagship,Winter,L,Red,839.75,15.2,712.11,2025-09-22,89,3.5,False,
FB001873,Shoes,Allen Solly,South,Hyderabad,Outlet,Summer,XL,Brown,1949.98,45.3,1066.64,2025-09-27,38,4.2,False,
FB001874,Tops,Nike,Central,Indore,Outlet,Winter,M,Red,533.39,30.6,370.17,2025-03-24,189,2.2,True,Late Delivery
FB001875,Bottoms,Zara,North,Lucknow,Outlet,Fall,M,Pink,1167.3,36.5,741.24,2025-04-11,13,2.8,False,
FB001876,Accessories,Uniqlo,East,Kolkata,Boutique,Spring,XL,Black,1476.89,9.4,1338.06,2025-09-10,364,4.9,False,
FB001877,Tops,Nike,Central,Indore,Boutique,Winter,XS,White,2465.28,6.8,2297.64,2025-06-30,82,2.1,False,
FB001878,Shoes,FabIndia,East,Kolkata,Boutique,Summer,M,White,1741.92,25.3,1301.21,2025-08-23,387,3.9,False,
FB001879,Bottoms,Zara,East,Kolkata,Boutique,Fall,M,Brown,585.53,6.5,547.47,2025-09-08,54,3.0,True,Color Mismatch
FB001880,Tops,Levis,South,Chennai,Boutique,Summer,S,Blue,2103.7,24.2,1594.6,2025-03-01,349,2.4,True,
FB001881,Dresses,Nike,North,Delhi,Flagship,Fall,M,Pink,1801.45,49.3,913.34,2025-01-11,58,2.2,True,Late Delivery
FB001882,Tops,Nike,East,Kolkata,Boutique,Spring,L,Black,763.73,4.2,731.65,2025-11-21,357,4.4,True,Late Delivery
FB001883,Accessories,FabIndia,West,Pune,Boutique,Winter,S,White,1475.97,23.1,1135.02,2025-06-07,311,4.5,False,
FB001884,Tops,Uniqlo,South,Chennai,Outlet,Fall,XL,Brown,1619.58,45.7,879.43,2025-10-17,126,2.9,False,
FB001885,Dresses,H&M,East,Kolkata,Flagship,Summer,L,Pink,667.76,18.1,546.9,2025-09-20,389,4.2,False,
FB001886,Tops,Allen Solly,East,Kolkata,Boutique,Fall,S,Brown,1073.87,12.5,939.64,2025-12-04,85,4.9,True,Size Issue
FB001887,Tops,Allen Solly,North,Delhi,Boutique,Spring,XS,Red,2493.77,5.5,2356.61,2025-04-09,462,4.4,False,
FB001888,Accessories,H&M,Central,Indore,Boutique,Spring,XL,Blue,1034.85,23.0,796.83,2025-07-27,427,3.3,False,
FB001889,Bottoms,Zara,West,Ahmedabad,Boutique,Spring,S,White,2137.08,14.0,1837.89,2025-12-18,121,3.6,True,Size Issue
FB001890,Tops,Allen Solly,West,Surat,Boutique,Winter,XS,Black,1712.22,29.6,1205.4,2025-05-20,121,2.7,True,Damaged
FB001891,Accessories,Zara,West,Nagpur,Boutique,Fall,M,Blue,1338.46,28.1,962.35,2025-05-14,144,4.8,True,Size Issue
FB001892,Bottoms,Allen Solly,East,Kolkata,Outlet,Fall,M,Brown,1348.86,32.6,909.13,2025-08-29,292,4.9,True,Color Mismatch
FB001893,Accessories,FabIndia,West,Surat,Boutique,Winter,XL,White,2751.32,15.3,2330.37,2025-03-02,136,2.0,False,
FB001894,Accessories,Zara,Central,Indore,Boutique,Summer,M,Blue,2482.41,26.4,1827.05,2025-05-17,470,4.4,True,Size Issue
FB001895,Accessories,Levis,North,Lucknow,Outlet,Winter,L,Blue,887.93,36.9,560.28,2025-07-08,68,4.7,True,Color Mismatch
FB001896,Outerwear,Allen Solly,Central,Indore,Flagship,Winter,XL,Brown,2433.69,49.6,1226.58,2025-01-24,127,4.3,False,
FB001897,Dresses,FabIndia,East,Kolkata,Flagship,Winter,M,Red,1518.52,14.2,1302.89,2025-07-12,222,4.8,True,Damaged
FB001898,Outerwear,Levis,East,Kolkata,Flagship,Winter,S,Grey,1075.09,18.3,878.35,2025-06-23,465,4.1,False,
FB001899,Dresses,Uniqlo,North,Lucknow,Flagship,Spring,S,Brown,1164.24,46.3,625.2,2025-02-27,72,2.6,True,Color Mismatch
FB001900,Shoes,Zara,East,Kolkata,Boutique,Spring,XL,Green,2017.03,5.6,1904.08,2025-11-23,181,4.6,False,
FB001901,Bottoms,Zara,South,Chennai,Boutique,Winter,S,Blue,1213.97,13.8,1046.44,2025-04-17,344,4.2,False,
FB001902,Accessories,Puma,West,Ahmedabad,Outlet,Spring,S,Brown,1349.85,34.1,889.55,2025-05-10,258,2.2,False,
FB001903,Tops,Uniqlo,South,Chennai,Outlet,Winter,XS,White,1475.77,39.0,900.22,2025-03-08,346,3.6,False,
FB001904,Accessories,Allen Solly,West,Nagpur,Boutique,Fall,XL,Green,802.02,6.5,749.89,2025-02-07,129,2.4,True,Damaged
FB001905,Dresses,Puma,South,Chennai,Flagship,Winter,S,Blue,1751.28,0.8,1737.27,2025-12-07,240,4.6,False,
FB001906,Accessories,Levis,East,Kolkata,Boutique,Fall,L,Blue,2420.76,15.0,2057.65,2025-01-24,480,4.1,False,
FB001907,Bottoms,Levis,South,Chennai,Boutique,Winter,S,Red,514.96,22.4,399.61,2025-10-16,154,3.6,False,
FB001908,Outerwear,Levis,Central,Indore,Flagship,Winter,M,Pink,1372.08,12.2,1204.69,2025-05-03,62,2.4,True,Color Mismatch
FB001909,Bottoms,Uniqlo,North,Delhi,Outlet,Winter,M,Green,563.67,38.0,349.48,2025-05-26,291,2.4,True,
FB001910,Accessories,Zara,South,Hyderabad,Boutique,Winter,XL,Pink,758.14,0.6,753.59,2025-07-12,220,4.0,True,
FB001911,Dresses,H&M,North,Kanpur,Flagship,Summer,M,Pink,1505.79,32.8,1011.89,2025-06-03,25,3.8,True,Size Issue
FB001912,Outerwear,Allen Solly,North,Kanpur,Flagship,Winter,S,Green,1133.22,4.2,1085.62,2025-07-18,453,3.6,True,Color Mismatch
FB001913,Accessories,Allen Solly,South,Hyderabad,Outlet,Spring,S,Grey,944.04,43.5,533.38,2025-08-03,111,4.1,False,
FB001914,Accessories,Adidas,North,Delhi,Outlet,Spring,XS,Pink,2066.75,36.2,1318.59,2025-11-06,321,3.5,False,
FB001915,Accessories,Allen Solly,East,Kolkata,Boutique,Fall,M,White,1435.76,27.0,1048.1,2025-03-14,73,4.4,True,Damaged
FB001916,Dresses,H&M,North,Jaipur,Flagship,Summer,XL,Brown,705.43,10.5,631.36,2025-04-08,395,4.4,True,Late Delivery
FB001917,Dresses,Allen Solly,East,Kolkata,Flagship,Fall,XL,Brown,2361.35,4.8,2248.01,2025-01-20,132,3.2,False,
FB001918,Shoes,Allen Solly,Central,Indore,Boutique,Winter,M,Pink,1833.77,14.5,1567.87,2025-08-14,442,3.4,True,
FB001919,Tops,Zara,Central,Indore,Boutique,Fall,S,Grey,1414.74,24.0,1075.2,2025-03-11,56,2.5,False,
FB001920,Tops,H&M,West,Ahmedabad,Boutique,Summer,S,Grey,2221.62,13.5,1921.7,2025-01-05,80,2.2,True,
FB001921,Outerwear,Nike,West,Ahmedabad,Flagship,Spring,M,White,2277.06,1.6,2240.63,2025-04-21,347,4.5,True,Size Issue
FB001922,Outerwear,Puma,East,Kolkata,Flagship,Spring,S,Black,757.6,49.6,381.83,2025-03-12,336,3.8,False,
FB001923,Accessories,Nike,East,Kolkata,Boutique,Fall,XL,Brown,716.9,18.4,584.99,2025-04-03,456,3.0,False,
FB001924,Accessories,H&M,West,Nagpur,Boutique,Fall,XL,Blue,1280.53,26.2,945.03,2025-07-22,426,2.1,True,Damaged
FB001925,Tops,Zara,East,Kolkata,Boutique,Fall,S,Blue,1093.73,17.1,906.7,2025-08-14,100,4.8,True,
FB001926,Accessories,Puma,North,Jaipur,Outlet,Winter,XS,Blue,826.36,31.8,563.58,2025-08-25,304,2.0,True,Damaged
FB001927,Shoes,Allen Solly,East,Kolkata,Outlet,Fall,S,Grey,1333.03,42.5,766.49,2025-07-17,429,4.4,True,Color Mismatch
FB001928,Accessories,Puma,North,Jaipur,Outlet,Winter,XS,Blue,626.8,43.3,355.4,2025-06-06,264,3.4,False,
FB001929,Tops,H&M,East,Kolkata,Boutique,Winter,M,Green,1034.27,20.7,820.18,2025-10-27,456,4.0,False,
FB001930,Tops,Levis,Central,Indore,Outlet,Spring,S,White,966.17,31.9,657.96,2025-08-23,303,3.3,True,
FB001931,Outerwear,H&M,South,Bangalore,Flagship,Winter,S,Black,1008.54,38.4,621.26,2025-09-11,422,2.8,False,
FB001932,Bottoms,Nike,South,Chennai,Outlet,Fall,S,Black,2267.15,40.7,1344.42,2025-03-13,282,3.1,True,Damaged
FB001933,Accessories,Zara,West,Ahmedabad,Boutique,Spring,L,Brown,1523.14,23.8,1160.63,2025-12-16,60,4.0,True,
FB001934,Shoes,H&M,West,Mumbai,Boutique,Spring,M,White,2387.82,6.3,2237.39,2025-11-19,124,2.7,False,
FB001935,Tops,Levis,West,Mumbai,Boutique,Summer,XL,Black,965.64,9.9,870.04,2025-04-16,411,3.5,True,Damaged
FB001936,Tops,Uniqlo,East,Kolkata,Boutique,Winter,S,Green,2702.23,2.9,2623.87,2025-09-07,210,3.9,False,
FB001937,Outerwear,H&M,North,Lucknow,Flagship,Winter,XS,Black,2922.06,40.5,1738.63,2025-08-06,339,4.1,True,Damaged
FB001938,Bottoms,Uniqlo,East,Kolkata,Boutique,Spring,L,Black,755.19,20.5,600.38,2025-02-06,335,3.5,False,
FB001939,Shoes,Allen Solly,East,Kolkata,Outlet,Fall,XL,Red,2288.96,30.9,1581.67,2025-06-08,311,4.4,True,Damaged
FB001940,Tops,Nike,North,Jaipur,Outlet,Fall,M,White,2693.18,36.3,1715.56,2025-01-19,242,2.4,True,Size Issue
FB001941,Shoes,H&M,North,Lucknow,Outlet,Winter,XS,Pink,1678.93,41.4,983.85,2025-06-25,65,3.5,False,
FB001942,Accessories,H&M,West,Surat,Outlet,Winter,M,Green,2890.31,33.8,1913.39,2025-04-05,301,2.5,False,
FB001943,Accessories,Allen Solly,Central,Indore,Boutique,Winter,XL,Green,1084.77,0.0,1084.77,2025-10-23,293,4.0,False,
FB001944,Outerwear,Adidas,North,Lucknow,Flagship,Spring,S,Red,507.04,6.9,472.05,2025-08-04,369,4.2,True,Color Mismatch
FB001945,Outerwear,Zara,Central,Indore,Flagship,Summer,XL,White,2206.22,13.9,1899.56,2025-01-31,284,3.7,True,
FB001946,Outerwear,Adidas,South,Chennai,Flagship,Summer,M,Green,2728.86,41.1,1607.3,2025-01-08,375,2.9,False,
FB001947,Bottoms,Zara,East,Kolkata,Outlet,Winter,L,Grey,2212.99,44.0,1239.27,2025-03-18,137,4.3,True,Late Delivery
FB001948,Outerwear,Allen Solly,West,Mumbai,Flagship,Winter,L,Red,1685.22,5.3,1595.9,2025-07-07,333,2.8,False,
FB001949,Outerwear,Uniqlo,South,Chennai,Flagship,Fall,XS,Red,2958.79,30.8,2047.48,2025-11-01,152,3.1,True,Late Delivery
FB001950,Outerwear,FabIndia,South,Hyderabad,Flagship,Fall,S,White,513.43,1.5,505.73,2025-01-19,426,4.4,True,Damaged
FB001951,Accessories,H&M,Central,Indore,Boutique,Spring,L,Black,2335.7,17.3,1931.62,2025-04-25,436,4.5,True,Late Delivery
FB001952,Dresses,H&M,South,Bangalore,Flagship,Fall,S,Pink,2424.38,47.2,1280.07,2025-03-31,94,2.9,False,
FB001953,Tops,H&M,North,Jaipur,Outlet,Winter,M,Brown,1436.86,44.8,793.15,2025-05-14,112,4.3,False,
FB001954,Dresses,Adidas,West,Ahmedabad,Flagship,Winter,L,Blue,1659.22,33.3,1106.7,2025-01-21,275,2.7,False,
FB001955,Bottoms,Uniqlo,East,Kolkata,Boutique,Winter,S,White,757.36,27.5,549.09,2025-06-15,488,4.8,False,
FB001956,Accessories,Adidas,South,Hyderabad,Boutique,Winter,XS,Red,1198.92,24.5,905.18,2025-07-08,84,2.3,False,
FB001957,Tops,Puma,North,Kanpur,Boutique,Summer,M,Black,2493.4,5.1,2366.24,2025-05-10,269,3.3,True,Late Delivery
FB001958,Dresses,Puma,West,Pune,Flagship,Winter,XS,Brown,1925.75,1.8,1891.09,2025-12-19,120,4.9,True,Color Mismatch
FB001959,Accessories,Zara,West,Ahmedabad,Boutique,Spring,L,Pink,2397.37,0.3,2390.18,2025-02-06,170,3.9,True,
FB001960,Tops,Uniqlo,South,Hyderabad,Outlet,Fall,M,Black,1856.87,42.3,1071.41,2025-09-18,171,4.6,False,
FB001961,Outerwear,Nike,West,Nagpur,Flagship,Spring,S,Black,513.93,10.6,459.45,2025-10-03,312,2.5,False,
FB001962,Accessories,Allen Solly,Central,Indore,Boutique,Spring,S,Black,2438.85,24.4,1843.77,2025-01-15,223,4.3,False,
FB001963,Dresses,Adidas,East,Kolkata,Flagship,Winter,L,Brown,931.41,25.9,690.17,2025-10-17,378,2.7,False,
FB001964,Shoes,Nike,West,Ahmedabad,Outlet,Summer,XS,Green,2164.6,43.0,1233.82,2025-10-13,128,4.9,True,Size Issue
FB001965,Bottoms,Uniqlo,North,Jaipur,Outlet,Winter,XL,Red,1292.76,35.5,833.83,2025-09-07,96,2.3,False,
FB001966,Accessories,Nike,North,Delhi,Boutique,Fall,XS,Black,2006.88,26.4,1477.06,2025-04-25,232,3.3,True,
FB001967,Bottoms,Levis,West,Nagpur,Boutique,Fall,XL,Black,1698.35,10.6,1518.32,2025-04-01,138,2.6,True,Size Issue
FB001968,Bottoms,Zara,North,Delhi,Boutique,Summer,M,Pink,1256.04,8.6,1148.02,2025-01-31,216,2.7,False,
FB001969,Accessories,FabIndia,North,Jaipur,Boutique,Winter,S,Green,2233.63,29.8,1568.01,2025-02-06,163,2.6,False,
FB001970,Bottoms,Uniqlo,Central,Indore,Boutique,Spring,S,White,1876.73,28.1,1349.37,2025-01-13,329,4.7,False,
FB001971,Shoes,Adidas,Central,Indore,Boutique,Fall,XS,Brown,2134.23,17.4,1762.87,2025-07-24,498,4.3,False,
FB001972,Bottoms,Nike,South,Hyderabad,Boutique,Summer,M,Brown,2534.15,18.6,2062.8,2025-02-03,292,4.5,False,
FB001973,Shoes,Zara,West,Surat,Outlet,Fall,L,Pink,827.89,49.7,416.43,2025-02-07,213,2.6,False,
FB001974,Shoes,Uniqlo,West,Pune,Boutique,Fall,S,Brown,1234.82,28.7,880.43,2025-10-04,46,4.4,True,Color Mismatch
FB001975,Tops,Adidas,East,Kolkata,Outlet,Fall,M,Blue,1581.93,47.0,838.42,2025-11-09,216,3.7,False,
FB001976,Bottoms,Adidas,South,Bangalore,Boutique,Spring,XL,Red,2744.36,2.8,2667.52,2025-05-05,37,4.4,True,Color Mismatch
FB001977,Bottoms,H&M,North,Jaipur,Boutique,Summer,M,Pink,659.79,6.9,614.26,2025-06-20,285,2.9,False,
FB001978,Tops,FabIndia,East,Kolkata,Boutique,Spring,S,Black,2057.72,12.9,1792.27,2025-02-24,476,4.1,False,
FB001979,Outerwear,FabIndia,Central,Indore,Flagship,Fall,S,Red,2442.66,49.8,1226.22,2025-05-11,260,2.5,True,Color Mismatch
FB001980,Tops,H&M,West,Ahmedabad,Boutique,Fall,XS,Green,2025.45,5.6,1912.02,2025-03-12,428,3.9,False,
FB001981,Bottoms,Zara,West,Pune,Outlet,Fall,S,Pink,941.85,35.3,609.38,2025-12-19,50,4.8,False,
FB001982,Accessories,Uniqlo,East,Kolkata,Boutique,Fall,XL,Blue,2514.22,21.8,1966.12,2025-12-01,298,3.4,True,Color Mismatch
FB001983,Dresses,Puma,East,Kolkata,Flagship,Summer,M,White,988.83,14.3,847.43,2025-03-16,303,4.4,True,
FB001984,Shoes,Zara,East,Kolkata,Outlet,Spring,XL,White,1856.99,40.8,1099.34,2025-03-31,79,3.4,True,Late Delivery
FB001985,Tops,H&M,West,Nagpur,Boutique,Summer,S,Red,1961.53,13.8,1690.84,2025-06-12,83,3.6,True,Late Delivery
FB001986,Shoes,Adidas,Central,Indore,Boutique,Fall,XL,Pink,1415.39,7.0,1316.31,2025-04-08,309,4.9,False,
FB001987,Outerwear,Allen Solly,East,Kolkata,Flagship,Summer,XL,Brown,1116.25,26.1,824.91,2025-02-24,154,4.2,False,
FB001988,Outerwear,Adidas,East,Kolkata,Flagship,Summer,L,Brown,1218.56,41.5,712.86,2025-10-04,298,2.9,True,
FB001989,Dresses,Levis,Central,Indore,Flagship,Winter,XL,Black,1468.7,19.2,1186.71,2025-05-05,154,2.2,True,Late Delivery
FB001990,Bottoms,Uniqlo,Central,Indore,Boutique,Spring,XL,Blue,1012.68,28.6,723.05,2025-08-12,413,3.9,True,Color Mismatch
FB001991,Shoes,Allen Solly,West,Mumbai,Outlet,Spring,M,White,1222.39,39.4,740.77,2025-09-23,436,4.3,True,Size Issue
FB001992,Bottoms,Adidas,North,Delhi,Boutique,Summer,S,Red,1285.41,24.3,973.06,2025-08-29,469,4.6,True,
FB001993,Outerwear,Levis,South,Hyderabad,Flagship,Fall,XL,Red,1066.96,36.8,674.32,2025-01-29,460,4.5,False,
FB001994,Accessories,Nike,South,Bangalore,Boutique,Summer,XS,White,632.75,0.7,628.32,2025-06-06,316,3.6,True,Color Mismatch
FB001995,Accessories,FabIndia,West,Mumbai,Outlet,Winter,L,Grey,2126.19,35.9,1362.89,2025-08-04,269,4.3,True,Damaged
FB001996,Tops,Puma,Central,Indore,Boutique,Fall,XL,Black,2172.8,19.7,1744.76,2025-01-01,329,2.6,True,Late Delivery
FB001997,Bottoms,Nike,Central,Indore,Boutique,Winter,XL,Brown,2489.14,20.4,1981.36,2025-11-04,116,4.4,True,Color Mismatch
FB001998,Outerwear,FabIndia,North,Kanpur,Flagship,Spring,M,Brown,2963.62,1.3,2925.09,2025-12-04,161,3.8,True,Late Delivery
FB001999,Dresses,Zara,North,Kanpur,Flagship,Winter,S,Brown,1116.0,17.3,922.93,2025-10-28,387,4.5,True,Size Issue
FB002000,Outerwear,Puma,West,Ahmedabad,Flagship,Spring,S,Black,1294.28,3.0,1255.45,2025-09-05,261,2.3,True,Color Mismatch
FB002001,Shoes,Puma,Central,Indore,Boutique,Winter,L,Grey,1835.7,1.7,1804.49,2025-10-16,453,4.6,False,
FB002002,Dresses,Levis,South,Bangalore,Flagship,Fall,XS,Black,2312.83,42.5,1329.88,2025-01-14,183,4.2,True,Color Mismatch
FB002003,Dresses,H&M,Central,Indore,Flagship,Winter,M,Brown,2899.69,21.6,2273.36,2025-02-17,142,2.6,True,
FB002004,Shoes,Zara,East,Kolkata,Boutique,Fall,S,Grey,2277.69,27.0,1662.71,2025-11-27,251,4.1,False,
FB002005,Shoes,Uniqlo,Central,Indore,Boutique,Summer,L,Pink,2691.01,4.7,2564.53,2025-04-14,237,3.2,True,
FB002006,Tops,FabIndia,Central,Indore,Outlet,Winter,L,Pink,1571.17,35.4,1014.98,2025-03-12,45,3.7,True,
FB002007,Accessories,Uniqlo,East,Kolkata,Outlet,Spring,S,Black,2552.84,48.4,1317.27,2025-09-28,71,4.5,False,
FB002008,Accessories,Puma,North,Kanpur,Boutique,Summer,L,Green,519.14,13.3,450.09,2025-10-10,421,4.5,False,
FB002009,Shoes,Adidas,Central,Indore,Outlet,Summer,M,Brown,2348.83,34.3,1543.18,2025-01-22,254,4.5,False,
FB002010,Tops,Puma,North,Kanpur,Boutique,Summer,M,White,2148.98,29.4,1517.18,2025-05-24,82,3.5,False,
FB002011,Outerwear,Adidas,East,Kolkata,Flagship,Fall,XL,White,1605.48,22.9,1237.83,2025-01-28,416,3.7,False,
FB002012,Dresses,Zara,East,Kolkata,Flagship,Fall,L,Grey,1301.16,42.1,753.37,2025-11-25,459,4.4,False,
FB002013,Bottoms,Levis,South,Hyderabad,Outlet,Summer,XL,Black,1155.52,44.2,644.78,2025-01-15,381,2.9,False,
FB002014,Outerwear,Zara,West,Mumbai,Flagship,Winter,S,Green,2870.79,35.2,1860.27,2025-08-28,190,2.2,True,Damaged
FB002015,Dresses,Nike,South,Chennai,Flagship,Summer,XL,Blue,2407.31,32.4,1627.34,2025-06-07,402,2.3,False,
FB002016,Tops,Nike,West,Ahmedabad,Boutique,Winter,XL,White,624.44,15.9,525.15,2025-04-03,276,2.7,False,
FB002017,Shoes,Puma,West,Ahmedabad,Boutique,Fall,XS,White,997.38,26.5,733.07,2025-01-25,201,2.7,True,Late Delivery
FB002018,Bottoms,Nike,South,Bangalore,Outlet,Summer,M,White,2083.93,32.9,1398.32,2025-10-15,429,3.0,False,
FB002019,Outerwear,Nike,North,Kanpur,Flagship,Summer,XL,Grey,818.2,7.3,758.47,2025-09-16,75,4.7,False,
FB002020,Dresses,Uniqlo,West,Mumbai,Flagship,Summer,S,Blue,2955.97,12.6,2583.52,2025-11-04,70,3.9,False,
FB002021,Dresses,Adidas,West,Pune,Flagship,Fall,L,White,995.32,49.9,498.66,2025-07-14,143,4.0,False,
FB002022,Dresses,Levis,West,Mumbai,Flagship,Summer,S,White,2488.85,10.0,2239.97,2025-02-27,234,2.6,True,Late Delivery
FB002023,Bottoms,Levis,North,Kanpur,Boutique,Spring,M,Brown,2721.66,26.8,1992.26,2025-12-07,250,4.5,False,
FB002024,Bottoms,Puma,South,Bangalore,Outlet,Summer,XS,Blue,888.83,41.4,520.85,2025-01-04,180,2.0,False,
FB002025,Bottoms,Puma,North,Jaipur,Boutique,Summer,XS,Blue,1602.52,23.8,1221.12,2025-07-26,419,4.0,False,
FB002026,Dresses,Adidas,Central,Indore,Flagship,Fall,M,Grey,673.95,38.6,413.81,2025-11-26,301,4.7,True,Damaged
FB002027,Tops,Uniqlo,West,Mumbai,Outlet,Fall,S,White,2077.6,35.8,1333.82,2025-06-06,494,3.9,False,
FB002028,Bottoms,FabIndia,South,Bangalore,Outlet,Fall,S,Brown,1841.15,47.7,962.92,2025-01-04,197,4.6,True,Color Mismatch
FB002029,Shoes,Zara,West,Nagpur,Boutique,Spring,XS,Brown,2340.06,15.1,1986.71,2025-10-06,130,3.2,True,
FB002030,Tops,Adidas,East,Kolkata,Boutique,Spring,L,Blue,2076.26,13.4,1798.04,2025-04-17,59,2.1,True,Late Delivery
FB002031,Tops,Nike,West,Ahmedabad,Outlet,Summer,XL,White,788.46,42.7,451.79,2025-03-22,427,3.6,True,Damaged
FB002032,Bottoms,H&M,West,Mumbai,Outlet,Spring,XS,Pink,2627.85,38.6,1613.5,2025-05-15,27,3.5,True,Color Mismatch
FB002033,Tops,Puma,East,Kolkata,Outlet,Summer,S,Pink,2942.02,30.9,2032.94,2025-08-01,83,3.2,False,
FB002034,Tops,Puma,East,Kolkata,Boutique,Fall,XL,White,2370.51,17.6,1953.3,2025-08-02,98,2.2,False,
FB002035,Accessories,Uniqlo,West,Mumbai,Outlet,Winter,XS,Green,2516.58,45.9,1361.47,2025-04-19,268,3.9,False,
FB002036,Tops,Nike,South,Chennai,Boutique,Fall,XS,Blue,1887.49,2.4,1842.19,2025-05-12,124,4.0,True,Damaged
FB002037,Bottoms,H&M,East,Kolkata,Boutique,Summer,M,Black,612.95,26.1,452.97,2025-03-07,97,4.2,False,
FB002038,Outerwear,H&M,East,Kolkata,Flagship,Winter,M,White,1287.09,9.5,1164.82,2025-04-30,106,4.0,True,Late Delivery
FB002039,Accessories,H&M,East,Kolkata,Outlet,Fall,XL,Green,2778.48,38.3,1714.32,2025-11-02,223,4.1,False,
FB002040,Outerwear,H&M,South,Chennai,Flagship,Spring,M,Pink,1267.96,1.9,1243.87,2025-01-19,36,2.9,False,
FB002041,Bottoms,Nike,West,Mumbai,Outlet,Winter,M,Pink,2930.3,45.7,1591.15,2025-10-29,229,2.1,True,Size Issue
FB002042,Outerwear,H&M,Central,Indore,Flagship,Spring,S,Blue,1394.97,41.8,811.87,2025-06-03,365,4.4,False,
FB002043,Bottoms,Puma,Central,Indore,Outlet,Summer,M,Red,2433.45,31.5,1666.91,2025-12-13,202,2.3,False,
FB002044,Tops,Nike,South,Hyderabad,Outlet,Summer,XS,Grey,1439.46,39.2,875.19,2025-01-21,388,3.7,False,
FB002045,Bottoms,Puma,Central,Indore,Boutique,Summer,XS,Grey,2269.33,28.7,1618.03,2025-07-30,260,4.5,False,
FB002046,Shoes,Levis,North,Delhi,Boutique,Fall,M,White,987.97,6.1,927.7,2025-12-31,451,4.1,True,Size Issue
FB002047,Bottoms,H&M,South,Bangalore,Outlet,Spring,S,Black,2787.42,33.3,1859.21,2025-09-19,232,2.9,False,
FB002048,Tops,Uniqlo,Central,Indore,Boutique,Summer,L,Red,2660.97,14.9,2264.49,2025-01-02,209,4.4,True,Late Delivery
FB002049,Bottoms,Zara,North,Delhi,Boutique,Spring,M,Blue,2797.59,6.8,2607.35,2025-10-27,476,4.3,False,
FB002050,Shoes,Puma,West,Surat,Boutique,Winter,XS,Brown,876.42,12.7,765.11,2025-04-13,201,3.6,True,
FB002051,Dresses,Puma,South,Bangalore,Flagship,Summer,XS,Blue,2554.88,40.5,1520.15,2025-06-28,62,3.3,False,
FB002052,Shoes,Allen Solly,South,Chennai,Outlet,Winter,M,Blue,2183.96,39.1,1330.03,2025-12-14,195,4.2,True,Late Delivery
FB002053,Bottoms,H&M,North,Lucknow,Outlet,Winter,XS,White,1586.19,45.4,866.06,2025-09-18,406,2.4,False,
FB002054,Shoes,Nike,South,Chennai,Boutique,Fall,S,Brown,2559.76,24.9,1922.38,2025-08-09,95,3.1,False,
FB002055,Outerwear,Zara,West,Pune,Flagship,Summer,XS,White,1909.3,19.9,1529.35,2025-08-14,419,3.5,True,Size Issue
FB002056,Bottoms,Puma,West,Surat,Outlet,Winter,XS,Red,2487.85,32.8,1671.84,2025-05-07,274,4.3,False,
FB002057,Bottoms,Puma,South,Chennai,Boutique,Winter,M,Red,2863.94,4.2,2743.65,2025-10-06,143,4.6,True,Color Mismatch
FB002058,Bottoms,Uniqlo,East,Kolkata,Boutique,Spring,XL,Brown,2998.0,6.9,2791.14,2025-10-30,78,4.7,True,Late Delivery
FB002059,Shoes,Levis,West,Ahmedabad,Outlet,Summer,M,Black,2673.2,35.7,1718.87,2025-02-20,279,4.6,False,
FB002060,Dresses,Allen Solly,North,Delhi,Flagship,Fall,L,Black,503.17,2.6,490.09,2025-04-24,486,2.8,False,
FB002061,Dresses,FabIndia,North,Lucknow,Flagship,Spring,L,Red,920.18,44.1,514.38,2025-09-17,246,2.7,True,Color Mismatch
FB002062,Outerwear,Adidas,East,Kolkata,Flagship,Spring,M,Black,2820.63,47.8,1472.37,2025-11-16,392,3.5,True,Damaged
FB002063,Accessories,Adidas,South,Hyderabad,Boutique,Winter,M,White,2606.24,6.5,2436.83,2025-08-10,385,3.8,True,Size Issue
FB002064,Tops,Adidas,South,Hyderabad,Boutique,Winter,L,Green,1217.59,26.5,894.93,2025-12-09,243,2.3,False,
FB002065,Bottoms,Levis,West,Nagpur,Boutique,Spring,XL,Green,1818.04,1.9,1783.5,2025-06-23,129,4.8,True,Color Mismatch
FB002066,Tops,Allen Solly,East,Kolkata,Outlet,Fall,L,Grey,959.09,42.5,551.48,2025-07-01,72,3.2,False,
FB002067,Shoes,Allen Solly,East,Kolkata,Boutique,Spring,XS,Grey,2271.61,6.6,2121.68,2025-08-05,111,2.7,True,Color Mismatch
FB002068,Outerwear,Zara,North,Delhi,Flagship,Spring,XS,Pink,1874.12,18.1,1534.9,2025-06-16,300,3.0,False,
FB002069,Tops,Allen Solly,South,Hyderabad,Boutique,Summer,M,Pink,1961.64,17.7,1614.43,2025-09-19,451,2.8,False,
FB002070,Tops,Adidas,Central,Indore,Boutique,Fall,XS,Blue,956.56,20.3,762.38,2025-07-07,30,4.2,False,
FB002071,Accessories,Adidas,North,Delhi,Boutique,Fall,XL,Blue,2943.67,0.1,2940.73,2025-09-24,32,4.1,True,Late Delivery
FB002072,Outerwear,Zara,East,Kolkata,Flagship,Spring,XL,Black,756.82,48.4,390.52,2025-11-04,108,2.8,True,Damaged
FB002073,Tops,FabIndia,North,Jaipur,Boutique,Summer,XS,Grey,787.26,7.1,731.36,2025-06-28,479,3.3,True,Color Mismatch
FB002074,Outerwear,Nike,South,Bangalore,Flagship,Summer,XL,Pink,2306.3,46.2,1240.79,2025-03-04,437,4.3,False,
FB002075,Shoes,Zara,East,Kolkata,Boutique,Winter,XS,White,1450.6,2.7,1411.43,2025-02-28,282,2.7,False,
FB002076,Shoes,Adidas,East,Kolkata,Boutique,Summer,L,Brown,2674.82,27.7,1933.89,2025-01-19,30,2.3,True,Size Issue
FB002077,Shoes,H&M,Central,Indore,Outlet,Fall,XS,White,1218.69,33.8,806.77,2025-01-12,261,3.8,True,Size Issue
FB002078,Bottoms,Adidas,West,Ahmedabad,Outlet,Summer,L,Brown,2806.1,41.2,1649.99,2025-02-24,96,2.2,True,Late Delivery
FB002079,Dresses,Uniqlo,North,Jaipur,Flagship,Spring,S,Green,2868.11,36.7,1815.51,2025-01-16,146,3.2,True,Size Issue
FB002080,Outerwear,Levis,Central,Indore,Flagship,Fall,L,Red,1164.41,2.7,1132.97,2025-01-14,153,2.2,True,
FB002081,Outerwear,H&M,West,Surat,Flagship,Spring,S,Grey,776.29,22.7,600.07,2025-02-16,51,2.7,True,Damaged
FB002082,Accessories,Levis,South,Bangalore,Boutique,Spring,XS,Brown,2319.03,5.5,2191.48,2025-02-12,462,3.5,True,Color Mismatch
FB002083,Shoes,Nike,Central,Indore,Boutique,Fall,S,Pink,826.99,26.5,607.84,2025-03-06,404,4.9,True,Size Issue
FB002084,Shoes,H&M,Central,Indore,Boutique,Fall,S,Grey,525.75,14.9,447.41,2025-04-19,175,2.8,True,Color Mismatch
FB002085,Shoes,Adidas,Central,Indore,Outlet,Spring,XS,Grey,2738.95,46.7,1459.86,2025-08-13,268,3.4,False,
FB002086,Outerwear,Nike,South,Bangalore,Flagship,Winter,M,White,2685.82,5.5,2538.1,2025-09-24,476,4.4,True,
FB002087,Accessories,Uniqlo,East,Kolkata,Boutique,Spring,XS,Green,796.1,27.0,581.15,2025-06-09,105,2.3,True,Color Mismatch
FB002088,Accessories,Uniqlo,East,Kolkata,Outlet,Fall,XS,Red,2592.74,36.5,1646.39,2025-09-12,83,4.6,False,
FB002089,Bottoms,Uniqlo,South,Bangalore,Boutique,Winter,XL,Brown,1682.65,21.6,1319.2,2025-03-19,228,4.2,False,
FB002090,Outerwear,Puma,North,Lucknow,Flagship,Winter,M,Blue,2866.11,21.3,2255.63,2025-03-08,426,3.4,False,
FB002091,Dresses,Nike,North,Delhi,Flagship,Winter,S,Brown,2031.84,6.0,1909.93,2025-04-06,247,3.2,True,Size Issue
FB002092,Accessories,Adidas,East,Kolkata,Boutique,Fall,XS,Blue,1401.24,26.8,1025.71,2025-01-17,398,3.5,True,Size Issue
FB002093,Dresses,H&M,East,Kolkata,Flagship,Fall,XS,Green,1181.98,28.4,846.3,2025-11-13,125,4.2,False,
FB002094,Tops,Adidas,South,Chennai,Boutique,Fall,XL,White,2649.34,1.0,2622.85,2025-08-08,145,3.5,False,
FB002095,Tops,Nike,East,Kolkata,Boutique,Spring,XL,Red,2014.51,3.2,1950.05,2025-06-27,302,4.1,False,
FB002096,Shoes,Puma,North,Delhi,Outlet,Fall,XL,Blue,1766.62,32.7,1188.94,2025-04-22,473,4.4,False,
FB002097,Tops,Adidas,South,Chennai,Boutique,Fall,S,Grey,997.5,11.9,878.8,2025-10-22,88,5.0,False,
FB002098,Dresses,Zara,South,Bangalore,Flagship,Spring,M,Pink,2455.87,34.2,1615.96,2025-07-08,392,3.4,False,
FB002099,Outerwear,Zara,West,Pune,Flagship,Winter,M,Blue,1848.39,47.7,966.71,2025-09-03,196,4.6,False,
FB002100,Dresses,Allen Solly,West,Ahmedabad,Flagship,Summer,S,White,1793.26,44.6,993.47,2025-09-20,303,4.5,False,
FB002101,Tops,FabIndia,North,Lucknow,Boutique,Spring,L,Red,1834.25,27.4,1331.67,2025-05-16,115,3.9,False,
FB002102,Tops,Zara,East,Kolkata,Outlet,Winter,M,Red,600.59,36.2,383.18,2025-04-26,469,4.8,True,Damaged
FB002103,Dresses,Uniqlo,South,Hyderabad,Flagship,Winter,XS,Black,1466.82,7.9,1350.94,2025-08-01,65,2.0,True,
FB002104,Outerwear,Uniqlo,South,Chennai,Flagship,Winter,XL,White,2863.06,41.7,1669.16,2025-06-23,359,3.3,True,Damaged
FB002105,Tops,Puma,South,Chennai,Boutique,Fall,M,Black,817.86,3.4,790.05,2025-11-17,272,2.6,True,Color Mismatch
FB002106,Bottoms,FabIndia,East,Kolkata,Boutique,Spring,L,Brown,960.92,6.5,898.46,2025-03-25,123,4.4,True,Damaged
FB002107,Outerwear,FabIndia,North,Lucknow,Flagship,Summer,S,Pink,2595.61,45.8,1406.82,2025-01-11,398,2.1,True,Color Mismatch
FB002108,Dresses,Adidas,Central,Indore,Flagship,Spring,S,Grey,2413.17,10.6,2157.37,2025-08-16,186,2.4,False,
FB002109,Accessories,Nike,Central,Indore,Outlet,Fall,XL,Green,1245.02,30.2,869.02,2025-12-08,327,2.2,True,Size Issue
FB002110,Outerwear,H&M,North,Lucknow,Flagship,Winter,XL,Brown,2003.1,13.8,1726.67,2025-08-31,500,2.4,False,
FB002111,Outerwear,Puma,Central,Indore,Flagship,Winter,L,Pink,1349.4,9.3,1223.91,2025-11-02,481,4.7,False,
FB002112,Dresses,Nike,Central,Indore,Flagship,Fall,S,Blue,1054.29,21.2,830.78,2025-08-03,99,3.9,False,
FB002113,Tops,Zara,West,Surat,Outlet,Winter,L,Black,1021.79,48.0,531.33,2025-04-21,17,2.7,True,Size Issue
FB002114,Outerwear,Levis,South,Bangalore,Flagship,Winter,L,Grey,1934.52,16.9,1607.59,2025-03-14,330,4.1,False,
FB002115,Shoes,Puma,North,Jaipur,Outlet,Fall,XL,Black,2603.62,43.4,1473.65,2025-12-24,492,2.2,True,Color Mismatch
FB002116,Dresses,Zara,West,Mumbai,Flagship,Summer,L,Pink,2220.91,39.7,1339.21,2025-10-11,314,2.4,False,
FB002117,Outerwear,Nike,East,Kolkata,Flagship,Winter,S,Brown,2220.51,6.2,2082.84,2025-01-08,133,2.2,True,
FB002118,Outerwear,FabIndia,West,Pune,Flagship,Summer,L,Pink,2040.52,5.4,1930.33,2025-01-19,267,3.9,True,Color Mismatch
FB002119,Shoes,FabIndia,West,Mumbai,Boutique,Spring,XL,Red,1489.72,0.4,1483.76,2025-09-29,163,4.6,False,
FB002120,Dresses,Nike,East,Kolkata,Flagship,Winter,L,Red,2877.43,49.3,1458.86,2025-05-06,319,4.4,True,Color Mismatch
FB002121,Bottoms,Puma,East,Kolkata,Boutique,Winter,M,Black,802.11,18.5,653.72,2025-11-08,408,4.2,False,
FB002122,Dresses,Puma,Central,Indore,Flagship,Fall,L,Brown,1786.33,37.7,1112.88,2025-06-20,66,3.3,False,
FB002123,Bottoms,Uniqlo,East,Kolkata,Boutique,Winter,S,Black,2812.85,17.4,2323.41,2025-12-02,343,2.2,True,
FB002124,Bottoms,Adidas,Central,Indore,Outlet,Winter,L,Pink,516.65,36.2,329.62,2025-09-16,265,2.0,False,
FB002125,Tops,Zara,West,Pune,Boutique,Spring,XS,Brown,2721.35,0.6,2705.02,2025-03-23,490,2.7,True,Size Issue
FB002126,Shoes,FabIndia,North,Kanpur,Boutique,Spring,XL,White,1883.6,7.2,1747.98,2025-03-06,447,4.7,False,
FB002127,Outerwear,Nike,South,Chennai,Flagship,Winter,S,Black,1957.44,45.5,1066.8,2025-08-05,286,4.1,False,
FB002128,Tops,Puma,West,Ahmedabad,Outlet,Summer,S,Green,2514.5,32.6,1694.77,2025-03-14,58,3.2,False,
FB002129,Outerwear,FabIndia,South,Bangalore,Flagship,Winter,M,Red,1582.93,23.9,1204.61,2025-09-11,224,2.7,True,Damaged
FB002130,Tops,Nike,South,Bangalore,Outlet,Summer,S,Grey,1785.91,49.0,910.81,2025-07-13,67,3.1,False,
FB002131,Tops,Allen Solly,Central,Indore,Outlet,Winter,L,Green,2117.91,42.1,1226.27,2025-05-01,365,3.7,False,
FB002132,Shoes,FabIndia,Central,Indore,Outlet,Summer,XS,Pink,2001.92,37.7,1247.2,2025-11-17,244,2.0,True,Damaged
FB002133,Outerwear,H&M,West,Ahmedabad,Flagship,Spring,L,Brown,768.53,6.2,720.88,2025-05-24,353,4.4,True,Late Delivery
FB002134,Tops,Uniqlo,North,Jaipur,Boutique,Fall,M,Black,2726.8,0.9,2702.26,2025-10-30,18,3.5,True,Color Mismatch
FB002135,Dresses,Nike,Central,Indore,Flagship,Spring,M,Green,2909.76,25.2,2176.5,2025-10-15,10,3.0,False,
FB002136,Tops,Nike,Central,Indore,Outlet,Fall,XL,Grey,845.34,47.2,446.34,2025-01-31,290,2.9,False,
FB002137,Tops,Uniqlo,Central,Indore,Boutique,Fall,L,Black,2254.56,22.8,1740.52,2025-04-17,76,2.5,False,
FB002138,Tops,Zara,East,Kolkata,Boutique,Fall,M,Black,2815.48,16.7,2345.29,2025-08-14,114,3.6,True,Color Mismatch
FB002139,Bottoms,Puma,South,Hyderabad,Outlet,Spring,XS,Grey,2440.45,47.4,1283.68,2025-04-29,121,3.9,False,
FB002140,Tops,Puma,North,Delhi,Boutique,Spring,XL,Brown,1123.27,13.6,970.51,2025-05-29,258,4.0,True,
FB002141,Outerwear,FabIndia,West,Nagpur,Flagship,Winter,S,Pink,658.94,0.1,658.28,2025-09-09,266,4.3,False,
FB002142,Tops,Puma,North,Lucknow,Boutique,Winter,L,Blue,1961.86,2.1,1920.66,2025-08-24,23,3.0,False,
FB002143,Bottoms,Uniqlo,South,Hyderabad,Boutique,Summer,M,Blue,1640.36,6.6,1532.1,2025-11-18,415,4.3,True,Late Delivery
FB002144,Dresses,Levis,South,Bangalore,Flagship,Spring,XS,Grey,760.1,34.4,498.63,2025-02-09,87,2.9,False,
FB002145,Shoes,Allen Solly,West,Nagpur,Boutique,Spring,S,White,2148.06,25.9,1591.71,2025-05-27,330,2.3,False,
FB002146,Tops,Levis,South,Chennai,Outlet,Spring,L,Brown,1295.28,38.5,796.6,2025-03-01,499,2.4,False,
FB002147,Tops,FabIndia,Central,Indore,Boutique,Summer,XS,Black,1528.59,11.9,1346.69,2025-08-12,80,3.5,False,
FB002148,Shoes,FabIndia,South,Bangalore,Outlet,Fall,M,Black,1356.73,30.2,947.0,2025-02-10,444,2.4,False,
FB002149,Dresses,Uniqlo,North,Delhi,Flagship,Fall,S,Pink,745.08,40.1,446.3,2025-08-16,221,4.5,False,
FB002150,Bottoms,Levis,North,Delhi,Outlet,Spring,S,Green,509.51,33.2,340.35,2025-07-28,255,4.8,True,Color Mismatch
FB002151,Shoes,Uniqlo,East,Kolkata,Boutique,Fall,M,Grey,2120.78,2.4,2069.88,2025-09-04,210,3.1,True,
FB002152,Tops,Nike,North,Lucknow,Boutique,Winter,S,Black,1804.01,5.2,1710.2,2025-09-04,89,3.5,False,
FB002153,Accessories,Puma,North,Jaipur,Outlet,Fall,M,Pink,1892.99,41.2,1113.08,2025-09-04,315,4.8,True,Late Delivery
FB002154,Accessories,H&M,East,Kolkata,Boutique,Winter,XL,Brown,1435.5,17.3,1187.16,2025-10-23,242,4.7,False,
FB002155,Shoes,Allen Solly,East,Kolkata,Outlet,Fall,S,Grey,1982.81,36.1,1267.02,2025-08-27,337,4.9,True,
FB002156,Tops,Adidas,Central,Indore,Boutique,Winter,M,Blue,1774.45,23.3,1361.0,2025-03-30,11,3.0,True,Damaged
FB002157,Tops,Adidas,West,Surat,Boutique,Spring,M,White,2379.72,29.9,1668.18,2025-02-17,361,3.1,True,Late Delivery
FB002158,Tops,Nike,North,Jaipur,Outlet,Winter,XL,Grey,1155.91,43.1,657.71,2025-06-30,114,4.3,True,
FB002159,Shoes,Uniqlo,North,Jaipur,Boutique,Winter,S,Grey,1695.02,5.6,1600.1,2025-03-23,210,3.1,False,
FB002160,Bottoms,Puma,Central,Indore,Boutique,Fall,M,Grey,1135.01,6.3,1063.5,2025-04-09,55,4.4,False,
FB002161,Outerwear,Adidas,East,Kolkata,Flagship,Summer,L,Pink,2086.98,24.2,1581.93,2025-07-13,433,2.7,True,Color Mismatch
FB002162,Outerwear,Levis,South,Bangalore,Flagship,Fall,L,Brown,1223.26,5.6,1154.76,2025-09-27,173,4.7,False,
FB002163,Accessories,Puma,East,Kolkata,Boutique,Winter,S,Pink,1145.3,15.0,973.5,2025-10-06,327,2.3,True,Size Issue
FB002164,Dresses,Nike,Central,Indore,Flagship,Fall,XS,Blue,2255.08,1.3,2225.76,2025-11-14,376,3.1,True,Color Mismatch
FB002165,Tops,FabIndia,North,Lucknow,Boutique,Summer,XL,Blue,818.08,3.5,789.45,2025-06-16,266,4.3,False,
FB002166,Tops,Adidas,Central,Indore,Outlet,Spring,L,White,508.0,42.9,290.07,2025-07-31,89,4.3,False,
FB002167,Tops,Nike,East,Kolkata,Boutique,Winter,XS,Black,1083.77,24.0,823.67,2025-08-20,434,3.4,True,Damaged
FB002168,Bottoms,Puma,West,Ahmedabad,Boutique,Summer,XS,Pink,1497.0,21.7,1172.15,2026-01-01,32,2.5,False,
FB002169,Outerwear,Levis,Central,Indore,Flagship,Summer,XL,Blue,1162.08,27.9,837.86,2025-08-05,234,3.0,True,Size Issue
FB002170,Bottoms,Levis,West,Nagpur,Outlet,Winter,S,Pink,1417.03,43.4,802.04,2025-06-21,365,4.4,True,Late Delivery
FB002171,Accessories,Nike,South,Hyderabad,Boutique,Winter,S,Red,1229.08,22.3,955.0,2025-03-09,114,4.6,False,
FB002172,Accessories,Uniqlo,South,Hyderabad,Outlet,Summer,M,Black,1732.99,30.3,1207.89,2025-11-17,71,4.3,False,
FB002173,Shoes,Adidas,East,Kolkata,Outlet,Winter,L,Brown,2280.74,44.9,1256.69,2025-10-22,491,3.3,False,
FB002174,Bottoms,Zara,East,Kolkata,Boutique,Spring,XL,Red,1806.41,21.0,1427.06,2025-05-16,432,4.1,False,
FB002175,Accessories,H&M,East,Kolkata,Boutique,Winter,M,Pink,727.88,27.1,530.62,2025-05-06,232,2.2,False,
FB002176,Dresses,H&M,South,Hyderabad,Flagship,Summer,M,Black,1772.07,2.4,1729.54,2025-03-12,273,2.8,False,
FB002177,Dresses,FabIndia,East,Kolkata,Flagship,Winter,XL,Black,2457.74,43.9,1378.79,2025-02-21,21,4.8,False,
FB002178,Tops,Puma,Central,Indore,Boutique,Winter,XS,Red,2627.87,28.3,1884.18,2025-07-22,421,2.1,True,Damaged
FB002179,Bottoms,FabIndia,North,Delhi,Boutique,Winter,L,Blue,751.71,21.7,588.59,2025-02-12,189,4.9,True,Size Issue
FB002180,Shoes,H&M,West,Mumbai,Boutique,Fall,XS,Brown,2358.18,26.5,1733.26,2025-01-28,474,3.5,True,Color Mismatch
FB002181,Dresses,FabIndia,North,Jaipur,Flagship,Summer,L,Black,2846.35,46.6,1519.95,2025-01-16,302,3.2,True,Size Issue
FB002182,Tops,Allen Solly,West,Ahmedabad,Outlet,Summer,L,Blue,653.6,47.9,340.53,2025-03-31,393,4.9,False,
FB002183,Dresses,Uniqlo,West,Mumbai,Flagship,Fall,S,Grey,1548.01,1.9,1518.6,2025-11-14,463,4.1,True,Color Mismatch
FB002184,Shoes,Allen Solly,Central,Indore,Boutique,Spring,S,Black,2113.53,17.4,1745.78,2025-03-24,478,4.1,False,
FB002185,Outerwear,Levis,South,Bangalore,Flagship,Summer,S,Blue,2956.54,28.7,2108.01,2025-11-07,293,3.0,True,Damaged
FB002186,Bottoms,Nike,South,Chennai,Boutique,Spring,L,Black,2625.58,6.4,2457.54,2025-09-07,351,3.0,False,
FB002187,Shoes,Allen Solly,East,Kolkata,Boutique,Summer,S,Black,1257.52,18.3,1027.39,2025-06-01,114,4.0,False,
FB002188,Outerwear,Puma,North,Kanpur,Flagship,Winter,S,Red,2749.85,35.3,1779.15,2025-06-11,73,2.5,True,Color Mismatch
FB002189,Dresses,Zara,East,Kolkata,Flagship,Summer,S,Pink,2913.63,38.0,1806.45,2025-08-19,282,4.2,False,
FB002190,Bottoms,Uniqlo,South,Hyderabad,Boutique,Winter,XS,Brown,2394.41,5.6,2260.32,2025-04-25,214,4.1,True,
FB002191,Accessories,Zara,Central,Indore,Boutique,Spring,XL,Blue,2760.73,17.8,2269.32,2025-08-21,181,3.4,False,
FB002192,Accessories,Uniqlo,North,Kanpur,Boutique,Summer,S,Red,2146.45,1.5,2114.25,2025-04-16,110,3.4,False,
FB002193,Bottoms,Puma,North,Kanpur,Boutique,Winter,XS,Pink,802.61,11.4,711.11,2025-12-24,163,5.0,False,
FB002194,Tops,Allen Solly,West,Pune,Outlet,Winter,M,Blue,997.37,46.2,536.59,2025-04-24,453,4.4,False,
FB002195,Shoes,Levis,North,Delhi,Outlet,Summer,XS,Grey,1348.55,34.1,888.69,2025-03-18,244,2.9,True,
FB002196,Tops,Zara,South,Bangalore,Outlet,Spring,XS,Brown,2617.52,47.2,1382.05,2025-08-27,104,3.9,True,
FB002197,Tops,Puma,East,Kolkata,Boutique,Winter,S,Blue,1587.71,23.1,1220.95,2025-03-28,445,4.1,True,Damaged
FB002198,Accessories,Puma,Central,Indore,Boutique,Fall,S,Black,2141.17,9.2,1944.18,2025-11-14,24,4.5,True,Damaged
FB002199,Tops,Uniqlo,North,Delhi,Boutique,Winter,XS,Grey,798.26,15.2,676.92,2025-11-12,487,3.3,False,
FB002200,Outerwear,H&M,West,Surat,Flagship,Spring,S,Black,700.52,4.4,669.7,2025-01-19,445,4.6,True,Size Issue
FB002201,Outerwear,Adidas,South,Hyderabad,Flagship,Spring,XS,Grey,1289.26,16.1,1081.69,2025-10-25,367,4.8,True,Size Issue
FB002202,Bottoms,Puma,South,Bangalore,Boutique,Winter,XL,Brown,2065.14,19.8,1656.24,2025-04-14,189,2.6,False,
FB002203,Accessories,H&M,Central,Indore,Outlet,Fall,XS,Black,1231.15,37.1,774.39,2025-09-09,393,4.2,True,Late Delivery
FB002204,Bottoms,H&M,West,Surat,Boutique,Fall,L,Grey,1504.08,24.6,1134.08,2025-02-02,314,4.0,True,Damaged
FB002205,Bottoms,Puma,Central,Indore,Boutique,Summer,M,White,1915.18,18.7,1557.04,2025-05-27,339,3.9,False,
FB002206,Tops,Levis,Central,Indore,Outlet,Winter,S,Pink,933.42,30.4,649.66,2025-09-22,17,4.7,True,Late Delivery
FB002207,Accessories,Allen Solly,Central,Indore,Outlet,Spring,S,Red,2792.06,37.4,1747.83,2025-11-30,203,3.3,True,Damaged
FB002208,Shoes,Uniqlo,North,Lucknow,Boutique,Winter,L,Black,2051.41,11.3,1819.6,2025-06-07,192,2.5,True,Size Issue
FB002209,Shoes,H&M,East,Kolkata,Boutique,Summer,S,Red,1153.7,13.3,1000.26,2025-09-24,418,4.8,True,Late Delivery
FB002210,Dresses,FabIndia,South,Chennai,Flagship,Winter,S,Pink,2202.68,35.2,1427.34,2025-03-16,79,3.9,False,
FB002211,Tops,Uniqlo,West,Mumbai,Outlet,Spring,XL,Black,752.82,44.3,419.32,2025-05-04,197,3.7,True,Late Delivery
FB002212,Bottoms,FabIndia,Central,Indore,Boutique,Winter,XS,Black,1832.25,3.4,1769.95,2025-01-16,455,4.6,False,
FB002213,Shoes,Nike,Central,Indore,Boutique,Summer,M,Blue,574.7,9.7,518.95,2025-10-29,470,3.2,False,
FB002214,Outerwear,Uniqlo,East,Kolkata,Flagship,Spring,XS,White,1705.35,47.4,897.01,2025-11-11,327,3.9,True,Late Delivery
FB002215,Bottoms,Zara,South,Hyderabad,Boutique,Spring,L,Brown,2902.16,18.2,2373.97,2025-05-28,417,2.4,True,
FB002216,Bottoms,Adidas,North,Delhi,Boutique,Summer,L,Pink,1194.22,25.3,892.08,2025-01-08,371,2.9,False,
FB002217,Tops,Zara,East,Kolkata,Outlet,Summer,L,Grey,2058.81,49.2,1045.88,2025-11-19,351,4.1,False,
FB002218,Bottoms,Allen Solly,West,Ahmedabad,Boutique,Winter,L,White,988.31,0.2,986.33,2025-09-02,308,3.3,False,
FB002219,Bottoms,FabIndia,Central,Indore,Outlet,Summer,M,Brown,653.44,40.1,391.41,2025-09-20,405,3.9,True,Size Issue
FB002220,Bottoms,Adidas,Central,Indore,Outlet,Winter,M,Pink,669.73,43.1,381.08,2025-05-28,461,2.9,True,
FB002221,Outerwear,FabIndia,East,Kolkata,Flagship,Fall,XS,Pink,1020.11,4.8,971.14,2025-03-03,332,3.3,True,
FB002222,Shoes,H&M,East,Kolkata,Boutique,Spring,M,White,2653.29,23.5,2029.77,2025-12-30,353,2.2,True,
FB002223,Tops,Puma,North,Lucknow,Boutique,Winter,S,Brown,821.63,17.9,674.56,2025-07-13,454,4.5,False,
FB002224,Tops,Adidas,West,Pune,Boutique,Fall,XS,Green,839.86,4.4,802.91,2025-04-23,303,3.6,True,Size Issue
FB002225,Shoes,Nike,East,Kolkata,Outlet,Summer,XL,Black,2189.69,36.9,1381.69,2025-03-13,216,4.3,False,
FB002226,Dresses,Uniqlo,East,Kolkata,Flagship,Summer,XL,Red,2523.77,13.5,2183.06,2025-08-31,460,3.1,False,
FB002227,Tops,Allen Solly,South,Bangalore,Boutique,Spring,XS,Blue,1297.39,29.0,921.15,2025-07-15,46,2.6,False,
FB002228,Tops,Adidas,South,Hyderabad,Boutique,Summer,XS,Green,1627.22,20.1,1300.15,2025-07-20,27,3.5,False,
FB002229,Dresses,Zara,South,Hyderabad,Flagship,Spring,XS,Brown,1571.76,0.6,1562.33,2025-01-06,153,2.1,False,
FB002230,Accessories,H&M,South,Bangalore,Boutique,Winter,L,Blue,1563.83,7.2,1451.23,2025-05-10,217,2.4,False,
FB002231,Tops,Puma,North,Jaipur,Boutique,Summer,L,Grey,2437.78,9.9,2196.44,2025-08-07,441,2.8,False,
FB002232,Tops,Zara,North,Delhi,Boutique,Winter,M,Blue,2920.38,2.2,2856.13,2025-03-08,367,3.8,True,Color Mismatch
FB002233,Outerwear,Adidas,West,Nagpur,Flagship,Winter,L,Green,1580.32,11.0,1406.48,2025-05-24,332,3.0,True,Size Issue
FB002234,Shoes,Levis,North,Kanpur,Boutique,Spring,XL,Red,1729.03,26.1,1277.75,2025-08-14,361,4.6,True,Size Issue
FB002235,Shoes,FabIndia,West,Pune,Outlet,Winter,XL,Grey,2166.56,30.7,1501.43,2025-09-09,132,4.3,True,Late Delivery
FB002236,Bottoms,Puma,South,Hyderabad,Boutique,Summer,S,Black,514.22,25.3,384.12,2025-08-25,295,4.7,False,
FB002237,Accessories,Allen Solly,East,Kolkata,Outlet,Fall,S,Black,2902.78,31.8,1979.7,2025-11-16,479,3.0,False,
FB002238,Outerwear,Nike,North,Jaipur,Flagship,Winter,XL,Brown,889.66,1.6,875.43,2025-04-18,409,3.9,True,Late Delivery
FB002239,Dresses,Adidas,East,Kolkata,Flagship,Fall,M,White,2399.43,35.0,1559.63,2025-06-02,457,4.1,True,Color Mismatch
FB002240,Shoes,Levis,West,Ahmedabad,Boutique,Spring,M,Brown,977.27,12.5,855.11,2025-05-24,421,4.4,True,Late Delivery
FB002241,Dresses,Nike,East,Kolkata,Flagship,Fall,XS,Brown,1112.72,19.0,901.3,2025-10-05,48,4.1,True,
FB002242,Tops,H&M,Central,Indore,Boutique,Spring,XS,Pink,2653.72,21.8,2075.21,2025-04-10,214,3.5,True,Late Delivery
FB002243,Dresses,Uniqlo,North,Jaipur,Flagship,Winter,L,Black,2052.02,8.1,1885.81,2025-05-13,131,4.1,True,Damaged
FB002244,Accessories,FabIndia,West,Nagpur,Boutique,Fall,M,Grey,2589.78,23.5,1981.18,2025-07-14,476,2.4,False,
FB002245,Dresses,Zara,Central,Indore,Flagship,Winter,L,Grey,2545.63,49.5,1285.54,2025-11-22,495,3.8,False,
FB002246,Outerwear,Adidas,West,Ahmedabad,Flagship,Winter,M,Brown,2041.33,41.3,1198.26,2025-02-20,418,4.9,False,
FB002247,Tops,Levis,North,Jaipur,Boutique,Fall,XS,Green,2314.22,15.3,1960.14,2025-07-06,88,2.5,False,
FB002248,Shoes,Puma,North,Delhi,Boutique,Spring,XL,Grey,2799.34,20.0,2239.47,2025-06-28,385,2.6,False,
FB002249,Outerwear,Adidas,West,Nagpur,Flagship,Fall,L,Pink,1964.41,48.8,1005.78,2025-10-02,106,4.3,False,
FB002250,Tops,Zara,South,Hyderabad,Outlet,Winter,L,Brown,689.0,40.7,408.58,2025-01-23,136,3.9,False,
FB002251,Outerwear,H&M,North,Lucknow,Flagship,Spring,L,Blue,1073.37,11.3,952.08,2025-10-28,348,3.0,True,Color Mismatch
FB002252,Tops,Uniqlo,North,Kanpur,Boutique,Fall,L,Black,2435.95,17.6,2007.22,2025-03-01,67,4.4,True,Color Mismatch
FB002253,Dresses,Zara,Central,Indore,Flagship,Winter,S,Pink,2912.67,40.6,1730.13,2025-07-19,132,4.2,True,Size Issue
FB002254,Accessories,Allen Solly,West,Surat,Boutique,Fall,S,Brown,1587.96,10.5,1421.22,2025-07-07,46,4.0,False,
FB002255,Dresses,Puma,East,Kolkata,Flagship,Fall,L,Black,570.15,22.3,443.01,2025-11-27,134,2.1,False,
FB002256,Shoes,Nike,South,Chennai,Boutique,Summer,XL,Black,786.54,11.9,692.94,2025-05-03,373,2.8,False,
FB002257,Shoes,Puma,South,Bangalore,Boutique,Winter,XL,Blue,2571.95,25.3,1921.25,2025-11-23,385,4.7,False,
FB002258,Tops,Adidas,Central,Indore,Boutique,Fall,L,Blue,2033.61,20.9,1608.59,2025-09-24,269,3.4,True,Damaged
FB002259,Bottoms,H&M,South,Chennai,Outlet,Spring,XS,Grey,1480.52,49.8,743.22,2025-09-21,270,3.0,False,
FB002260,Tops,Nike,South,Hyderabad,Boutique,Summer,S,Grey,2661.56,7.0,2475.25,2025-02-05,236,4.0,True,Late Delivery
FB002261,Bottoms,Levis,Central,Indore,Boutique,Summer,M,Pink,1233.06,4.4,1178.81,2025-12-19,74,3.0,False,
FB002262,Outerwear,Levis,West,Ahmedabad,Flagship,Summer,XL,Black,1148.79,16.8,955.79,2025-01-23,115,4.6,False,
FB002263,Accessories,Zara,West,Ahmedabad,Outlet,Winter,XL,Blue,883.29,33.9,583.85,2025-04-13,19,2.9,False,
FB002264,Bottoms,Uniqlo,East,Kolkata,Outlet,Summer,L,Brown,1346.66,36.3,857.82,2025-12-23,278,2.1,False,
FB002265,Outerwear,H&M,North,Jaipur,Flagship,Winter,L,Red,879.09,38.5,540.64,2025-05-16,72,3.3,False,
FB002266,Tops,Zara,North,Lucknow,Boutique,Fall,L,Red,1119.06,16.5,934.42,2025-05-31,188,3.4,True,Damaged
FB002267,Shoes,Zara,Central,Indore,Outlet,Fall,XS,Pink,2269.74,44.9,1250.63,2025-09-22,443,3.0,False,
FB002268,Bottoms,Zara,Central,Indore,Boutique,Fall,S,Brown,1296.93,9.5,1173.72,2025-04-29,192,4.7,True,Damaged
FB002269,Dresses,Levis,South,Hyderabad,Flagship,Winter,XS,Blue,1428.09,42.8,816.87,2025-07-02,126,3.7,True,Late Delivery
FB002270,Outerwear,Uniqlo,South,Hyderabad,Flagship,Summer,XS,Blue,1615.37,17.1,1339.14,2025-05-01,270,2.6,False,
FB002271,Tops,Adidas,North,Kanpur,Boutique,Summer,S,Black,2326.38,22.7,1798.29,2025-05-22,65,2.3,False,
FB002272,Dresses,Levis,West,Pune,Flagship,Winter,XL,Green,2698.59,42.8,1543.59,2025-01-06,116,2.8,True,Color Mismatch
FB002273,Tops,Adidas,West,Ahmedabad,Outlet,Winter,M,Green,1230.23,36.8,777.51,2025-04-21,210,2.9,True,Damaged
FB002274,Shoes,Levis,North,Delhi,Outlet,Winter,L,Brown,2588.37,47.7,1353.72,2025-11-05,169,4.0,False,
FB002275,Outerwear,Levis,Central,Indore,Flagship,Winter,XL,Black,2374.71,5.0,2255.97,2025-10-08,433,3.2,False,
FB002276,Tops,Levis,North,Jaipur,Outlet,Summer,L,Brown,1504.63,33.4,1002.08,2025-07-03,100,3.1,True,
FB002277,Accessories,H&M,North,Lucknow,Boutique,Summer,L,Green,2570.78,16.1,2156.88,2025-03-07,479,4.3,False,
FB002278,Bottoms,Zara,North,Delhi,Boutique,Winter,S,Black,2703.95,29.6,1903.58,2025-11-04,82,3.4,True,
FB002279,Accessories,Adidas,West,Surat,Outlet,Fall,S,Pink,1040.6,45.6,566.09,2025-09-20,417,4.9,True,Damaged
FB002280,Bottoms,Adidas,West,Ahmedabad,Outlet,Spring,L,White,623.66,48.9,318.69,2025-03-29,29,2.2,True,Late Delivery
FB002281,Shoes,H&M,West,Nagpur,Boutique,Fall,XL,Red,1598.71,27.0,1167.06,2025-05-08,260,4.2,True,Color Mismatch
FB002282,Bottoms,Adidas,West,Surat,Outlet,Spring,S,Grey,1958.85,40.4,1167.47,2025-12-19,274,2.5,True,Late Delivery
FB002283,Tops,Puma,North,Lucknow,Boutique,Winter,S,Red,962.22,3.7,926.62,2025-08-16,393,3.1,True,Damaged
FB002284,Bottoms,H&M,South,Hyderabad,Boutique,Winter,XL,Grey,2731.4,4.0,2622.14,2025-08-28,234,3.1,False,
FB002285,Bottoms,Levis,South,Bangalore,Boutique,Spring,M,Brown,2319.95,6.0,2180.75,2025-03-04,155,3.3,True,Size Issue
FB002286,Shoes,Levis,West,Surat,Outlet,Winter,M,Grey,2522.75,37.6,1574.2,2025-02-16,21,2.5,True,Damaged
FB002287,Tops,Zara,South,Bangalore,Outlet,Fall,XL,Green,2028.39,36.2,1294.11,2025-06-06,69,3.6,False,
FB002288,Accessories,H&M,Central,Indore,Boutique,Winter,L,White,1571.66,5.1,1491.51,2025-08-21,411,4.2,True,Damaged
FB002289,Shoes,Adidas,East,Kolkata,Outlet,Summer,XL,Red,914.79,41.4,536.07,2025-01-15,159,4.4,True,Damaged
FB002290,Shoes,Adidas,South,Chennai,Outlet,Spring,S,Black,1088.54,44.6,603.05,2025-03-25,493,2.4,True,
FB002291,Bottoms,Puma,West,Pune,Outlet,Fall,L,Brown,2701.68,42.1,1564.27,2025-04-17,275,3.6,True,Color Mismatch
FB002292,Outerwear,Puma,North,Jaipur,Flagship,Fall,S,Red,1001.0,27.9,721.72,2025-04-17,304,3.4,False,
FB002293,Tops,Adidas,Central,Indore,Outlet,Fall,S,Black,2390.08,35.0,1553.55,2025-09-29,421,3.5,False,
FB002294,Tops,H&M,North,Kanpur,Outlet,Spring,XS,Pink,1882.03,48.8,963.6,2025-04-30,312,3.2,False,
FB002295,Bottoms,H&M,West,Surat,Boutique,Spring,L,Blue,2115.66,14.2,1815.24,2025-05-06,310,3.7,False,
FB002296,Accessories,Adidas,South,Chennai,Outlet,Spring,M,Green,1408.88,30.5,979.17,2025-01-29,292,3.5,False,
FB002297,Dresses,Nike,North,Delhi,Flagship,Winter,M,Black,813.25,23.6,621.32,2025-11-21,200,2.1,True,Color Mismatch
FB002298,Shoes,Nike,West,Pune,Boutique,Summer,XS,Grey,1091.96,16.7,909.6,2025-01-05,21,3.8,True,Size Issue
FB002299,Outerwear,Levis,East,Kolkata,Flagship,Fall,XL,Green,931.61,25.5,694.05,2025-04-05,324,4.7,True,Color Mismatch
FB002300,Bottoms,Levis,East,Kolkata,Outlet,Fall,L,Pink,1220.87,43.7,687.35,2025-01-23,197,3.8,False,
FB002301,Bottoms,Puma,North,Jaipur,Boutique,Winter,L,Blue,1681.28,11.4,1489.61,2025-05-29,151,4.4,True,Size Issue
FB002302,Tops,Puma,West,Mumbai,Boutique,Summer,XL,Black,1027.85,21.3,808.92,2025-10-15,450,3.9,False,
FB002303,Outerwear,Levis,Central,Indore,Flagship,Winter,L,Brown,1513.29,33.5,1006.34,2025-03-15,376,3.0,True,Size Issue
FB002304,Outerwear,FabIndia,South,Chennai,Flagship,Summer,M,Pink,2373.96,6.4,2222.03,2025-08-24,55,4.4,False,
FB002305,Dresses,Allen Solly,South,Chennai,Flagship,Fall,L,Brown,2997.57,47.0,1588.71,2025-03-03,147,2.8,True,Damaged
FB002306,Tops,FabIndia,East,Kolkata,Boutique,Summer,L,Pink,613.03,16.4,512.49,2025-08-21,45,3.0,True,Size Issue
FB002307,Shoes,FabIndia,West,Pune,Boutique,Summer,XS,White,1323.23,17.8,1087.7,2025-08-17,273,4.3,True,Size Issue
FB002308,Tops,Levis,East,Kolkata,Boutique,Summer,XS,Black,1879.75,12.9,1637.26,2025-11-25,341,2.1,False,
FB002309,Outerwear,Zara,East,Kolkata,Flagship,Winter,L,Brown,989.46,34.3,650.08,2025-06-25,484,4.1,False,
FB002310,Outerwear,Adidas,Central,Indore,Flagship,Spring,M,White,855.35,15.8,720.2,2025-11-01,142,4.8,False,
FB002311,Dresses,Levis,West,Surat,Flagship,Summer,M,Pink,1400.38,31.4,960.66,2025-03-12,334,3.8,True,
FB002312,Bottoms,Allen Solly,North,Delhi,Boutique,Fall,XS,Red,2442.85,0.2,2437.96,2025-11-21,173,2.1,True,Color Mismatch
FB002313,Accessories,H&M,West,Mumbai,Outlet,Summer,XS,Red,950.02,48.8,486.41,2025-02-13,239,3.9,True,Damaged
FB002314,Bottoms,FabIndia,East,Kolkata,Boutique,Spring,XS,White,2416.35,29.1,1713.19,2025-03-12,183,2.9,False,
FB002315,Shoes,H&M,East,Kolkata,Boutique,Winter,XS,Green,2750.32,4.6,2623.81,2025-09-21,214,3.6,False,
FB002316,Outerwear,Uniqlo,East,Kolkata,Flagship,Spring,M,Grey,1719.0,24.2,1303.0,2025-09-01,86,3.5,False,
FB002317,Accessories,Puma,Central,Indore,Boutique,Winter,XS,Red,707.83,17.2,586.08,2025-05-11,117,3.2,False,
FB002318,Dresses,Allen Solly,Central,Indore,Flagship,Summer,L,White,2641.05,41.3,1550.3,2025-07-24,425,4.2,True,Damaged
FB002319,Accessories,H&M,East,Kolkata,Boutique,Fall,S,Brown,2703.07,14.8,2303.02,2025-02-14,208,3.9,True,
FB002320,Accessories,Puma,South,Bangalore,Outlet,Spring,M,Green,2837.34,40.6,1685.38,2025-04-28,337,4.5,False,
FB002321,Shoes,FabIndia,South,Chennai,Boutique,Summer,XS,Red,1765.58,7.7,1629.63,2025-02-06,233,3.8,True,Late Delivery
FB002322,Accessories,H&M,East,Kolkata,Outlet,Spring,M,Pink,693.44,43.9,389.02,2025-12-23,58,4.6,False,
FB002323,Shoes,Levis,West,Ahmedabad,Boutique,Spring,M,Pink,624.53,15.9,525.23,2025-08-03,256,2.4,True,Size Issue
FB002324,Shoes,Puma,East,Kolkata,Outlet,Fall,S,Brown,2368.67,45.4,1293.29,2025-02-18,467,2.7,True,Color Mismatch
FB002325,Shoes,Adidas,North,Kanpur,Outlet,Fall,XS,Grey,1041.94,35.7,669.97,2025-10-05,419,2.2,True,
FB002326,Outerwear,H&M,South,Chennai,Flagship,Summer,XL,Red,1969.89,49.2,1000.7,2025-02-07,163,3.1,False,
FB002327,Accessories,Levis,East,Kolkata,Outlet,Winter,L,Grey,1403.52,41.7,818.25,2025-08-20,400,4.8,False,
FB002328,Tops,Puma,North,Kanpur,Boutique,Winter,L,White,680.59,3.1,659.49,2025-08-03,467,4.0,True,Color Mismatch
FB002329,Bottoms,FabIndia,South,Bangalore,Boutique,Winter,M,Pink,2196.41,26.4,1616.56,2025-02-02,364,2.4,True,Damaged
FB002330,Outerwear,FabIndia,South,Bangalore,Flagship,Winter,XL,Black,1291.63,41.3,758.19,2025-12-19,224,2.2,True,Damaged
FB002331,Bottoms,Levis,South,Chennai,Outlet,Spring,XL,White,2206.93,33.5,1467.61,2025-04-03,237,3.1,True,Size Issue
FB002332,Accessories,Puma,East,Kolkata,Boutique,Summer,S,Brown,1249.75,27.3,908.57,2025-11-18,460,4.0,True,
FB002333,Tops,FabIndia,East,Kolkata,Boutique,Spring,M,Brown,2353.25,15.5,1988.5,2025-12-03,234,3.1,True,Late Delivery
FB002334,Bottoms,H&M,South,Chennai,Boutique,Summer,S,Green,2552.67,1.7,2509.27,2025-01-13,164,2.3,False,
FB002335,Bottoms,Zara,East,Kolkata,Boutique,Fall,XL,White,1822.02,27.7,1317.32,2025-10-17,213,2.1,True,Color Mismatch
FB002336,Accessories,Uniqlo,North,Jaipur,Boutique,Spring,XS,Red,685.89,17.1,568.6,2025-11-07,461,4.4,False,
FB002337,Dresses,Zara,Central,Indore,Flagship,Winter,XS,Black,2250.32,19.8,1804.76,2025-06-17,214,5.0,True,Late Delivery
FB002338,Shoes,Zara,Central,Indore,Boutique,Winter,XS,Red,1471.62,20.0,1177.3,2025-10-28,311,3.8,True,Damaged
FB002339,Shoes,Nike,Central,Indore,Outlet,Summer,M,Pink,676.45,43.7,380.84,2026-01-01,107,3.6,True,Size Issue
FB002340,Outerwear,Puma,Central,Indore,Flagship,Fall,XS,Pink,2426.59,2.2,2373.21,2025-10-21,83,2.5,False,
FB002341,Tops,H&M,Central,Indore,Outlet,Spring,S,Brown,991.08,35.6,638.26,2025-01-14,175,3.3,False,
FB002342,Bottoms,Levis,South,Chennai,Boutique,Fall,XL,Grey,1881.97,11.8,1659.9,2025-05-25,465,2.1,False,
FB002343,Tops,Puma,East,Kolkata,Boutique,Summer,XL,Grey,2611.69,29.7,1836.02,2025-02-13,138,3.2,True,Size Issue
FB002344,Dresses,Allen Solly,North,Kanpur,Flagship,Winter,M,Blue,1659.87,32.9,1113.77,2025-05-10,110,2.2,True,Damaged
FB002345,Outerwear,H&M,West,Pune,Flagship,Fall,M,Grey,2841.6,25.7,2111.31,2025-05-22,288,3.3,True,Damaged
FB002346,Accessories,Zara,Central,Indore,Boutique,Summer,XS,Blue,2938.82,26.3,2165.91,2025-01-21,208,4.6,True,Size Issue
FB002347,Shoes,H&M,Central,Indore,Boutique,Winter,M,Blue,2332.88,0.8,2314.22,2025-05-09,482,4.3,False,
FB002348,Tops,Levis,East,Kolkata,Boutique,Spring,L,Grey,2593.44,8.1,2383.37,2025-09-07,187,3.2,True,Color Mismatch
FB002349,Tops,Adidas,East,Kolkata,Boutique,Winter,M,Pink,1834.12,27.7,1326.07,2025-06-07,15,2.4,True,Late Delivery
FB002350,Bottoms,Nike,North,Kanpur,Boutique,Summer,S,Grey,1404.56,10.4,1258.49,2025-10-07,371,3.2,True,Size Issue
FB002351,Shoes,Zara,East,Kolkata,Boutique,Spring,XL,White,950.62,7.4,880.27,2025-04-06,100,4.6,True,Color Mismatch
FB002352,Tops,Nike,East,Kolkata,Outlet,Fall,XL,Brown,1747.94,46.2,940.39,2025-12-26,403,2.2,True,Size Issue
FB002353,Bottoms,Levis,South,Hyderabad,Outlet,Spring,XS,White,2815.2,33.7,1866.48,2025-02-12,190,4.9,False,
FB002354,Outerwear,Levis,Central,Indore,Flagship,Fall,S,Grey,2946.6,0.2,2940.71,2025-11-20,463,2.6,False,
FB002355,Tops,Adidas,Central,Indore,Outlet,Fall,M,Brown,2432.42,41.0,1435.13,2025-05-22,131,3.5,True,
FB002356,Bottoms,Uniqlo,West,Mumbai,Boutique,Winter,XS,Black,2922.05,10.2,2624.0,2025-01-12,255,4.3,False,
FB002357,Tops,FabIndia,North,Lucknow,Boutique,Fall,S,White,1686.27,12.1,1482.23,2025-01-24,190,4.7,True,Size Issue
FB002358,Tops,Puma,North,Lucknow,Outlet,Summer,XL,Blue,1326.27,35.3,858.1,2025-08-19,200,3.8,True,Damaged
FB002359,Shoes,H&M,North,Jaipur,Outlet,Fall,M,Pink,1636.86,44.2,913.37,2025-03-30,74,2.7,True,Size Issue
FB002360,Bottoms,Zara,South,Chennai,Boutique,Winter,S,Green,1319.22,1.4,1300.75,2025-05-05,146,2.7,True,Color Mismatch
FB002361,Shoes,FabIndia,North,Jaipur,Boutique,Spring,XL,Pink,1286.98,25.2,962.66,2025-01-22,380,4.9,True,Late Delivery
FB002362,Tops,Levis,East,Kolkata,Boutique,Summer,L,Black,2536.26,19.9,2031.54,2025-03-03,476,2.4,True,Color Mismatch
FB002363,Shoes,Allen Solly,Central,Indore,Boutique,Summer,XL,Black,780.73,0.4,777.61,2025-02-16,366,4.6,False,
FB002364,Outerwear,Allen Solly,Central,Indore,Flagship,Winter,S,Red,1305.51,36.4,830.3,2025-04-03,292,3.5,False,
FB002365,Outerwear,FabIndia,Central,Indore,Flagship,Spring,XL,White,2295.25,24.4,1735.21,2025-05-02,108,3.5,False,
FB002366,Accessories,Allen Solly,East,Kolkata,Boutique,Spring,M,Grey,966.48,16.6,806.04,2025-01-26,372,3.8,True,
FB002367,Bottoms,FabIndia,Central,Indore,Boutique,Summer,L,Grey,598.16,26.8,437.85,2025-07-18,454,4.9,True,Size Issue
FB002368,Bottoms,Allen Solly,East,Kolkata,Boutique,Summer,L,Blue,1024.06,11.5,906.29,2025-05-12,150,4.4,False,
FB002369,Bottoms,H&M,East,Kolkata,Outlet,Summer,XS,Green,1704.97,44.1,953.08,2025-10-28,337,4.1,False,
FB002370,Dresses,Levis,Central,Indore,Flagship,Summer,S,Red,2289.76,38.4,1410.49,2025-08-20,334,4.7,True,
FB002371,Bottoms,Allen Solly,East,Kolkata,Outlet,Spring,L,Grey,2826.08,33.5,1879.34,2025-03-04,70,3.1,True,Late Delivery
FB002372,Accessories,Levis,East,Kolkata,Outlet,Fall,S,Blue,1818.59,35.1,1180.26,2025-11-14,463,4.4,False,
FB002373,Tops,Uniqlo,West,Mumbai,Boutique,Winter,M,Black,1830.72,20.7,1451.76,2025-12-12,109,4.8,True,Color Mismatch
FB002374,Bottoms,Allen Solly,South,Hyderabad,Boutique,Summer,L,Brown,2784.89,26.4,2049.68,2025-01-23,58,2.1,False,
FB002375,Tops,Puma,South,Hyderabad,Outlet,Spring,XS,Pink,1160.39,43.6,654.46,2025-07-30,175,4.6,False,
FB002376,Outerwear,Levis,North,Lucknow,Flagship,Fall,XS,Green,2120.35,22.9,1634.79,2025-07-31,212,4.1,True,Color Mismatch
FB002377,Tops,Adidas,West,Pune,Boutique,Fall,XL,White,1136.94,27.9,819.73,2025-01-14,476,2.1,False,
FB002378,Outerwear,Levis,Central,Indore,Flagship,Winter,XS,Black,1875.33,8.6,1714.05,2025-12-10,455,4.7,True,
FB002379,Shoes,Uniqlo,West,Surat,Boutique,Fall,L,White,2951.4,11.4,2614.94,2025-09-12,86,3.6,True,Late Delivery
FB002380,Tops,Adidas,West,Mumbai,Boutique,Winter,S,Brown,2013.47,20.7,1596.68,2025-11-10,364,3.5,True,Damaged
FB002381,Outerwear,Levis,East,Kolkata,Flagship,Summer,L,White,2677.54,40.9,1582.43,2025-06-03,452,3.2,True,Color Mismatch
FB002382,Bottoms,Levis,North,Delhi,Boutique,Fall,XL,Pink,2102.46,8.7,1919.55,2025-02-26,52,4.7,False,
FB002383,Dresses,Adidas,West,Mumbai,Flagship,Fall,M,Red,1310.33,0.9,1298.54,2025-09-16,431,3.9,True,Size Issue
FB002384,Shoes,Puma,East,Kolkata,Boutique,Spring,L,Red,771.39,27.2,561.57,2025-02-13,409,4.6,True,Late Delivery
FB002385,Bottoms,FabIndia,North,Kanpur,Boutique,Spring,M,Black,1371.85,14.1,1178.42,2025-04-03,425,3.0,True,Size Issue
FB002386,Tops,Puma,Central,Indore,Outlet,Summer,S,Blue,905.75,49.2,460.12,2025-07-06,245,4.8,False,
FB002387,Bottoms,Nike,West,Pune,Boutique,Winter,S,Blue,2109.67,2.5,2056.93,2025-08-27,475,3.0,False,
FB002388,Dresses,Adidas,West,Mumbai,Flagship,Spring,XS,Blue,2216.85,36.3,1412.13,2025-01-03,294,4.0,False,
FB002389,Tops,Uniqlo,Central,Indore,Boutique,Winter,XL,Brown,891.66,7.0,829.24,2025-11-25,216,4.4,True,Size Issue
FB002390,Shoes,Levis,South,Bangalore,Boutique,Fall,L,White,1056.36,18.6,859.88,2025-11-15,38,2.1,True,Color Mismatch
FB002391,Dresses,Puma,West,Surat,Flagship,Fall,L,White,1501.84,32.8,1009.24,2025-05-19,13,4.4,True,
FB002392,Tops,Adidas,South,Bangalore,Boutique,Fall,XL,Red,560.94,22.7,433.61,2025-12-05,115,3.0,False,
FB002393,Bottoms,Levis,South,Hyderabad,Outlet,Fall,S,Brown,2156.57,40.0,1293.94,2025-06-23,107,4.2,True,Damaged
FB002394,Dresses,H&M,West,Mumbai,Flagship,Winter,S,Pink,1802.93,0.4,1795.72,2025-05-24,392,3.0,False,
FB002395,Accessories,Zara,East,Kolkata,Boutique,Spring,XL,White,837.46,1.4,825.74,2025-07-05,93,2.6,True,Size Issue
FB002396,Tops,Puma,Central,Indore,Boutique,Summer,XS,Blue,1191.82,24.0,905.78,2025-04-04,208,3.5,False,
FB002397,Tops,Uniqlo,West,Nagpur,Boutique,Spring,L,Grey,2890.21,19.7,2320.84,2025-07-28,168,3.9,True,Size Issue
FB002398,Bottoms,Uniqlo,Central,Indore,Outlet,Fall,XS,Red,714.25,49.6,359.98,2025-12-11,304,4.7,True,Late Delivery
FB002399,Tops,H&M,West,Pune,Outlet,Winter,XL,Grey,2965.72,30.2,2070.07,2025-06-26,293,4.2,False,
FB002400,Outerwear,Levis,South,Chennai,Flagship,Fall,M,White,2009.03,43.5,1135.1,2025-11-18,402,3.3,True,
FB002401,Dresses,Puma,South,Hyderabad,Flagship,Spring,S,Grey,1875.31,33.8,1241.46,2025-08-13,337,2.4,False,
FB002402,Outerwear,Uniqlo,Central,Indore,Flagship,Winter,M,Green,766.94,21.2,604.35,2025-12-08,438,3.5,False,
FB002403,Bottoms,Uniqlo,South,Hyderabad,Outlet,Fall,M,Green,2178.14,39.7,1313.42,2025-03-30,312,4.2,False,
FB002404,Bottoms,Zara,West,Pune,Boutique,Fall,L,Brown,1178.38,18.2,963.91,2025-01-13,179,3.1,True,Color Mismatch
FB002405,Dresses,Levis,West,Pune,Flagship,Fall,XL,Red,2860.37,46.7,1524.58,2025-03-25,269,5.0,False,
FB002406,Tops,H&M,West,Ahmedabad,Boutique,Winter,XS,Grey,1945.04,29.4,1373.2,2025-09-03,183,3.1,False,
FB002407,Outerwear,FabIndia,North,Lucknow,Flagship,Summer,XL,Brown,2785.64,32.6,1877.52,2025-03-27,129,3.3,True,Damaged
FB002408,Bottoms,FabIndia,South,Bangalore,Boutique,Spring,XL,Pink,2390.32,0.2,2385.54,2025-05-23,49,3.5,True,Late Delivery
FB002409,Tops,H&M,West,Pune,Boutique,Fall,XS,Black,2311.43,7.4,2140.38,2025-05-28,141,4.9,True,Size Issue
FB002410,Accessories,Allen Solly,East,Kolkata,Outlet,Spring,XS,Blue,2618.65,36.7,1657.61,2025-09-27,85,4.5,False,
FB002411,Bottoms,Allen Solly,East,Kolkata,Boutique,Summer,S,Pink,2832.42,6.2,2656.81,2026-01-01,424,5.0,True,
FB002412,Shoes,Zara,Central,Indore,Boutique,Winter,XS,Black,1300.2,7.8,1198.78,2025-12-12,18,4.6,False,
FB002413,Bottoms,Nike,West,Mumbai,Boutique,Summer,S,Black,1805.25,2.3,1763.73,2025-07-13,51,3.7,False,
FB002414,Bottoms,H&M,South,Chennai,Boutique,Winter,S,Brown,1415.91,6.8,1319.63,2025-07-09,331,3.5,False,
FB002415,Shoes,Zara,West,Surat,Boutique,Fall,M,Pink,2212.02,21.7,1732.01,2025-10-25,236,2.3,False,
FB002416,Bottoms,Levis,Central,Indore,Boutique,Summer,XS,White,922.32,14.6,787.66,2025-07-20,480,2.1,False,
FB002417,Tops,Puma,South,Bangalore,Boutique,Spring,XL,Green,2342.97,6.0,2202.39,2025-03-29,474,3.3,True,Damaged
FB002418,Accessories,FabIndia,Central,Indore,Outlet,Fall,XL,Green,2882.38,41.3,1691.96,2025-05-06,455,4.7,True,
FB002419,Shoes,Allen Solly,South,Chennai,Outlet,Fall,S,Brown,2229.19,38.9,1362.04,2025-07-23,432,4.5,True,Color Mismatch
FB002420,Shoes,Adidas,North,Kanpur,Boutique,Winter,S,White,2076.98,1.9,2037.52,2025-10-31,231,3.0,False,
FB002421,Bottoms,Zara,South,Chennai,Outlet,Summer,S,Green,2375.26,37.1,1494.04,2025-10-08,386,2.4,True,Size Issue
FB002422,Bottoms,Uniqlo,North,Lucknow,Boutique,Winter,M,White,2060.25,19.5,1658.5,2025-06-09,226,2.8,True,Damaged
FB002423,Accessories,Uniqlo,North,Jaipur,Boutique,Summer,XS,Black,1952.97,6.9,1818.22,2025-05-28,214,3.7,True,
FB002424,Bottoms,Levis,North,Kanpur,Outlet,Winter,XS,Pink,1992.74,37.4,1247.46,2025-09-01,165,3.0,True,Size Issue
FB002425,Shoes,Adidas,West,Nagpur,Boutique,Fall,M,Brown,2463.11,23.8,1876.89,2025-06-02,103,4.2,True,Size Issue
FB002426,Tops,Zara,West,Nagpur,Outlet,Spring,XL,White,1249.62,47.1,661.05,2025-05-29,29,4.7,False,
FB002427,Tops,Allen Solly,West,Nagpur,Boutique,Fall,S,Green,2688.74,14.0,2312.32,2025-02-14,180,3.0,False,
FB002428,Tops,Allen Solly,West,Mumbai,Outlet,Spring,L,Blue,1102.45,35.4,712.18,2025-06-03,492,4.2,True,Late Delivery
FB002429,Tops,Nike,South,Bangalore,Boutique,Winter,XL,White,1795.48,13.2,1558.48,2025-12-10,428,2.3,False,
FB002430,Tops,Uniqlo,East,Kolkata,Boutique,Fall,XS,Pink,589.27,26.1,435.47,2025-03-25,282,2.9,True,Late Delivery
FB002431,Tops,Adidas,North,Jaipur,Boutique,Summer,XL,White,1975.39,27.6,1430.18,2025-04-21,77,2.7,True,Size Issue
FB002432,Accessories,Zara,East,Kolkata,Boutique,Winter,L,White,1402.52,22.8,1082.75,2025-05-20,189,4.1,False,
FB002433,Tops,Levis,East,Kolkata,Boutique,Summer,S,Green,2198.14,2.2,2149.78,2025-09-01,396,3.9,False,
FB002434,Outerwear,Adidas,Central,Indore,Flagship,Summer,S,White,2813.96,33.4,1874.1,2025-09-10,282,4.7,True,Damaged
FB002435,Tops,Zara,Central,Indore,Boutique,Winter,L,White,1380.61,11.4,1223.22,2025-07-18,218,4.8,True,
FB002436,Outerwear,Puma,South,Chennai,Flagship,Summer,M,Blue,903.45,44.5,501.41,2025-08-31,373,4.7,True,Late Delivery
FB002437,Dresses,Uniqlo,Central,Indore,Flagship,Summer,L,Black,1750.38,18.0,1435.31,2025-04-18,262,2.9,True,Damaged
FB002438,Shoes,H&M,Central,Indore,Boutique,Spring,XS,Red,2958.21,14.8,2520.39,2025-01-22,302,2.1,False,
FB002439,Accessories,Adidas,Central,Indore,Outlet,Summer,M,Blue,1211.72,40.9,716.13,2025-11-29,102,3.7,False,
FB002440,Tops,H&M,South,Chennai,Boutique,Winter,XS,Pink,1255.46,27.0,916.49,2025-02-04,51,2.2,False,
FB002441,Bottoms,Levis,Central,Indore,Outlet,Summer,XS,Green,993.28,39.3,602.92,2025-07-04,107,3.1,True,Damaged
FB002442,Bottoms,Levis,North,Jaipur,Outlet,Spring,S,Brown,2949.69,33.8,1952.69,2025-12-17,318,2.5,False,
FB002443,Outerwear,Nike,West,Ahmedabad,Flagship,Fall,S,Blue,1836.34,16.0,1542.53,2025-10-09,38,4.2,True,Color Mismatch
FB002444,Dresses,FabIndia,West,Ahmedabad,Flagship,Spring,XL,Blue,2690.55,6.1,2526.43,2025-12-28,16,3.8,False,
FB002445,Bottoms,Puma,Central,Indore,Outlet,Summer,XL,White,1229.11,47.3,647.74,2025-07-11,20,4.9,False,
FB002446,Bottoms,Uniqlo,Central,Indore,Outlet,Summer,S,Pink,586.35,46.4,314.28,2025-12-24,424,2.8,True,Size Issue
FB002447,Dresses,FabIndia,South,Chennai,Flagship,Winter,XS,Grey,1356.77,33.6,900.9,2025-08-21,194,3.3,False,
FB002448,Shoes,Adidas,South,Chennai,Boutique,Spring,XL,Blue,1717.33,20.8,1360.13,2025-12-08,228,4.9,False,
FB002449,Outerwear,Puma,West,Pune,Flagship,Summer,L,Blue,2155.08,18.1,1765.01,2025-12-15,225,2.2,False,
FB002450,Dresses,Zara,North,Jaipur,Flagship,Fall,L,Blue,1927.88,25.3,1440.13,2025-02-03,39,2.9,True,Size Issue
FB002451,Dresses,Puma,Central,Indore,Flagship,Winter,XS,White,658.6,0.0,658.6,2025-09-19,221,4.6,False,
FB002452,Tops,FabIndia,Central,Indore,Boutique,Winter,S,Green,2184.6,25.5,1627.53,2025-09-27,359,4.8,False,
FB002453,Accessories,Uniqlo,East,Kolkata,Boutique,Summer,S,Grey,2941.92,18.5,2397.66,2025-03-15,184,2.0,True,Damaged
FB002454,Accessories,Levis,East,Kolkata,Boutique,Fall,M,Green,1883.29,20.8,1491.57,2025-02-20,31,2.9,False,
FB002455,Dresses,Levis,Central,Indore,Flagship,Spring,S,Grey,758.13,36.0,485.2,2025-05-27,404,4.9,False,
FB002456,Dresses,Puma,West,Nagpur,Flagship,Summer,S,White,2632.66,29.2,1863.92,2025-12-29,207,4.3,True,Color Mismatch
FB002457,Accessories,H&M,Central,Indore,Boutique,Fall,M,White,1438.86,2.2,1407.21,2025-03-01,433,3.2,False,
FB002458,Tops,Adidas,Central,Indore,Boutique,Fall,M,Black,1840.19,19.9,1473.99,2025-05-20,50,3.1,False,
FB002459,Tops,Levis,South,Chennai,Boutique,Winter,L,Green,1788.17,0.9,1772.08,2025-05-18,248,3.8,False,
FB002460,Bottoms,Allen Solly,South,Bangalore,Boutique,Winter,L,Green,1025.13,18.7,833.43,2025-08-02,393,2.5,True,Color Mismatch
FB002461,Outerwear,Puma,Central,Indore,Flagship,Spring,XS,Red,1642.21,14.0,1412.3,2025-03-17,490,3.5,False,
FB002462,Dresses,Adidas,North,Jaipur,Flagship,Winter,XL,Green,1222.25,43.2,694.24,2025-07-15,265,3.6,True,
FB002463,Shoes,FabIndia,Central,Indore,Boutique,Summer,XL,White,2168.91,10.2,1947.68,2025-02-02,193,3.4,False,
FB002464,Shoes,Allen Solly,Central,Indore,Outlet,Fall,XS,Pink,2128.51,34.2,1400.56,2025-11-06,119,3.3,True,Size Issue
FB002465,Shoes,Zara,North,Delhi,Outlet,Spring,XS,Blue,2685.84,34.1,1769.97,2025-09-15,290,4.3,False,
FB002466,Bottoms,Allen Solly,Central,Indore,Boutique,Winter,XS,Red,924.31,14.2,793.06,2025-07-02,132,2.7,True,
FB002467,Accessories,Nike,North,Kanpur,Boutique,Winter,L,White,2560.45,11.2,2273.68,2025-11-25,28,4.3,True,Size Issue
FB002468,Bottoms,Zara,North,Lucknow,Boutique,Winter,L,Black,2668.74,16.9,2217.72,2025-05-18,226,4.4,False,
FB002469,Bottoms,Adidas,West,Nagpur,Boutique,Summer,L,Blue,2641.28,7.1,2453.75,2025-04-03,365,2.7,True,Size Issue
FB002470,Bottoms,Uniqlo,West,Ahmedabad,Boutique,Fall,S,Black,2346.32,10.3,2104.65,2025-11-06,18,2.0,False,
FB002471,Dresses,Allen Solly,West,Nagpur,Flagship,Winter,L,Grey,2702.39,28.8,1924.1,2025-04-19,87,2.5,False,
FB002472,Tops,Zara,Central,Indore,Boutique,Spring,XS,Black,2779.17,9.8,2506.81,2025-08-10,151,4.2,False,
FB002473,Outerwear,Nike,West,Ahmedabad,Flagship,Winter,S,Red,2341.62,22.2,1821.78,2025-11-10,405,2.6,False,
FB002474,Outerwear,Uniqlo,West,Mumbai,Flagship,Spring,XS,Pink,2115.64,26.7,1550.76,2025-08-05,43,4.3,False,
FB002475,Tops,Nike,North,Delhi,Outlet,Summer,XS,Black,2255.57,40.6,1339.81,2025-03-14,105,4.4,False,
FB002476,Accessories,H&M,West,Mumbai,Boutique,Spring,XS,Pink,940.02,18.9,762.36,2025-01-28,493,2.7,False,
FB002477,Accessories,Allen Solly,South,Bangalore,Boutique,Winter,L,White,1795.06,29.3,1269.11,2025-10-26,70,2.8,True,Color Mismatch
FB002478,Shoes,Allen Solly,Central,Indore,Boutique,Winter,XL,Grey,2030.46,27.0,1482.24,2025-05-17,287,2.2,False,
FB002479,Shoes,Allen Solly,East,Kolkata,Outlet,Summer,XS,Blue,1046.07,30.2,730.16,2025-02-08,48,2.9,False,
FB002480,Dresses,Adidas,Central,Indore,Flagship,Spring,L,Brown,2534.15,5.0,2407.44,2025-07-08,461,2.3,True,Color Mismatch
FB002481,Outerwear,Adidas,East,Kolkata,Flagship,Winter,XS,Grey,957.05,10.6,855.6,2025-03-13,470,2.9,True,Size Issue
FB002482,Accessories,Puma,South,Bangalore,Boutique,Winter,L,Pink,620.48,15.2,526.17,2025-08-13,391,4.6,False,
FB002483,Dresses,Allen Solly,Central,Indore,Flagship,Spring,L,Red,2406.97,31.7,1643.96,2025-03-06,96,2.1,False,
FB002484,Bottoms,Adidas,Central,Indore,Boutique,Winter,S,Blue,1549.91,29.9,1086.49,2025-06-03,143,4.0,False,
FB002485,Tops,Nike,East,Kolkata,Boutique,Summer,XL,Blue,780.4,19.8,625.88,2025-03-17,274,2.7,True,Late Delivery
FB002486,Dresses,Adidas,North,Lucknow,Flagship,Winter,XL,Blue,1336.11,25.3,998.07,2025-06-30,474,4.5,False,
FB002487,Tops,Nike,Central,Indore,Boutique,Spring,XL,Pink,835.95,7.5,773.25,2025-01-23,275,3.6,False,
FB002488,Accessories,Allen Solly,West,Mumbai,Boutique,Fall,XL,Grey,579.47,6.8,540.07,2025-02-09,268,2.6,True,Size Issue
FB002489,Tops,Zara,North,Delhi,Boutique,Winter,XL,Pink,2646.97,10.0,2382.27,2025-07-15,37,3.8,False,
FB002490,Accessories,Uniqlo,North,Jaipur,Boutique,Fall,XL,Grey,1427.86,3.6,1376.46,2025-07-22,270,4.9,True,Size Issue
FB002491,Bottoms,Zara,East,Kolkata,Outlet,Spring,XS,Red,2766.43,32.2,1875.64,2025-10-10,97,4.9,False,
FB002492,Tops,FabIndia,Central,Indore,Boutique,Summer,L,Red,2341.61,3.2,2266.68,2025-08-18,127,4.3,False,
FB002493,Accessories,Zara,West,Surat,Boutique,Spring,S,Black,2826.3,19.3,2280.82,2025-04-14,492,3.1,True,
FB002494,Bottoms,Allen Solly,Central,Indore,Outlet,Summer,S,Brown,2384.33,47.8,1244.62,2025-03-25,126,2.8,True,Late Delivery
FB002495,Bottoms,Zara,Central,Indore,Boutique,Winter,M,Blue,2167.74,21.8,1695.17,2025-12-10,372,3.1,False,
FB002496,Accessories,Levis,South,Chennai,Boutique,Summer,M,Brown,2130.46,3.7,2051.63,2025-06-26,332,4.7,True,Color Mismatch
FB002497,Outerwear,Puma,Central,Indore,Flagship,Summer,XS,Green,1529.0,15.3,1295.06,2025-07-27,321,3.8,True,Damaged
FB002498,Shoes,Levis,Central,Indore,Boutique,Spring,L,White,2099.72,1.0,2078.72,2025-08-25,355,2.6,False,
FB002499,Dresses,H&M,North,Kanpur,Flagship,Winter,L,Green,2803.63,10.1,2520.46,2025-07-21,121,3.7,False,
FB002500,Accessories,Puma,North,Jaipur,Outlet,Winter,M,Red,2670.66,48.0,1388.74,2025-02-09,122,3.5,True,Size Issue
FB002501,Tops,Levis,North,Delhi,Outlet,Fall,XS,Blue,651.18,32.3,440.85,2025-04-03,67,2.3,False,
FB002502,Shoes,Levis,North,Delhi,Boutique,Winter,XL,White,2647.69,29.1,1877.21,2025-08-26,456,4.3,False,
FB002503,Accessories,Zara,North,Lucknow,Boutique,Winter,S,Grey,1639.08,7.8,1511.23,2025-08-18,343,3.6,True,
FB002504,Tops,Levis,East,Kolkata,Outlet,Winter,L,Grey,1552.82,36.1,992.25,2025-09-13,28,2.3,True,Size Issue
FB002505,Outerwear,Allen Solly,North,Lucknow,Flagship,Fall,XL,Brown,1464.16,13.2,1270.89,2025-01-08,307,3.8,True,Late Delivery
FB002506,Bottoms,H&M,Central,Indore,Boutique,Winter,XS,Grey,682.1,0.3,680.05,2025-04-14,364,4.6,False,
FB002507,Bottoms,Puma,South,Chennai,Boutique,Summer,XS,Green,2902.97,23.9,2209.16,2025-10-24,36,4.3,False,
FB002508,Bottoms,Levis,Central,Indore,Boutique,Fall,M,Blue,1942.97,8.6,1775.87,2025-07-12,146,2.5,True,Size Issue
FB002509,Outerwear,H&M,East,Kolkata,Flagship,Fall,XS,Blue,1752.1,41.3,1028.48,2025-01-06,279,4.7,False,
FB002510,Tops,Zara,West,Pune,Outlet,Summer,S,Black,1735.86,36.9,1095.33,2025-12-17,251,2.0,False,
FB002511,Bottoms,Zara,Central,Indore,Boutique,Spring,S,Brown,1971.61,0.9,1953.87,2025-01-06,225,4.5,True,
FB002512,Dresses,Nike,East,Kolkata,Flagship,Spring,S,White,759.65,33.5,505.17,2025-01-31,389,4.7,False,
FB002513,Shoes,FabIndia,East,Kolkata,Boutique,Fall,L,Grey,2288.01,29.7,1608.47,2025-12-27,334,2.2,True,Color Mismatch
FB002514,Dresses,Adidas,Central,Indore,Flagship,Winter,M,White,1641.26,28.9,1166.94,2025-07-29,103,3.7,True,Late Delivery
FB002515,Shoes,FabIndia,Central,Indore,Outlet,Winter,XS,Grey,2895.8,48.8,1482.65,2025-05-06,105,2.2,True,Late Delivery
FB002516,Outerwear,FabIndia,North,Jaipur,Flagship,Fall,M,Pink,1545.02,48.0,803.41,2025-10-15,271,2.4,True,
FB002517,Tops,FabIndia,East,Kolkata,Boutique,Fall,XS,Red,1773.08,22.3,1377.68,2025-09-23,357,3.7,True,Late Delivery
FB002518,Dresses,Puma,Central,Indore,Flagship,Winter,L,White,1647.21,45.3,901.02,2025-12-07,115,2.2,True,Color Mismatch
FB002519,Outerwear,Zara,East,Kolkata,Flagship,Fall,M,Blue,2643.0,49.9,1324.14,2025-12-07,107,4.7,True,
FB002520,Outerwear,Allen Solly,East,Kolkata,Flagship,Summer,XS,Black,1437.37,2.4,1402.87,2025-04-28,136,4.3,False,
FB002521,Tops,Allen Solly,West,Ahmedabad,Outlet,Fall,XS,Green,2664.5,32.5,1798.54,2025-05-23,173,4.3,True,Color Mismatch
FB002522,Tops,H&M,Central,Indore,Boutique,Winter,XL,Green,2191.85,17.0,1819.24,2025-12-19,106,4.9,False,
FB002523,Outerwear,Puma,North,Kanpur,Flagship,Spring,M,Green,1876.91,7.4,1738.02,2025-01-17,163,4.0,False,
FB002524,Dresses,Uniqlo,Central,Indore,Flagship,Winter,S,Black,1246.58,32.1,846.43,2025-01-09,124,3.1,False,
FB002525,Outerwear,Levis,West,Ahmedabad,Flagship,Fall,S,Blue,2221.5,15.7,1872.72,2025-09-16,211,4.5,False,
FB002526,Shoes,Uniqlo,Central,Indore,Boutique,Fall,XL,Brown,1962.91,18.1,1607.62,2025-09-28,366,4.4,False,
FB002527,Dresses,Levis,West,Surat,Flagship,Fall,XS,Grey,2094.33,10.7,1870.24,2025-06-17,276,4.9,True,
FB002528,Tops,H&M,South,Hyderabad,Boutique,Summer,S,Grey,2968.53,2.9,2882.44,2025-07-15,122,2.5,False,
FB002529,Shoes,Zara,West,Nagpur,Boutique,Summer,S,Grey,2112.68,11.2,1876.06,2025-05-01,271,4.0,False,
FB002530,Tops,FabIndia,Central,Indore,Outlet,Winter,M,Blue,2005.42,47.3,1056.86,2025-11-17,360,4.9,False,
FB002531,Shoes,Puma,West,Mumbai,Boutique,Spring,L,Brown,2981.28,27.0,2176.33,2025-10-03,266,2.8,True,Color Mismatch
FB002532,Tops,Puma,West,Mumbai,Outlet,Winter,XL,Blue,757.75,41.8,441.01,2025-12-20,387,3.5,True,Color Mismatch
FB002533,Dresses,Levis,East,Kolkata,Flagship,Winter,M,Blue,581.14,27.0,424.23,2025-11-05,66,2.2,True,
FB002534,Dresses,Uniqlo,South,Hyderabad,Flagship,Summer,M,Pink,747.2,17.6,615.69,2025-02-13,480,3.1,True,Late Delivery
FB002535,Accessories,Puma,South,Hyderabad,Boutique,Summer,XS,Brown,701.33,4.2,671.87,2025-07-18,171,2.0,True,Damaged
FB002536,Shoes,Nike,South,Hyderabad,Boutique,Summer,XL,Black,2097.7,22.8,1619.42,2025-12-24,472,3.8,True,Late Delivery
FB002537,Shoes,FabIndia,West,Surat,Outlet,Fall,XS,Grey,2891.66,40.4,1723.43,2025-01-18,190,4.0,True,Late Delivery
FB002538,Dresses,Levis,Central,Indore,Flagship,Winter,M,Pink,559.51,36.1,357.53,2025-10-24,289,3.6,True,Color Mismatch
FB002539,Outerwear,Zara,West,Nagpur,Flagship,Winter,M,Red,655.98,18.8,532.66,2025-11-30,295,2.5,True,
FB002540,Dresses,H&M,West,Pune,Flagship,Winter,XL,Blue,2623.55,46.5,1403.6,2025-05-24,120,2.6,True,
FB002541,Dresses,H&M,West,Nagpur,Flagship,Winter,XS,Brown,1892.67,44.8,1044.75,2025-03-23,248,4.8,True,
FB002542,Dresses,Levis,West,Nagpur,Flagship,Summer,XS,Blue,1622.65,28.1,1166.69,2025-07-22,228,3.4,True,Late Delivery
FB002543,Dresses,Levis,South,Hyderabad,Flagship,Summer,XS,White,2609.39,49.0,1330.79,2025-02-20,133,4.6,True,Color Mismatch
FB002544,Bottoms,Uniqlo,East,Kolkata,Outlet,Spring,M,White,1544.75,49.5,780.1,2025-06-27,127,2.9,False,
FB002545,Bottoms,Nike,East,Kolkata,Outlet,Winter,XL,Pink,2030.81,44.4,1129.13,2025-01-09,296,4.0,True,Damaged
FB002546,Tops,Uniqlo,Central,Indore,Boutique,Winter,S,Blue,2490.88,26.3,1835.78,2025-01-17,488,4.6,False,
FB002547,Bottoms,Levis,West,Surat,Boutique,Fall,XL,Pink,2750.83,29.1,1950.34,2025-11-13,268,3.4,False,
FB002548,Outerwear,Allen Solly,East,Kolkata,Flagship,Summer,XL,Black,2130.54,4.6,2032.54,2025-04-26,41,2.5,False,
FB002549,Dresses,Zara,West,Ahmedabad,Flagship,Winter,L,Brown,1724.94,49.1,877.99,2025-11-11,112,3.2,False,
FB002550,Tops,Uniqlo,North,Jaipur,Outlet,Spring,XL,White,2328.1,42.5,1338.66,2025-05-20,68,3.3,False,
FB002551,Outerwear,H&M,Central,Indore,Flagship,Winter,L,Green,1995.55,23.9,1518.61,2025-05-24,314,2.6,True,
FB002552,Bottoms,Puma,North,Lucknow,Outlet,Summer,XS,Blue,2403.44,43.3,1362.75,2025-08-01,22,3.2,True,
FB002553,Outerwear,Zara,South,Bangalore,Flagship,Fall,XL,Pink,2506.52,35.3,1621.72,2025-07-09,154,3.2,True,Late Delivery
FB002554,Shoes,Allen Solly,East,Kolkata,Boutique,Winter,XL,Green,2663.15,1.6,2620.54,2025-09-16,379,3.3,False,
FB002555,Shoes,Levis,South,Hyderabad,Outlet,Winter,M,Red,1940.03,46.8,1032.1,2025-11-11,118,4.6,False,
FB002556,Shoes,H&M,West,Nagpur,Outlet,Winter,L,Blue,1549.4,31.9,1055.14,2025-08-11,121,2.3,False,
FB002557,Accessories,Zara,Central,Indore,Outlet,Summer,M,Blue,1082.39,42.9,618.04,2025-04-10,417,4.7,True,Late Delivery
FB002558,Accessories,Zara,South,Chennai,Boutique,Spring,S,Red,1082.82,29.5,763.39,2025-06-21,306,3.6,True,
FB002559,Accessories,H&M,Central,Indore,Boutique,Spring,M,Red,1944.81,14.6,1660.87,2025-05-08,201,4.5,True,Late Delivery
FB002560,Dresses,Adidas,West,Nagpur,Flagship,Winter,XS,Black,1316.29,33.0,881.91,2025-02-06,280,2.3,True,Size Issue
FB002561,Shoes,H&M,South,Bangalore,Boutique,Fall,L,Red,2478.7,27.5,1797.06,2025-09-11,275,3.2,True,
FB002562,Shoes,Puma,West,Surat,Boutique,Spring,S,Grey,2229.47,15.2,1890.59,2025-09-13,79,2.9,True,Late Delivery
FB002563,Bottoms,H&M,North,Kanpur,Boutique,Winter,L,Black,2636.65,4.1,2528.55,2025-04-20,425,3.1,False,
FB002564,Tops,Uniqlo,Central,Indore,Boutique,Winter,M,Green,1904.39,21.7,1491.14,2025-06-26,493,3.2,False,
FB002565,Outerwear,Levis,East,Kolkata,Flagship,Summer,XS,Black,2984.75,43.6,1683.4,2025-06-24,279,3.3,False,
FB002566,Tops,Uniqlo,North,Kanpur,Boutique,Winter,XS,Red,749.9,21.7,587.17,2025-03-17,181,3.9,False,
FB002567,Accessories,Uniqlo,West,Pune,Outlet,Fall,L,Grey,2354.19,47.2,1243.01,2025-05-06,298,4.6,False,
FB002568,Outerwear,Levis,South,Bangalore,Flagship,Winter,XS,Blue,2653.14,35.8,1703.32,2025-08-06,321,4.7,False,
FB002569,Accessories,Uniqlo,North,Jaipur,Boutique,Winter,XS,Blue,2394.29,14.0,2059.09,2025-09-24,192,2.6,False,
FB002570,Shoes,H&M,South,Bangalore,Boutique,Summer,M,White,1193.64,29.3,843.9,2025-06-04,63,2.6,True,
FB002571,Accessories,Allen Solly,East,Kolkata,Boutique,Summer,XL,White,1816.37,2.5,1770.96,2025-02-20,244,4.3,True,Size Issue
FB002572,Dresses,Allen Solly,East,Kolkata,Flagship,Spring,XS,Blue,1174.08,29.7,825.38,2025-06-23,103,4.9,False,
FB002573,Bottoms,FabIndia,Central,Indore,Boutique,Winter,XL,White,1969.5,24.3,1490.91,2025-07-06,196,4.3,False,
FB002574,Bottoms,Adidas,Central,Indore,Boutique,Summer,XS,Green,2346.08,7.2,2177.16,2025-04-20,25,5.0,False,
FB002575,Tops,FabIndia,East,Kolkata,Boutique,Fall,L,Pink,914.27,8.5,836.56,2025-06-05,404,4.7,False,
FB002576,Accessories,Adidas,South,Bangalore,Boutique,Summer,S,White,2382.03,24.1,1807.96,2025-01-24,314,2.4,False,
FB002577,Tops,FabIndia,West,Surat,Outlet,Fall,M,Black,626.44,30.3,436.63,2025-11-04,304,4.2,True,Color Mismatch
FB002578,Dresses,Allen Solly,South,Bangalore,Flagship,Winter,S,White,1826.7,19.5,1470.49,2025-10-16,284,3.9,False,
FB002579,Accessories,Levis,North,Jaipur,Outlet,Fall,S,Green,869.97,42.3,501.97,2025-02-14,134,3.6,True,Late Delivery
FB002580,Outerwear,H&M,West,Mumbai,Flagship,Fall,XL,White,764.1,16.7,636.5,2025-10-07,446,3.7,False,
FB002581,Tops,Zara,Central,Indore,Boutique,Winter,L,Pink,1632.45,6.5,1526.34,2025-01-25,492,4.4,True,Damaged
FB002582,Dresses,H&M,North,Kanpur,Flagship,Summer,L,Pink,1044.04,41.2,613.9,2025-12-27,69,4.9,True,Late Delivery
FB002583,Accessories,Nike,North,Lucknow,Outlet,Spring,M,White,2563.35,45.2,1404.72,2025-02-06,160,2.9,False,
FB002584,Tops,Puma,East,Kolkata,Boutique,Winter,L,White,2902.55,23.9,2208.84,2025-06-27,84,4.0,False,
FB002585,Bottoms,Zara,West,Surat,Outlet,Winter,XL,Grey,1916.92,46.8,1019.8,2025-09-22,403,4.8,True,Color Mismatch
FB002586,Shoes,FabIndia,South,Chennai,Boutique,Winter,XL,Pink,676.17,8.8,616.67,2025-08-25,202,3.5,False,
FB002587,Outerwear,Nike,South,Hyderabad,Flagship,Summer,XS,Green,923.65,20.2,737.07,2025-02-09,489,3.7,True,Late Delivery
FB002588,Bottoms,Allen Solly,South,Hyderabad,Boutique,Winter,M,White,1266.21,15.3,1072.48,2025-05-13,130,2.6,True,
FB002589,Dresses,Uniqlo,West,Nagpur,Flagship,Spring,S,Brown,2208.6,36.4,1404.67,2025-03-21,59,3.7,True,
FB002590,Outerwear,Zara,West,Mumbai,Flagship,Winter,XS,Grey,1136.84,19.5,915.16,2025-09-01,71,2.1,True,
FB002591,Bottoms,Levis,South,Hyderabad,Boutique,Summer,M,Black,1881.31,10.7,1680.01,2025-04-18,261,3.9,False,
FB002592,Bottoms,Adidas,Central,Indore,Outlet,Winter,S,White,2714.76,43.5,1533.84,2025-12-14,462,4.9,True,Size Issue
FB002593,Dresses,Uniqlo,West,Surat,Flagship,Summer,S,Blue,2237.52,12.7,1953.35,2025-06-20,94,3.4,False,
FB002594,Tops,FabIndia,Central,Indore,Boutique,Summer,XL,Grey,1935.06,10.0,1741.55,2025-02-23,157,3.1,True,Late Delivery
FB002595,Dresses,Levis,North,Kanpur,Flagship,Spring,XS,Green,2617.92,4.0,2513.2,2025-12-18,151,4.0,False,
FB002596,Shoes,Uniqlo,West,Mumbai,Boutique,Spring,XL,White,2431.89,18.3,1986.85,2025-10-13,281,2.9,True,Late Delivery
FB002597,Dresses,Uniqlo,South,Bangalore,Flagship,Summer,M,Pink,609.04,42.2,352.03,2025-01-28,239,3.9,True,Late Delivery
FB002598,Tops,FabIndia,North,Lucknow,Outlet,Spring,M,Black,1952.48,44.9,1075.82,2025-07-27,323,4.9,False,
FB002599,Accessories,Allen Solly,Central,Indore,Outlet,Winter,L,Black,2153.91,35.1,1397.89,2025-09-16,93,4.3,True,Late Delivery
FB002600,Dresses,Uniqlo,East,Kolkata,Flagship,Spring,M,Red,662.76,14.2,568.65,2025-01-12,218,2.8,True,Damaged
FB002601,Shoes,Nike,North,Lucknow,Boutique,Winter,XS,Red,2301.38,5.5,2174.8,2025-09-30,181,3.0,False,
FB002602,Shoes,Puma,North,Kanpur,Outlet,Winter,XL,Pink,746.98,40.8,442.21,2025-01-02,305,4.9,False,
FB002603,Dresses,Zara,East,Kolkata,Flagship,Summer,XS,Pink,2473.79,19.8,1983.98,2025-06-27,478,2.4,True,Size Issue
FB002604,Outerwear,Adidas,East,Kolkata,Flagship,Winter,M,Brown,1463.24,20.8,1158.89,2025-08-16,186,3.6,True,Color Mismatch
FB002605,Bottoms,FabIndia,West,Nagpur,Outlet,Spring,M,Green,995.05,42.8,569.17,2025-12-15,253,4.7,True,
FB002606,Outerwear,Nike,South,Bangalore,Flagship,Summer,L,Green,684.68,2.5,667.56,2025-08-30,314,4.0,True,Size Issue
FB002607,Dresses,Zara,East,Kolkata,Flagship,Summer,M,Red,1803.41,25.2,1348.95,2025-11-28,210,2.9,True,Late Delivery
FB002608,Tops,Puma,Central,Indore,Outlet,Winter,XS,Green,837.55,36.0,536.03,2025-11-03,227,2.9,True,
FB002609,Dresses,Nike,East,Kolkata,Flagship,Spring,M,White,1099.37,8.2,1009.22,2025-03-06,316,4.3,False,
FB002610,Bottoms,FabIndia,Central,Indore,Outlet,Winter,XS,White,1787.84,45.1,981.52,2025-02-17,498,4.2,True,Color Mismatch
FB002611,Shoes,Levis,South,Chennai,Outlet,Spring,M,Red,1032.4,36.3,657.64,2025-09-21,177,2.8,True,Damaged
FB002612,Tops,FabIndia,Central,Indore,Outlet,Summer,L,Pink,910.14,39.4,551.54,2025-08-26,481,3.4,True,Damaged
FB002613,Shoes,Levis,East,Kolkata,Boutique,Spring,L,Pink,2185.66,13.3,1894.97,2025-03-30,212,4.3,True,
FB002614,Outerwear,Adidas,East,Kolkata,Flagship,Spring,XS,Blue,1918.19,9.3,1739.8,2025-08-02,143,2.4,True,Color Mismatch
FB002615,Shoes,Uniqlo,South,Chennai,Boutique,Winter,M,Brown,834.92,26.5,613.67,2025-08-26,195,2.7,False,
FB002616,Shoes,FabIndia,South,Hyderabad,Outlet,Winter,XL,Green,905.08,48.9,462.5,2025-05-26,97,2.7,False,
FB002617,Accessories,Allen Solly,West,Ahmedabad,Boutique,Summer,XS,Pink,680.67,5.2,645.28,2025-06-14,260,4.0,True,Color Mismatch
FB002618,Bottoms,Levis,North,Kanpur,Outlet,Fall,L,Black,1217.79,38.7,746.51,2025-08-10,198,4.4,False,
FB002619,Bottoms,Nike,Central,Indore,Boutique,Winter,S,Grey,990.16,12.7,864.41,2025-07-22,328,3.3,False,
FB002620,Dresses,Allen Solly,Central,Indore,Flagship,Winter,XL,Red,1015.64,45.7,551.49,2025-01-05,148,3.1,True,Color Mismatch
FB002621,Tops,Levis,South,Bangalore,Boutique,Fall,M,Grey,1479.85,23.1,1138.0,2025-06-14,462,2.8,False,
FB002622,Outerwear,FabIndia,East,Kolkata,Flagship,Fall,L,Blue,1705.4,7.8,1572.38,2025-01-03,330,4.8,True,Late Delivery
FB002623,Outerwear,Levis,South,Bangalore,Flagship,Fall,M,Black,2185.79,41.4,1280.87,2025-07-07,384,2.9,True,Color Mismatch
FB002624,Accessories,Puma,West,Surat,Boutique,Spring,XL,Red,1730.17,29.1,1226.69,2025-03-09,172,2.9,True,Late Delivery
FB002625,Outerwear,Adidas,North,Delhi,Flagship,Winter,XL,Pink,2121.07,44.8,1170.83,2025-05-16,350,3.6,False,
FB002626,Bottoms,Allen Solly,West,Nagpur,Outlet,Spring,M,Brown,885.36,32.7,595.85,2025-10-04,230,3.5,False,
FB002627,Outerwear,Zara,West,Pune,Flagship,Winter,XL,Pink,2168.67,30.1,1515.9,2025-05-27,316,2.7,True,Color Mismatch
FB002628,Bottoms,FabIndia,South,Chennai,Boutique,Summer,XL,Black,2949.76,16.2,2471.9,2025-07-29,228,4.9,True,Late Delivery
FB002629,Dresses,Zara,North,Kanpur,Flagship,Summer,M,Green,771.34,13.2,669.52,2025-08-30,256,2.5,True,
FB002630,Outerwear,H&M,Central,Indore,Flagship,Spring,S,Red,1878.96,8.3,1723.01,2025-07-25,438,2.1,True,
FB002631,Dresses,Uniqlo,North,Lucknow,Flagship,Fall,L,Red,1611.45,1.4,1588.89,2025-11-15,446,2.4,False,
FB002632,Bottoms,Levis,South,Chennai,Boutique,Spring,XS,Grey,1408.59,14.4,1205.75,2025-04-18,410,4.4,False,
FB002633,Outerwear,Allen Solly,West,Surat,Flagship,Winter,S,Brown,2947.06,19.3,2378.28,2025-08-19,372,3.7,False,
FB002634,Shoes,FabIndia,South,Bangalore,Boutique,Summer,S,Pink,1605.98,14.7,1369.9,2025-03-08,412,4.1,True,Late Delivery
FB002635,Accessories,FabIndia,North,Kanpur,Outlet,Fall,XL,Grey,1401.85,40.2,838.31,2025-12-10,189,3.2,True,Damaged
FB002636,Outerwear,Levis,West,Surat,Flagship,Winter,S,Grey,1903.36,47.5,999.26,2025-04-28,332,4.1,True,Size Issue
FB002637,Tops,Adidas,South,Hyderabad,Boutique,Spring,XS,Grey,2328.09,18.2,1904.38,2025-09-16,336,2.1,False,
FB002638,Shoes,Nike,South,Bangalore,Outlet,Summer,L,Red,1270.82,43.0,724.37,2025-03-03,176,5.0,False,
FB002639,Outerwear,Zara,Central,Indore,Flagship,Winter,M,Pink,2383.18,16.0,2001.87,2025-10-25,364,3.3,False,
FB002640,Accessories,Levis,North,Kanpur,Boutique,Summer,M,Pink,2804.13,29.6,1974.11,2025-08-14,277,4.4,False,
FB002641,Tops,Allen Solly,West,Nagpur,Boutique,Fall,XS,Blue,1543.26,14.1,1325.66,2025-10-31,181,3.7,True,
FB002642,Bottoms,Levis,Central,Indore,Outlet,Spring,M,Pink,2709.19,38.9,1655.32,2025-05-25,160,4.0,False,
FB002643,Bottoms,FabIndia,West,Mumbai,Outlet,Winter,S,Brown,683.18,48.2,353.89,2025-11-22,89,3.5,True,Damaged
FB002644,Bottoms,Zara,Central,Indore,Boutique,Summer,M,Black,1082.99,19.2,875.06,2025-02-19,167,4.1,False,
FB002645,Bottoms,Adidas,Central,Indore,Boutique,Spring,M,White,1761.35,18.2,1440.78,2025-11-25,142,4.8,True,Late Delivery
FB002646,Bottoms,Puma,North,Jaipur,Boutique,Winter,XS,Pink,1499.42,17.5,1237.02,2025-09-23,292,2.1,False,
FB002647,Shoes,Nike,South,Hyderabad,Boutique,Fall,XS,Pink,2667.51,16.3,2232.71,2025-02-19,265,4.4,False,
FB002648,Outerwear,Nike,South,Hyderabad,Flagship,Spring,S,Red,705.84,40.4,420.68,2025-03-16,38,2.8,False,
FB002649,Tops,Nike,North,Jaipur,Outlet,Fall,L,Pink,1743.64,30.7,1208.34,2025-07-20,476,2.3,False,
FB002650,Dresses,FabIndia,South,Hyderabad,Flagship,Winter,S,Blue,2043.88,38.3,1261.07,2025-12-02,331,3.7,False,
FB002651,Dresses,Levis,East,Kolkata,Flagship,Fall,XS,Pink,1692.32,24.5,1277.7,2025-12-17,263,2.9,False,
FB002652,Bottoms,FabIndia,Central,Indore,Outlet,Summer,L,Brown,2981.52,35.0,1937.99,2025-02-03,236,4.5,True,Color Mismatch
FB002653,Accessories,Puma,West,Mumbai,Outlet,Summer,M,Black,2855.41,38.5,1756.08,2025-05-11,298,2.6,True,Damaged
FB002654,Shoes,FabIndia,North,Jaipur,Boutique,Summer,L,Pink,2180.7,12.0,1919.02,2025-12-18,207,4.1,True,Damaged
FB002655,Tops,Allen Solly,West,Surat,Outlet,Winter,M,Blue,1152.25,38.8,705.18,2025-06-15,312,4.1,False,
FB002656,Tops,FabIndia,Central,Indore,Boutique,Summer,XS,Blue,727.0,3.5,701.55,2025-08-17,278,4.9,True,Size Issue
FB002657,Tops,Adidas,East,Kolkata,Outlet,Fall,L,Blue,2454.76,32.4,1659.42,2025-06-04,133,3.2,False,
FB002658,Dresses,H&M,East,Kolkata,Flagship,Spring,L,Brown,1981.2,22.1,1543.35,2025-07-03,347,4.4,True,Damaged
FB002659,Outerwear,FabIndia,South,Chennai,Flagship,Spring,S,Green,1973.48,48.0,1026.21,2025-05-19,155,2.0,False,
FB002660,Bottoms,Uniqlo,South,Bangalore,Outlet,Fall,M,Brown,913.78,40.5,543.7,2025-09-27,350,2.8,False,
FB002661,Dresses,Levis,Central,Indore,Flagship,Summer,XS,White,1580.09,22.1,1230.89,2025-01-08,382,3.4,False,
FB002662,Accessories,Zara,Central,Indore,Boutique,Summer,L,Black,2150.54,13.9,1851.61,2025-04-07,487,3.9,True,Late Delivery
FB002663,Dresses,Uniqlo,South,Bangalore,Flagship,Summer,XS,Red,2124.88,41.8,1236.68,2025-04-24,334,2.8,False,
FB002664,Outerwear,Puma,West,Mumbai,Flagship,Summer,S,Pink,791.22,44.9,435.96,2025-09-12,128,2.2,True,Size Issue
FB002665,Bottoms,Levis,West,Nagpur,Outlet,Winter,XS,Brown,2266.57,44.3,1262.48,2025-11-01,460,3.3,False,
FB002666,Tops,H&M,West,Mumbai,Outlet,Fall,S,Grey,741.16,41.0,437.28,2025-01-10,45,2.7,False,
FB002667,Dresses,Allen Solly,North,Jaipur,Flagship,Fall,XS,Blue,2802.6,29.2,1984.24,2025-03-22,450,3.7,True,
FB002668,Tops,H&M,East,Kolkata,Outlet,Winter,XL,White,790.94,37.6,493.55,2025-11-28,465,3.4,True,Size Issue
FB002669,Shoes,Allen Solly,South,Hyderabad,Outlet,Summer,M,Brown,1798.21,45.3,983.62,2025-09-01,367,3.0,False,
FB002670,Bottoms,Allen Solly,Central,Indore,Outlet,Winter,L,Grey,1961.53,32.8,1318.15,2025-05-04,484,4.1,False,
FB002671,Shoes,Nike,West,Nagpur,Outlet,Winter,XL,Brown,774.42,35.7,497.95,2025-02-14,423,4.6,False,
FB002672,Dresses,Zara,East,Kolkata,Flagship,Fall,XL,Pink,2035.71,34.7,1329.32,2025-02-27,327,3.1,True,
FB002673,Tops,Puma,North,Lucknow,Boutique,Summer,M,Black,2072.25,14.0,1782.13,2025-09-01,205,3.6,False,
FB002674,Tops,Puma,East,Kolkata,Outlet,Spring,XS,Black,2414.37,44.0,1352.05,2025-12-29,137,3.2,True,
FB002675,Shoes,Zara,Central,Indore,Outlet,Winter,XS,Green,1735.07,46.5,928.26,2025-01-15,352,2.6,False,
FB002676,Outerwear,FabIndia,North,Lucknow,Flagship,Summer,S,Pink,2388.03,4.8,2273.4,2025-07-25,144,4.3,True,Color Mismatch
FB002677,Tops,Nike,West,Pune,Boutique,Spring,XS,Grey,854.1,24.4,645.7,2025-06-14,409,2.4,True,
FB002678,Bottoms,Puma,Central,Indore,Boutique,Fall,XS,Pink,2686.53,11.7,2372.21,2025-03-20,479,2.7,True,Color Mismatch
FB002679,Accessories,Levis,South,Bangalore,Boutique,Fall,L,White,822.59,1.2,812.72,2025-01-07,10,3.1,False,
FB002680,Tops,Allen Solly,South,Chennai,Boutique,Summer,L,White,1318.97,9.2,1197.62,2025-05-22,495,2.0,True,Damaged
FB002681,Outerwear,H&M,Central,Indore,Flagship,Fall,L,Green,2753.99,40.5,1638.62,2025-10-17,125,3.9,True,Color Mismatch
FB002682,Dresses,Zara,South,Chennai,Flagship,Winter,XS,Brown,1412.02,9.3,1280.7,2025-09-09,172,4.4,True,Late Delivery
FB002683,Shoes,FabIndia,North,Lucknow,Boutique,Summer,XS,Pink,1794.48,26.4,1320.74,2025-02-16,476,3.5,True,Damaged
FB002684,Tops,Levis,Central,Indore,Boutique,Fall,XS,Black,529.43,7.8,488.13,2025-03-06,93,3.2,False,
FB002685,Shoes,Adidas,West,Mumbai,Boutique,Fall,S,Pink,2252.93,8.7,2056.93,2025-11-19,223,4.0,True,Size Issue
FB002686,Accessories,Nike,Central,Indore,Outlet,Fall,XL,Red,1034.69,30.9,714.97,2025-05-24,440,4.7,True,Size Issue
FB002687,Tops,Allen Solly,South,Bangalore,Boutique,Winter,M,Black,1593.12,2.4,1554.89,2025-06-20,98,2.9,True,Color Mismatch
FB002688,Shoes,Nike,Central,Indore,Boutique,Summer,XL,Pink,1681.89,21.3,1323.65,2025-01-23,82,4.7,False,
FB002689,Outerwear,FabIndia,South,Hyderabad,Flagship,Summer,XL,Brown,940.25,37.7,585.78,2025-05-29,160,2.7,True,Late Delivery
FB002690,Dresses,Zara,West,Surat,Flagship,Summer,XS,Grey,2903.2,16.8,2415.46,2025-05-26,407,3.8,True,Late Delivery
FB002691,Accessories,Levis,West,Pune,Boutique,Fall,S,White,2589.65,5.7,2442.04,2025-10-11,315,4.2,True,
FB002692,Outerwear,Levis,Central,Indore,Flagship,Winter,L,Pink,2286.57,14.6,1952.73,2025-03-26,310,2.8,True,Color Mismatch
FB002693,Bottoms,Levis,Central,Indore,Boutique,Summer,L,Pink,1689.48,26.9,1235.01,2025-05-05,24,2.1,False,
FB002694,Bottoms,Uniqlo,North,Jaipur,Boutique,Summer,XL,Grey,1179.1,6.8,1098.92,2025-06-26,288,3.5,True,Size Issue
FB002695,Bottoms,Zara,Central,Indore,Boutique,Winter,M,Brown,765.0,15.4,647.19,2025-05-27,66,4.3,True,Late Delivery
FB002696,Tops,Levis,Central,Indore,Boutique,Winter,XL,Brown,1831.19,3.8,1761.6,2025-02-24,385,2.8,False,
FB002697,Bottoms,Levis,Central,Indore,Outlet,Summer,XS,White,574.94,48.3,297.24,2025-04-11,183,3.2,True,Damaged
FB002698,Accessories,Zara,South,Bangalore,Boutique,Winter,M,Red,1348.82,10.2,1211.24,2025-10-13,481,3.7,True,Size Issue
FB002699,Outerwear,Puma,West,Mumbai,Flagship,Winter,S,White,2029.44,40.4,1209.55,2025-01-17,22,4.2,False,
FB002700,Tops,Allen Solly,West,Pune,Boutique,Summer,M,Pink,864.26,19.5,695.73,2025-06-28,67,2.2,True,Damaged
FB002701,Shoes,Adidas,East,Kolkata,Boutique,Summer,XS,Brown,1134.38,2.5,1106.02,2025-08-05,222,4.1,True,Damaged
FB002702,Dresses,Puma,West,Nagpur,Flagship,Spring,L,Pink,2787.08,38.2,1722.42,2025-03-30,499,3.7,True,Size Issue
FB002703,Bottoms,Adidas,North,Kanpur,Outlet,Fall,M,Blue,2337.4,41.4,1369.72,2025-11-15,192,4.3,False,
FB002704,Shoes,Adidas,Central,Indore,Boutique,Winter,L,Green,1332.18,3.5,1285.55,2025-05-23,294,2.2,False,
FB002705,Accessories,Levis,West,Pune,Boutique,Spring,L,Blue,829.11,0.2,827.45,2025-02-17,411,3.2,True,Color Mismatch
FB002706,Dresses,Nike,North,Kanpur,Flagship,Summer,L,Blue,2240.62,25.7,1664.78,2025-06-30,219,3.3,True,Size Issue
FB002707,Accessories,Nike,North,Kanpur,Boutique,Summer,L,Brown,966.41,26.4,711.28,2025-06-01,127,4.6,True,Color Mismatch
FB002708,Outerwear,Puma,West,Nagpur,Flagship,Summer,XL,White,1602.29,13.7,1382.78,2025-08-02,491,4.1,False,
FB002709,Bottoms,Adidas,West,Surat,Outlet,Spring,S,Red,832.68,32.8,559.56,2025-07-30,47,3.6,True,Damaged
FB002710,Bottoms,FabIndia,South,Chennai,Boutique,Winter,L,White,2498.54,22.0,1948.86,2025-11-02,232,2.6,False,
FB002711,Dresses,Adidas,South,Bangalore,Flagship,Summer,L,Blue,2458.33,25.3,1836.37,2025-03-30,368,2.2,True,Size Issue
FB002712,Shoes,Zara,East,Kolkata,Outlet,Winter,L,White,2803.16,38.3,1729.55,2025-12-21,141,2.4,False,
FB002713,Tops,FabIndia,West,Mumbai,Boutique,Summer,S,Brown,1345.21,1.7,1322.34,2025-05-05,156,5.0,False,
FB002714,Accessories,Allen Solly,West,Pune,Boutique,Spring,L,Blue,736.73,22.9,568.02,2025-12-18,318,4.4,False,
FB002715,Dresses,Puma,Central,Indore,Flagship,Winter,XS,Brown,1679.38,31.1,1157.09,2025-01-08,214,2.1,True,Late Delivery
FB002716,Outerwear,Levis,Central,Indore,Flagship,Summer,XL,Black,2428.96,36.8,1535.1,2025-03-11,172,2.9,False,
FB002717,Tops,Allen Solly,South,Hyderabad,Boutique,Spring,L,Green,1179.93,1.4,1163.41,2025-11-05,180,3.1,True,Damaged
FB002718,Tops,Adidas,North,Lucknow,Boutique,Summer,S,Green,1519.15,27.8,1096.83,2025-02-22,221,3.6,False,
FB002719,Tops,Levis,North,Jaipur,Boutique,Winter,M,Grey,1898.31,19.3,1531.94,2025-09-08,182,4.8,True,Size Issue
FB002720,Dresses,Levis,South,Bangalore,Flagship,Summer,XL,Green,1547.72,35.9,992.09,2025-07-24,330,5.0,True,
FB002721,Outerwear,Allen Solly,North,Delhi,Flagship,Fall,XS,Green,510.97,49.6,257.53,2025-02-16,97,4.1,True,Size Issue
FB002722,Shoes,H&M,North,Lucknow,Boutique,Fall,S,Grey,2061.07,8.5,1885.88,2025-12-15,213,3.2,True,Color Mismatch
FB002723,Outerwear,Zara,North,Kanpur,Flagship,Winter,XS,Blue,2052.01,0.3,2045.85,2025-03-01,410,4.0,False,
FB002724,Bottoms,Zara,North,Kanpur,Boutique,Summer,XL,White,1270.56,25.4,947.84,2025-04-04,99,3.9,False,
FB002725,Tops,Allen Solly,North,Kanpur,Outlet,Summer,M,Red,608.67,48.1,315.9,2025-10-03,478,2.9,True,Damaged
FB002726,Shoes,Nike,West,Mumbai,Outlet,Fall,XL,Red,2035.89,43.1,1158.42,2025-10-25,165,2.4,True,Damaged
FB002727,Bottoms,Puma,West,Mumbai,Outlet,Winter,M,Red,2023.51,33.0,1355.75,2025-12-01,254,2.9,False,
FB002728,Shoes,FabIndia,South,Hyderabad,Outlet,Spring,M,Blue,1387.52,45.4,757.59,2025-02-02,497,3.7,False,
FB002729,Shoes,Puma,South,Hyderabad,Boutique,Winter,XL,Blue,1870.81,16.8,1556.51,2025-02-14,97,4.5,True,Color Mismatch
FB002730,Accessories,Allen Solly,West,Pune,Boutique,Fall,M,Brown,2598.47,13.7,2242.48,2025-06-24,306,4.3,True,Damaged
FB002731,Dresses,Levis,East,Kolkata,Flagship,Summer,XL,Black,1090.61,10.1,980.46,2025-01-18,16,3.3,True,Damaged
FB002732,Dresses,FabIndia,South,Bangalore,Flagship,Fall,S,Grey,1869.1,40.0,1121.46,2025-08-07,413,2.9,True,Late Delivery
FB002733,Outerwear,Uniqlo,West,Nagpur,Flagship,Fall,XL,Blue,2181.6,7.3,2022.34,2025-02-15,441,3.1,False,
FB002734,Outerwear,Uniqlo,South,Bangalore,Flagship,Fall,S,Black,1919.04,36.7,1214.75,2025-08-10,81,4.7,True,Late Delivery
FB002735,Tops,Puma,Central,Indore,Boutique,Winter,XL,White,1735.86,5.0,1649.07,2025-05-08,252,3.9,False,
FB002736,Accessories,Levis,North,Delhi,Outlet,Spring,XL,Brown,1478.97,31.6,1011.62,2025-10-23,271,2.6,True,Color Mismatch
FB002737,Outerwear,Adidas,East,Kolkata,Flagship,Fall,XS,Green,1639.25,44.3,913.06,2025-01-10,348,2.9,False,
FB002738,Bottoms,H&M,East,Kolkata,Boutique,Fall,S,Black,1340.39,16.3,1121.91,2025-10-02,67,4.1,False,
FB002739,Tops,Uniqlo,East,Kolkata,Boutique,Fall,L,White,1951.56,7.1,1813.0,2025-08-22,146,2.8,False,
FB002740,Dresses,Allen Solly,West,Surat,Flagship,Summer,M,Pink,571.29,10.9,509.02,2025-12-23,84,4.2,False,
FB002741,Bottoms,Levis,East,Kolkata,Boutique,Winter,S,Blue,594.44,29.3,420.27,2025-03-27,496,4.1,True,Damaged
FB002742,Dresses,Adidas,Central,Indore,Flagship,Spring,S,Blue,804.15,45.1,441.48,2025-10-22,464,5.0,True,Size Issue
FB002743,Tops,Uniqlo,Central,Indore,Boutique,Winter,XS,Green,2043.26,29.3,1444.58,2025-01-23,365,2.3,False,
FB002744,Outerwear,Puma,Central,Indore,Flagship,Winter,S,Black,1609.4,4.3,1540.2,2025-12-09,145,4.2,False,
FB002745,Bottoms,Levis,South,Bangalore,Outlet,Summer,XS,Green,834.9,39.3,506.78,2025-08-23,446,3.5,False,
FB002746,Bottoms,H&M,West,Pune,Outlet,Spring,L,Brown,844.8,34.1,556.72,2025-01-13,305,3.3,True,Late Delivery
FB002747,Tops,Uniqlo,South,Hyderabad,Outlet,Summer,S,Brown,2175.94,31.4,1492.69,2025-03-01,470,2.8,False,
FB002748,Tops,Puma,West,Pune,Outlet,Summer,M,Green,649.85,30.6,451.0,2025-03-16,77,4.6,True,Damaged
FB002749,Shoes,Zara,South,Hyderabad,Boutique,Spring,L,Green,1214.05,16.0,1019.8,2025-03-12,331,2.2,False,
FB002750,Tops,Nike,Central,Indore,Outlet,Fall,XL,Red,2356.85,39.9,1416.47,2025-08-19,246,3.6,True,Size Issue
FB002751,Bottoms,H&M,East,Kolkata,Boutique,Fall,XL,Black,844.71,1.4,832.88,2025-10-05,104,2.3,True,Color Mismatch
FB002752,Tops,Adidas,West,Surat,Outlet,Summer,L,Pink,731.75,37.9,454.42,2025-07-21,230,3.4,True,
FB002753,Dresses,Uniqlo,Central,Indore,Flagship,Summer,L,Brown,1716.98,40.3,1025.04,2025-06-14,495,3.9,False,
FB002754,Bottoms,Zara,Central,Indore,Boutique,Summer,XS,Black,1190.83,28.3,853.83,2025-10-18,78,3.5,False,
FB002755,Shoes,Adidas,Central,Indore,Outlet,Winter,M,Brown,1056.6,45.1,580.07,2025-11-12,449,3.3,True,Late Delivery
FB002756,Accessories,Nike,North,Kanpur,Outlet,Fall,S,White,1785.36,33.8,1181.91,2025-06-16,225,3.2,False,
FB002757,Outerwear,Zara,Central,Indore,Flagship,Spring,XS,Blue,503.87,35.7,323.99,2025-06-02,380,2.4,False,
FB002758,Dresses,Levis,Central,Indore,Flagship,Summer,S,Grey,2574.04,33.4,1714.31,2025-07-23,133,4.1,False,
FB002759,Outerwear,Uniqlo,West,Nagpur,Flagship,Spring,L,Red,855.54,16.6,713.52,2025-03-08,322,4.2,False,
FB002760,Bottoms,Uniqlo,East,Kolkata,Boutique,Winter,M,Grey,2992.38,5.5,2827.8,2025-12-18,436,4.5,True,Size Issue
FB002761,Shoes,Nike,North,Delhi,Boutique,Spring,M,Pink,1057.21,25.5,787.62,2025-12-01,485,3.6,True,Size Issue
FB002762,Shoes,Uniqlo,North,Lucknow,Outlet,Fall,L,Blue,2645.69,30.5,1838.75,2025-06-08,471,2.4,True,
FB002763,Tops,FabIndia,South,Hyderabad,Boutique,Summer,XL,White,1902.84,16.9,1581.26,2025-01-04,14,4.0,False,
FB002764,Bottoms,Levis,North,Delhi,Boutique,Fall,M,Black,1616.71,17.3,1337.02,2025-11-12,50,4.4,False,
FB002765,Tops,FabIndia,Central,Indore,Boutique,Winter,L,Blue,2891.5,17.1,2397.05,2025-10-21,204,4.6,False,
FB002766,Accessories,Levis,West,Mumbai,Boutique,Winter,XS,Red,2579.26,17.4,2130.47,2025-02-12,381,3.0,False,
FB002767,Bottoms,H&M,Central,Indore,Boutique,Spring,S,Grey,1378.08,15.9,1158.97,2025-11-25,200,3.9,False,
FB002768,Bottoms,Zara,Central,Indore,Boutique,Winter,S,Brown,2620.93,12.0,2306.42,2025-04-13,86,4.2,False,
FB002769,Accessories,Puma,East,Kolkata,Boutique,Winter,S,Red,2772.57,3.4,2678.3,2025-03-22,360,2.3,False,
FB002770,Bottoms,FabIndia,Central,Indore,Outlet,Fall,L,Red,949.97,47.0,503.48,2025-09-22,419,3.5,False,
FB002771,Tops,FabIndia,West,Surat,Boutique,Summer,S,Black,2106.75,18.4,1719.11,2025-01-06,56,2.8,True,Color Mismatch
FB002772,Bottoms,Uniqlo,West,Surat,Boutique,Fall,M,Green,2665.48,19.0,2159.04,2025-08-23,437,4.9,False,
FB002773,Bottoms,Nike,North,Lucknow,Outlet,Winter,XS,White,1819.34,41.5,1064.31,2025-12-20,335,4.2,True,Late Delivery
FB002774,Shoes,Puma,Central,Indore,Outlet,Fall,XS,Grey,1904.35,37.8,1184.51,2025-05-04,312,2.5,False,
FB002775,Shoes,Puma,North,Jaipur,Boutique,Fall,XL,Red,2260.89,16.0,1899.15,2025-11-10,149,4.0,True,Color Mismatch
FB002776,Shoes,Uniqlo,Central,Indore,Outlet,Summer,XS,Red,2741.16,45.4,1496.67,2025-08-04,481,2.2,True,Size Issue
FB002777,Shoes,FabIndia,North,Kanpur,Outlet,Winter,L,Red,774.0,35.2,501.55,2025-04-04,220,2.5,False,
FB002778,Accessories,Adidas,West,Ahmedabad,Boutique,Spring,M,White,1631.86,9.1,1483.36,2025-12-08,485,2.8,False,
FB002779,Dresses,H&M,West,Nagpur,Flagship,Summer,S,Black,677.99,24.0,515.27,2025-07-28,430,3.3,False,
FB002780,Outerwear,Levis,South,Chennai,Flagship,Winter,L,Red,2607.39,40.7,1546.18,2025-07-14,359,4.3,False,
FB002781,Bottoms,Allen Solly,South,Bangalore,Boutique,Summer,S,Brown,1002.41,28.8,713.72,2025-08-04,382,3.5,False,
FB002782,Dresses,FabIndia,East,Kolkata,Flagship,Fall,S,Red,1982.9,9.9,1786.59,2025-09-16,263,5.0,False,
FB002783,Tops,Zara,Central,Indore,Boutique,Summer,XL,Black,2007.14,0.7,1993.09,2025-07-30,323,3.1,True,Late Delivery
FB002784,Accessories,Uniqlo,West,Nagpur,Boutique,Spring,M,Grey,2604.27,9.2,2364.68,2025-03-24,214,2.1,False,
FB002785,Shoes,FabIndia,West,Surat,Boutique,Fall,L,Green,2260.45,28.2,1623.0,2025-04-17,61,4.2,False,
FB002786,Tops,Levis,South,Bangalore,Boutique,Winter,M,Brown,2055.63,6.5,1922.01,2025-06-12,149,2.2,True,
FB002787,Outerwear,Levis,North,Delhi,Flagship,Winter,L,Black,997.05,34.4,654.06,2025-12-04,270,4.2,False,
FB002788,Bottoms,Uniqlo,South,Bangalore,Boutique,Summer,L,Black,1210.24,24.1,918.57,2025-01-30,194,2.5,True,Color Mismatch
FB002789,Outerwear,Puma,North,Lucknow,Flagship,Spring,M,Brown,1319.42,2.7,1283.8,2025-03-11,359,2.4,True,Size Issue
FB002790,Dresses,FabIndia,Central,Indore,Flagship,Fall,XL,White,1475.44,11.0,1313.14,2025-05-13,114,4.9,True,Damaged
FB002791,Tops,Adidas,South,Hyderabad,Outlet,Winter,XS,Green,2032.62,42.2,1174.85,2025-04-10,122,4.3,False,
FB002792,Outerwear,Adidas,South,Chennai,Flagship,Winter,XS,White,2034.56,3.9,1955.21,2025-04-25,125,3.4,True,Late Delivery
FB002793,Accessories,Uniqlo,East,Kolkata,Outlet,Fall,S,Pink,890.48,44.7,492.44,2025-07-23,148,3.6,False,
FB002794,Dresses,Levis,Central,Indore,Flagship,Fall,XS,Brown,2969.65,40.6,1763.97,2025-04-10,147,3.8,False,
FB002795,Tops,FabIndia,Central,Indore,Outlet,Spring,S,Green,727.99,47.4,382.92,2025-07-07,370,3.4,True,Late Delivery
FB002796,Outerwear,Levis,East,Kolkata,Flagship,Winter,XL,Red,2478.04,41.5,1449.65,2025-01-22,34,3.0,False,
FB002797,Outerwear,Nike,West,Ahmedabad,Flagship,Summer,M,Blue,846.17,12.6,739.55,2025-10-01,198,4.8,True,Damaged
FB002798,Shoes,Puma,North,Jaipur,Boutique,Fall,XS,Red,2320.93,8.4,2125.97,2025-02-19,179,4.8,True,Color Mismatch
FB002799,Bottoms,Adidas,East,Kolkata,Boutique,Winter,L,White,1727.98,19.5,1391.02,2025-02-17,137,4.5,False,
FB002800,Accessories,Zara,North,Jaipur,Outlet,Fall,L,Blue,910.34,33.0,609.93,2025-09-09,79,2.7,False,
FB002801,Dresses,Puma,West,Nagpur,Flagship,Spring,L,Pink,841.87,10.2,756.0,2025-08-01,412,3.7,False,
FB002802,Accessories,Zara,South,Chennai,Boutique,Winter,M,Green,2061.81,4.4,1971.09,2025-06-26,220,2.6,False,
FB002803,Dresses,FabIndia,West,Surat,Flagship,Summer,M,Pink,511.88,5.0,486.29,2025-08-12,295,3.1,False,
FB002804,Accessories,Levis,South,Hyderabad,Boutique,Fall,S,Black,2076.89,17.9,1705.13,2025-07-08,22,2.1,True,
FB002805,Bottoms,Zara,North,Jaipur,Outlet,Summer,M,Pink,816.77,37.8,508.03,2025-01-09,399,2.3,True,Size Issue
FB002806,Bottoms,Levis,West,Surat,Outlet,Winter,XL,Blue,2002.76,48.1,1039.43,2025-04-04,321,2.2,False,
FB002807,Accessories,Uniqlo,South,Chennai,Outlet,Winter,XL,Pink,2097.96,44.1,1172.76,2025-07-17,447,2.3,True,Color Mismatch
FB002808,Dresses,Puma,North,Jaipur,Flagship,Fall,XL,Black,1080.62,17.8,888.27,2025-05-06,368,2.7,False,
FB002809,Outerwear,Allen Solly,Central,Indore,Flagship,Summer,S,Blue,2903.7,45.1,1594.13,2025-01-09,318,2.2,False,
FB002810,Tops,Zara,North,Delhi,Boutique,Spring,XL,Brown,1177.29,28.5,841.76,2025-06-12,340,4.5,False,
FB002811,Shoes,Uniqlo,North,Delhi,Boutique,Spring,XL,Red,2792.32,15.1,2370.68,2025-04-23,164,3.3,True,
FB002812,Shoes,Levis,Central,Indore,Boutique,Fall,L,White,655.47,26.9,479.15,2025-10-05,31,3.2,True,Color Mismatch
FB002813,Tops,Uniqlo,North,Delhi,Boutique,Summer,XS,Brown,2923.77,18.0,2397.49,2025-02-11,389,2.4,True,Damaged
FB002814,Bottoms,Uniqlo,South,Bangalore,Boutique,Fall,XS,Green,2966.22,28.7,2114.91,2025-12-29,479,4.0,True,Damaged
FB002815,Shoes,H&M,North,Kanpur,Boutique,Summer,S,Grey,558.34,4.7,532.1,2025-10-30,389,3.6,False,
FB002816,Outerwear,Zara,West,Nagpur,Flagship,Winter,XL,Pink,994.95,23.8,758.15,2025-11-09,251,3.0,False,
FB002817,Outerwear,Uniqlo,East,Kolkata,Flagship,Summer,L,Pink,740.32,26.3,545.62,2025-01-14,358,3.0,False,
FB002818,Shoes,Allen Solly,East,Kolkata,Outlet,Winter,M,Red,2528.54,45.2,1385.64,2025-03-02,242,4.8,False,
FB002819,Bottoms,Zara,Central,Indore,Outlet,Fall,L,Green,510.42,37.7,317.99,2025-02-02,105,4.4,True,Damaged
FB002820,Tops,Nike,West,Ahmedabad,Outlet,Spring,XS,White,546.17,39.6,329.89,2025-03-24,155,3.0,False,
FB002821,Outerwear,Puma,North,Jaipur,Flagship,Fall,XL,Grey,1664.04,42.5,956.82,2025-08-01,476,3.1,True,Color Mismatch
FB002822,Tops,Nike,South,Hyderabad,Outlet,Winter,L,Grey,2070.08,33.1,1384.88,2025-09-12,91,2.2,True,Color Mismatch
FB002823,Tops,Uniqlo,North,Lucknow,Outlet,Summer,XS,Pink,2164.48,34.8,1411.24,2025-08-09,241,4.6,True,Damaged
FB002824,Bottoms,Adidas,South,Bangalore,Outlet,Spring,XS,Brown,2191.55,32.0,1490.25,2025-05-07,189,3.3,True,Damaged
FB002825,Bottoms,FabIndia,East,Kolkata,Boutique,Summer,L,Blue,1637.23,28.1,1177.17,2025-11-28,312,3.6,False,
FB002826,Outerwear,FabIndia,North,Kanpur,Flagship,Spring,S,Blue,1054.24,34.1,694.74,2025-05-28,333,3.0,False,
FB002827,Outerwear,H&M,Central,Indore,Flagship,Spring,S,Green,1409.86,44.5,782.47,2025-10-05,172,3.4,False,
FB002828,Tops,Allen Solly,West,Pune,Boutique,Summer,XS,Black,687.11,16.4,574.42,2025-02-24,467,3.6,True,Late Delivery
FB002829,Tops,Nike,South,Chennai,Boutique,Winter,XL,Grey,667.75,4.5,637.7,2025-07-14,238,3.7,True,Size Issue
FB002830,Shoes,Puma,South,Hyderabad,Outlet,Winter,XL,Red,2284.96,30.2,1594.9,2025-07-11,32,5.0,False,
FB002831,Tops,Adidas,South,Chennai,Boutique,Spring,M,Black,1480.48,24.6,1116.28,2025-12-29,87,2.8,False,
FB002832,Dresses,FabIndia,Central,Indore,Flagship,Fall,S,Brown,2953.91,47.9,1538.99,2025-10-15,51,4.5,False,
FB002833,Dresses,Allen Solly,North,Lucknow,Flagship,Fall,L,Blue,1593.42,21.9,1244.46,2025-02-23,245,3.2,True,Size Issue
FB002834,Bottoms,Nike,South,Hyderabad,Boutique,Fall,XS,Pink,1353.65,4.6,1291.38,2025-10-17,301,4.8,True,Late Delivery
FB002835,Outerwear,H&M,North,Kanpur,Flagship,Winter,XS,Grey,1519.23,6.7,1417.44,2025-07-29,455,2.9,True,Color Mismatch
FB002836,Shoes,Zara,North,Jaipur,Outlet,Fall,S,Green,2878.06,32.5,1942.69,2025-11-26,413,3.9,True,Late Delivery
FB002837,Accessories,Levis,East,Kolkata,Boutique,Summer,M,Grey,2812.51,24.4,2126.26,2025-12-07,291,4.5,True,
FB002838,Shoes,Zara,East,Kolkata,Outlet,Winter,XL,Green,1389.45,37.8,864.24,2025-08-24,403,4.7,False,
FB002839,Bottoms,Puma,East,Kolkata,Boutique,Summer,XS,Black,990.27,22.3,769.44,2025-09-11,392,4.0,False,
FB002840,Outerwear,H&M,East,Kolkata,Flagship,Fall,M,Blue,788.41,33.5,524.29,2025-01-12,11,2.4,True,Damaged
FB002841,Outerwear,Levis,East,Kolkata,Flagship,Fall,L,White,506.46,47.3,266.9,2025-02-01,63,4.2,False,
FB002842,Tops,Allen Solly,North,Kanpur,Outlet,Fall,XS,Red,743.77,44.0,416.51,2025-11-02,407,2.0,True,Late Delivery
FB002843,Outerwear,Puma,North,Kanpur,Flagship,Fall,S,Blue,1675.91,23.4,1283.75,2025-07-04,88,4.2,True,
FB002844,Bottoms,Allen Solly,South,Hyderabad,Outlet,Fall,L,Pink,2769.19,35.3,1791.67,2025-05-19,385,4.3,False,
FB002845,Shoes,Levis,North,Lucknow,Outlet,Summer,XS,Green,845.81,47.0,448.28,2025-01-11,466,4.3,False,
FB002846,Outerwear,Nike,Central,Indore,Flagship,Fall,S,Green,2976.56,14.3,2550.91,2025-02-28,219,3.8,False,
FB002847,Shoes,Allen Solly,Central,Indore,Boutique,Summer,S,Red,2861.21,13.3,2480.67,2025-11-07,263,4.5,True,Size Issue
FB002848,Tops,Adidas,West,Ahmedabad,Boutique,Fall,S,Blue,1185.41,16.6,988.63,2025-10-04,260,3.5,False,
FB002849,Tops,Nike,Central,Indore,Outlet,Winter,L,Pink,1411.18,34.2,928.56,2025-08-24,238,2.5,True,Color Mismatch
FB002850,Tops,Adidas,Central,Indore,Boutique,Spring,S,Brown,2948.41,28.8,2099.27,2025-04-30,206,2.5,False,
FB002851,Dresses,Uniqlo,Central,Indore,Flagship,Fall,S,Blue,2020.59,30.9,1396.23,2025-01-13,459,4.8,False,
FB002852,Tops,Puma,South,Bangalore,Outlet,Spring,XS,Brown,634.95,45.8,344.14,2025-03-13,119,5.0,False,
FB002853,Dresses,Nike,North,Delhi,Flagship,Summer,M,Black,2770.77,14.7,2363.47,2025-02-09,82,2.9,True,Late Delivery
FB002854,Tops,Nike,West,Ahmedabad,Boutique,Fall,M,Red,2985.41,27.2,2173.38,2025-07-17,499,2.4,True,Late Delivery
FB002855,Accessories,Uniqlo,North,Lucknow,Boutique,Winter,L,Green,674.31,5.5,637.22,2025-08-29,265,2.7,False,
FB002856,Accessories,Nike,East,Kolkata,Boutique,Spring,L,Black,1458.27,26.1,1077.66,2025-12-07,316,2.1,True,Damaged
FB002857,Tops,Allen Solly,South,Chennai,Outlet,Summer,XL,Brown,1623.14,48.0,844.03,2025-06-06,324,3.6,False,
FB002858,Tops,Puma,East,Kolkata,Outlet,Spring,M,Green,523.39,31.5,358.52,2025-05-27,474,3.7,True,Color Mismatch
FB002859,Outerwear,Nike,North,Delhi,Flagship,Spring,L,Black,2238.34,19.0,1813.06,2025-04-21,35,2.9,False,
FB002860,Bottoms,H&M,North,Jaipur,Outlet,Winter,M,Blue,2970.07,39.8,1787.98,2025-09-23,154,4.2,False,
FB002861,Shoes,Allen Solly,South,Chennai,Boutique,Summer,L,Black,825.12,0.5,820.99,2025-11-27,190,4.8,True,
FB002862,Shoes,FabIndia,South,Chennai,Boutique,Winter,S,Grey,1009.39,5.7,951.85,2025-01-31,156,4.6,False,
FB002863,Tops,Allen Solly,Central,Indore,Boutique,Summer,S,Red,2847.65,28.4,2038.92,2025-12-18,118,2.3,True,Color Mismatch
FB002864,Accessories,Levis,North,Delhi,Boutique,Fall,S,Black,2088.85,10.2,1875.79,2025-09-06,197,3.9,True,Late Delivery
FB002865,Accessories,H&M,South,Chennai,Outlet,Winter,XS,White,1059.73,43.4,599.81,2025-07-28,333,2.3,True,Color Mismatch
FB002866,Outerwear,Levis,East,Kolkata,Flagship,Summer,L,Pink,1043.76,40.5,621.04,2025-04-08,397,2.9,False,
FB002867,Shoes,FabIndia,East,Kolkata,Outlet,Winter,M,Red,766.49,39.7,462.19,2025-05-09,307,4.6,True,Color Mismatch
FB002868,Tops,Zara,East,Kolkata,Outlet,Summer,L,Green,723.32,36.5,459.31,2025-03-29,291,3.7,True,Late Delivery
FB002869,Tops,Adidas,East,Kolkata,Boutique,Spring,XS,Pink,2320.32,20.1,1853.94,2025-12-21,449,2.2,True,
FB002870,Tops,Adidas,East,Kolkata,Boutique,Summer,S,Grey,2998.11,18.0,2458.45,2025-07-03,394,4.8,False,
FB002871,Bottoms,Nike,South,Chennai,Boutique,Fall,XL,Black,2949.26,10.6,2636.64,2025-05-16,417,3.0,False,
FB002872,Bottoms,Zara,North,Delhi,Outlet,Spring,L,Red,2011.09,47.3,1059.84,2025-02-02,12,4.8,True,Damaged
FB002873,Outerwear,Adidas,West,Surat,Flagship,Winter,XS,Blue,2852.09,7.0,2652.44,2025-10-31,88,2.3,True,Late Delivery
FB002874,Dresses,Nike,North,Jaipur,Flagship,Spring,L,White,708.59,44.1,396.1,2025-11-20,227,3.6,False,
FB002875,Bottoms,Zara,South,Chennai,Outlet,Winter,L,White,905.41,45.6,492.54,2025-09-01,352,2.6,False,
FB002876,Tops,H&M,North,Delhi,Boutique,Fall,M,White,2831.14,18.3,2313.04,2025-12-19,418,4.2,True,Size Issue
FB002877,Bottoms,Zara,East,Kolkata,Boutique,Winter,XS,Red,2756.75,14.9,2345.99,2025-11-29,299,4.0,False,
FB002878,Outerwear,Uniqlo,North,Kanpur,Flagship,Fall,L,Black,2215.33,48.3,1145.33,2025-07-18,198,3.9,True,Color Mismatch
FB002879,Tops,Adidas,North,Kanpur,Outlet,Spring,XL,Black,1189.43,43.5,672.03,2025-02-08,69,3.7,True,Damaged
FB002880,Outerwear,Uniqlo,North,Delhi,Flagship,Summer,L,Grey,1425.85,37.2,895.43,2025-06-27,83,4.1,False,
FB002881,Bottoms,Nike,North,Jaipur,Boutique,Winter,XS,Blue,2042.88,14.9,1738.49,2025-11-29,155,2.3,True,Size Issue
FB002882,Outerwear,Allen Solly,North,Jaipur,Flagship,Summer,XS,White,1955.35,19.7,1570.15,2025-06-05,421,3.4,False,
FB002883,Accessories,H&M,North,Jaipur,Outlet,Winter,XS,Blue,1150.61,43.5,650.09,2025-07-23,468,4.0,False,
FB002884,Bottoms,Adidas,West,Surat,Outlet,Winter,S,White,1806.94,45.9,977.55,2025-07-17,314,2.0,True,
FB002885,Dresses,Allen Solly,North,Kanpur,Flagship,Summer,XL,Grey,761.08,27.0,555.59,2025-11-07,344,4.1,True,Damaged
FB002886,Shoes,Allen Solly,East,Kolkata,Outlet,Spring,XL,Green,978.3,46.7,521.43,2025-05-28,137,2.5,True,
FB002887,Tops,Puma,North,Delhi,Outlet,Spring,XL,Brown,1420.05,46.5,759.73,2025-01-29,339,4.0,False,
FB002888,Bottoms,Nike,East,Kolkata,Outlet,Fall,L,Green,725.57,34.9,472.35,2025-09-06,73,2.9,True,Damaged
FB002889,Bottoms,Allen Solly,East,Kolkata,Outlet,Spring,S,Green,2716.35,37.9,1686.85,2025-01-21,393,4.7,True,Size Issue
FB002890,Bottoms,Levis,South,Chennai,Boutique,Winter,XL,Grey,1073.47,28.5,767.53,2025-09-06,216,3.4,False,
FB002891,Bottoms,Adidas,South,Hyderabad,Outlet,Summer,L,Black,1781.49,49.6,897.87,2025-01-24,458,3.1,True,Damaged
FB002892,Tops,Zara,Central,Indore,Boutique,Fall,S,Pink,1434.86,17.4,1185.19,2025-10-19,480,4.8,False,
FB002893,Shoes,Adidas,West,Surat,Boutique,Fall,L,Green,1271.12,25.8,943.17,2025-03-06,109,3.5,False,
FB002894,Bottoms,Uniqlo,West,Surat,Boutique,Fall,L,Green,2715.73,9.1,2468.6,2025-09-11,37,4.6,False,
FB002895,Tops,H&M,East,Kolkata,Boutique,Spring,M,Brown,1117.05,30.0,781.93,2025-02-04,235,4.9,True,Damaged
FB002896,Dresses,Uniqlo,Central,Indore,Flagship,Winter,S,Brown,1520.6,3.6,1465.86,2025-04-14,408,3.6,True,Color Mismatch
FB002897,Tops,Adidas,North,Lucknow,Outlet,Summer,L,Brown,1619.18,42.8,926.17,2025-11-03,258,2.1,True,Damaged
FB002898,Shoes,FabIndia,North,Kanpur,Outlet,Summer,XS,Red,1265.87,32.3,856.99,2025-02-28,180,4.0,False,
FB002899,Dresses,Allen Solly,West,Ahmedabad,Flagship,Fall,XL,Black,2310.32,45.3,1263.75,2025-01-19,208,4.8,False,
FB002900,Accessories,Zara,West,Ahmedabad,Boutique,Fall,XL,Green,1744.37,4.8,1660.64,2025-07-04,404,4.7,True,
FB002901,Bottoms,Adidas,South,Hyderabad,Boutique,Winter,L,Pink,1818.87,7.7,1678.82,2025-07-27,328,3.6,True,
FB002902,Dresses,H&M,North,Delhi,Flagship,Summer,S,Pink,621.23,37.7,387.03,2025-04-24,145,4.9,False,
FB002903,Bottoms,Uniqlo,West,Ahmedabad,Outlet,Fall,L,Red,2020.5,39.4,1224.42,2025-05-02,101,4.0,False,
FB002904,Tops,Levis,East,Kolkata,Outlet,Spring,S,Red,1565.14,40.4,932.82,2025-03-07,160,3.4,False,
FB002905,Bottoms,Uniqlo,West,Nagpur,Boutique,Fall,L,Black,936.44,20.7,742.6,2025-02-07,333,3.0,True,Late Delivery
FB002906,Bottoms,Uniqlo,South,Hyderabad,Boutique,Fall,XS,Grey,2877.96,4.8,2739.82,2025-04-23,211,3.5,False,
FB002907,Tops,Nike,North,Lucknow,Outlet,Winter,L,Pink,1322.48,44.2,737.94,2025-10-23,464,2.8,False,
FB002908,Dresses,Allen Solly,East,Kolkata,Flagship,Winter,M,Pink,566.38,40.4,337.56,2025-03-01,61,2.4,False,
FB002909,Outerwear,Allen Solly,Central,Indore,Flagship,Summer,XS,Red,841.08,9.7,759.5,2025-02-07,109,3.3,True,
FB002910,Bottoms,Adidas,South,Bangalore,Boutique,Winter,S,Green,2962.11,24.7,2230.47,2025-05-21,445,3.1,True,Damaged
FB002911,Tops,H&M,North,Lucknow,Boutique,Summer,S,Black,1440.56,20.3,1148.13,2025-05-02,185,4.5,False,
FB002912,Bottoms,FabIndia,West,Pune,Boutique,Summer,S,Brown,1324.46,27.5,960.23,2025-08-31,177,3.0,False,
FB002913,Outerwear,Puma,East,Kolkata,Flagship,Winter,S,Brown,2593.73,21.3,2041.27,2025-08-01,76,3.6,True,Color Mismatch
FB002914,Bottoms,Allen Solly,East,Kolkata,Boutique,Spring,S,Grey,2363.55,13.0,2056.29,2025-10-22,426,2.8,True,Damaged
FB002915,Tops,Levis,South,Chennai,Boutique,Fall,L,White,1404.7,8.3,1288.11,2025-08-16,466,2.1,False,
FB002916,Accessories,Puma,West,Pune,Boutique,Summer,M,Blue,2500.55,11.5,2212.99,2025-07-05,42,2.6,False,
FB002917,Tops,Puma,Central,Indore,Outlet,Spring,XL,White,2291.92,46.4,1228.47,2025-12-07,151,2.1,True,
FB002918,Tops,FabIndia,Central,Indore,Boutique,Winter,S,Green,2854.09,16.7,2377.46,2025-04-14,229,2.5,False,
FB002919,Dresses,H&M,West,Ahmedabad,Flagship,Winter,S,Blue,2359.97,17.1,1956.42,2025-09-22,261,4.7,False,
FB002920,Tops,Nike,Central,Indore,Outlet,Fall,S,Grey,2631.39,44.3,1465.68,2025-10-04,122,3.4,True,Damaged
FB002921,Tops,Zara,Central,Indore,Boutique,Summer,L,Red,708.97,4.1,679.9,2025-09-22,456,3.1,True,Damaged
FB002922,Dresses,Nike,South,Bangalore,Flagship,Winter,XS,Brown,1238.06,12.0,1089.49,2025-11-04,437,3.3,False,
FB002923,Tops,Nike,West,Nagpur,Boutique,Spring,XS,Brown,707.23,21.9,552.35,2025-06-01,284,3.6,False,
FB002924,Bottoms,Uniqlo,East,Kolkata,Outlet,Fall,L,Red,2668.91,35.6,1718.78,2025-06-18,463,2.4,False,
FB002925,Tops,Uniqlo,North,Kanpur,Boutique,Fall,XS,Grey,2136.43,22.9,1647.19,2025-08-02,102,4.4,False,
FB002926,Tops,Allen Solly,West,Surat,Boutique,Summer,L,Black,2264.26,24.0,1720.84,2025-10-02,352,3.2,True,Late Delivery
FB002927,Outerwear,Levis,South,Hyderabad,Flagship,Summer,L,Red,1730.38,25.5,1289.13,2025-10-03,327,2.1,True,Size Issue
FB002928,Bottoms,Zara,East,Kolkata,Outlet,Winter,L,Blue,884.03,44.7,488.87,2025-02-22,297,4.1,False,
FB002929,Dresses,Uniqlo,East,Kolkata,Flagship,Winter,S,Grey,588.2,28.2,422.33,2025-11-04,379,4.0,False,
FB002930,Tops,Uniqlo,North,Lucknow,Boutique,Winter,L,Red,1205.52,20.9,953.57,2025-06-24,277,3.8,False,
FB002931,Bottoms,Adidas,West,Ahmedabad,Boutique,Spring,XS,Grey,1499.46,14.9,1276.04,2025-06-01,190,3.9,False,
FB002932,Outerwear,Allen Solly,South,Hyderabad,Flagship,Winter,M,Grey,2348.81,37.3,1472.7,2025-12-20,220,4.3,False,
FB002933,Tops,Puma,South,Hyderabad,Outlet,Spring,XS,Black,2665.93,41.1,1570.23,2025-11-29,45,3.0,True,Size Issue
FB002934,Tops,Zara,Central,Indore,Boutique,Fall,XS,Red,2849.32,1.5,2806.58,2025-04-04,410,2.8,True,Late Delivery
FB002935,Dresses,Adidas,North,Delhi,Flagship,Winter,M,White,799.21,43.0,455.55,2025-04-24,205,3.9,False,
FB002936,Bottoms,Levis,South,Bangalore,Boutique,Fall,XL,Pink,2347.49,8.9,2138.56,2025-09-27,472,2.7,True,Late Delivery
FB002937,Outerwear,Nike,East,Kolkata,Flagship,Winter,S,Black,680.25,15.7,573.45,2025-01-17,312,2.0,True,Size Issue
FB002938,Tops,Zara,South,Chennai,Boutique,Winter,M,Green,2907.74,19.3,2346.55,2025-01-16,48,4.7,False,
FB002939,Dresses,Allen Solly,South,Chennai,Flagship,Winter,S,White,2828.63,42.4,1629.29,2025-07-02,178,3.7,True,Size Issue
FB002940,Tops,Levis,North,Delhi,Boutique,Summer,L,Blue,2596.38,26.2,1916.13,2025-04-19,437,4.9,True,Size Issue
FB002941,Dresses,Uniqlo,South,Bangalore,Flagship,Winter,L,Grey,1056.73,49.1,537.88,2025-12-21,408,3.1,False,
FB002942,Tops,Puma,South,Chennai,Boutique,Fall,L,Grey,2364.12,24.6,1782.55,2025-05-11,358,3.9,True,
FB002943,Outerwear,Puma,West,Pune,Flagship,Winter,L,Black,2382.47,26.6,1748.73,2025-07-10,142,3.6,False,
FB002944,Tops,Uniqlo,West,Pune,Outlet,Winter,M,Green,1642.9,46.5,878.95,2025-02-07,47,2.8,True,Size Issue
FB002945,Tops,Uniqlo,Central,Indore,Boutique,Winter,XS,Grey,748.59,26.5,550.21,2025-05-13,400,2.5,True,Damaged
FB002946,Tops,Nike,East,Kolkata,Boutique,Spring,XL,White,575.65,11.8,507.72,2025-06-28,116,4.8,False,
FB002947,Outerwear,Zara,West,Pune,Flagship,Spring,S,White,2938.24,16.2,2462.25,2025-04-02,493,2.2,True,Color Mismatch
FB002948,Shoes,Adidas,Central,Indore,Outlet,Fall,S,Blue,593.44,36.6,376.24,2025-01-02,246,3.6,True,Color Mismatch
FB002949,Tops,Puma,North,Lucknow,Boutique,Fall,XS,Blue,544.82,17.6,448.93,2025-04-14,357,3.9,False,
FB002950,Tops,Levis,Central,Indore,Outlet,Spring,XL,Grey,868.6,46.7,462.96,2025-05-15,341,4.2,True,Size Issue
FB002951,Outerwear,Uniqlo,East,Kolkata,Flagship,Spring,XL,Brown,1955.88,34.9,1273.28,2025-11-04,329,3.7,True,Damaged
FB002952,Tops,Allen Solly,North,Jaipur,Boutique,Winter,S,Grey,1581.15,11.4,1400.9,2025-06-20,436,4.7,False,
FB002953,Tops,Allen Solly,South,Hyderabad,Outlet,Spring,S,Grey,1073.39,33.7,711.66,2025-04-13,430,3.8,True,Color Mismatch
FB002954,Dresses,Puma,South,Hyderabad,Flagship,Summer,S,Blue,1983.32,33.2,1324.86,2025-08-06,81,2.9,False,
FB002955,Outerwear,Zara,Central,Indore,Flagship,Spring,XS,White,684.09,39.6,413.19,2025-04-08,462,4.6,False,
FB002956,Accessories,Adidas,North,Jaipur,Outlet,Winter,XL,Blue,991.87,37.2,622.89,2025-11-19,328,4.5,True,Late Delivery
FB002957,Tops,Nike,North,Kanpur,Boutique,Fall,S,White,1472.99,11.7,1300.65,2025-12-20,32,4.1,False,
FB002958,Tops,Allen Solly,West,Pune,Outlet,Summer,M,Blue,2898.89,36.2,1849.49,2025-08-03,383,3.5,True,Damaged
FB002959,Shoes,Uniqlo,East,Kolkata,Boutique,Fall,XL,White,1625.17,25.5,1210.75,2025-10-11,367,3.7,True,Late Delivery
FB002960,Dresses,Allen Solly,East,Kolkata,Flagship,Summer,XL,Black,902.27,8.5,825.58,2025-12-17,422,4.9,True,
FB002961,Outerwear,H&M,Central,Indore,Flagship,Summer,M,Pink,589.57,8.0,542.4,2025-04-11,456,2.6,False,
FB002962,Shoes,Zara,West,Mumbai,Boutique,Spring,XL,Red,793.22,7.1,736.9,2025-11-29,153,2.9,False,
FB002963,Tops,Uniqlo,East,Kolkata,Boutique,Spring,S,Pink,1265.77,23.4,969.58,2025-03-10,284,2.3,False,
FB002964,Tops,Zara,West,Ahmedabad,Boutique,Summer,M,Brown,2421.97,9.2,2199.15,2025-05-04,263,2.1,False,
FB002965,Shoes,Levis,East,Kolkata,Boutique,Summer,XL,Pink,1826.44,28.6,1304.08,2025-11-08,216,3.4,True,Late Delivery
FB002966,Bottoms,Levis,North,Delhi,Outlet,Winter,S,Brown,2563.74,44.6,1420.31,2025-05-17,94,2.5,False,
FB002967,Shoes,FabIndia,South,Bangalore,Boutique,Summer,M,Brown,2954.54,5.5,2792.04,2025-11-16,369,3.9,False,
FB002968,Shoes,FabIndia,North,Jaipur,Boutique,Winter,L,White,2989.88,16.3,2502.53,2025-04-06,346,2.9,True,Size Issue
FB002969,Accessories,Puma,North,Jaipur,Boutique,Fall,M,Red,1287.95,14.3,1103.77,2025-06-26,239,2.1,True,Damaged
FB002970,Bottoms,H&M,East,Kolkata,Outlet,Summer,XS,Grey,1801.86,41.6,1052.29,2025-08-07,364,3.7,False,
FB002971,Tops,Nike,East,Kolkata,Boutique,Summer,XS,Red,1066.26,21.2,840.21,2025-10-03,95,4.7,False,
FB002972,Tops,H&M,South,Chennai,Boutique,Spring,S,Brown,2817.85,18.0,2310.64,2025-04-23,203,4.3,True,Size Issue
FB002973,Tops,Zara,Central,Indore,Boutique,Spring,M,Blue,2426.06,12.3,2127.65,2025-09-07,319,4.6,True,Color Mismatch
FB002974,Dresses,Adidas,West,Mumbai,Flagship,Fall,XS,Pink,1081.12,24.6,815.16,2025-11-22,293,3.4,False,
FB002975,Outerwear,FabIndia,West,Mumbai,Flagship,Winter,M,Grey,825.88,3.7,795.32,2025-12-07,44,4.0,False,
FB002976,Accessories,FabIndia,West,Surat,Outlet,Fall,S,Grey,1954.24,41.3,1147.14,2025-06-23,130,2.6,True,Late Delivery
FB002977,Shoes,Nike,South,Hyderabad,Outlet,Spring,XL,Grey,765.54,40.1,458.56,2025-01-07,50,3.1,False,
FB002978,Bottoms,Adidas,North,Jaipur,Boutique,Summer,S,Green,2079.68,13.7,1794.76,2025-10-18,331,2.4,False,
FB002979,Accessories,Uniqlo,East,Kolkata,Outlet,Fall,L,Pink,949.28,38.7,581.91,2025-06-15,86,3.1,True,
FB002980,Bottoms,Allen Solly,West,Mumbai,Boutique,Winter,XL,White,1376.21,16.3,1151.89,2025-09-27,95,4.5,True,Color Mismatch
FB002981,Bottoms,Nike,Central,Indore,Outlet,Winter,M,Blue,2145.43,45.8,1162.82,2025-05-09,31,2.8,False,
FB002982,Tops,H&M,East,Kolkata,Boutique,Summer,M,Brown,2371.42,7.2,2200.68,2025-11-14,190,2.4,False,
FB002983,Shoes,Adidas,North,Lucknow,Boutique,Winter,L,Brown,1497.39,29.6,1054.16,2025-06-28,291,3.6,False,
FB002984,Tops,Adidas,South,Bangalore,Boutique,Summer,S,Pink,2118.25,27.3,1539.97,2025-02-02,167,3.1,False,
FB002985,Outerwear,Puma,East,Kolkata,Flagship,Summer,L,Red,1550.77,8.9,1412.75,2025-11-14,65,4.9,True,
FB002986,Tops,FabIndia,West,Mumbai,Outlet,Summer,M,Blue,2472.88,35.3,1599.95,2025-01-26,144,2.6,False,
FB002987,Tops,Allen Solly,East,Kolkata,Outlet,Winter,XL,Green,743.43,33.1,497.35,2025-10-15,459,4.0,True,Late Delivery
FB002988,Dresses,Adidas,South,Chennai,Flagship,Spring,L,Pink,953.38,6.0,896.18,2025-10-08,160,2.3,True,
FB002989,Outerwear,Adidas,East,Kolkata,Flagship,Winter,XS,Black,2753.41,24.4,2081.58,2025-11-12,43,4.3,True,Color Mismatch
FB002990,Outerwear,H&M,Central,Indore,Flagship,Summer,XS,Red,1631.08,29.6,1148.28,2025-09-28,223,3.4,True,Size Issue
FB002991,Shoes,Allen Solly,North,Delhi,Boutique,Spring,XL,Grey,1737.09,26.0,1285.45,2025-09-28,222,4.0,False,
FB002992,Outerwear,Zara,West,Ahmedabad,Flagship,Winter,XL,Blue,947.58,49.2,481.37,2025-12-31,278,2.9,True,Size Issue
FB002993,Dresses,FabIndia,East,Kolkata,Flagship,Winter,XL,Blue,848.65,19.9,679.77,2025-11-17,81,2.1,True,Late Delivery
FB002994,Shoes,Puma,West,Nagpur,Boutique,Winter,M,Blue,908.29,29.5,640.34,2025-09-06,64,3.2,False,
FB002995,Dresses,Levis,East,Kolkata,Flagship,Summer,M,Pink,2024.31,1.0,2004.07,2025-08-09,292,2.2,True,Late Delivery
FB002996,Accessories,Adidas,West,Pune,Boutique,Winter,XS,Green,2359.53,21.5,1852.23,2025-08-01,408,2.7,False,
FB002997,Dresses,Adidas,East,Kolkata,Flagship,Winter,S,Red,2535.26,21.4,1992.71,2025-09-17,174,4.9,True,Damaged
FB002998,Shoes,Uniqlo,Central,Indore,Boutique,Spring,M,Pink,2961.46,15.7,2496.51,2025-11-24,175,4.8,False,
FB002999,Tops,Allen Solly,North,Kanpur,Boutique,Winter,S,Blue,1496.0,9.6,1352.38,2025-03-18,235,3.6,True,Damaged
FB003000,Bottoms,Allen Solly,West,Ahmedabad,Outlet,Summer,L,Green,2899.45,43.5,1638.19,2025-04-05,203,2.3,True,Size Issue
FB003001,Bottoms,Uniqlo,Central,Indore,Boutique,Winter,XS,Green,2990.9,27.5,2168.4,2025-08-28,478,2.7,False,
FB003002,Shoes,Zara,West,Ahmedabad,Boutique,Winter,XL,Black,1708.5,7.0,1588.9,2025-04-04,392,4.2,False,
FB003003,Tops,Adidas,East,Kolkata,Boutique,Fall,L,Red,2146.67,29.8,1506.96,2025-02-02,341,3.7,False,
FB003004,Tops,Allen Solly,West,Surat,Boutique,Summer,L,Brown,2354.98,7.0,2190.13,2025-03-21,401,4.4,False,
FB003005,Accessories,Zara,Central,Indore,Outlet,Summer,M,Green,1445.39,40.9,854.23,2025-01-25,261,3.9,True,Damaged
FB003006,Tops,Zara,Central,Indore,Outlet,Summer,M,Brown,710.4,43.6,400.67,2025-01-10,438,2.7,False,
FB003007,Tops,Uniqlo,North,Jaipur,Boutique,Fall,L,Green,2861.64,28.7,2040.35,2025-11-18,234,2.3,False,
FB003008,Tops,Uniqlo,West,Nagpur,Boutique,Winter,L,Black,2763.48,8.6,2525.82,2025-09-19,213,3.2,False,
FB003009,Shoes,Levis,East,Kolkata,Outlet,Summer,XL,Green,2647.23,46.7,1410.97,2025-12-20,48,3.5,False,
FB003010,Dresses,Puma,North,Delhi,Flagship,Spring,XL,Black,1523.57,8.1,1400.16,2025-12-06,472,2.4,False,
FB003011,Shoes,Puma,West,Pune,Boutique,Fall,L,Brown,1135.82,3.0,1101.75,2025-02-14,464,2.6,True,
FB003012,Bottoms,Allen Solly,West,Surat,Boutique,Summer,XS,Blue,884.38,2.0,866.69,2025-08-02,349,4.7,False,
FB003013,Bottoms,Allen Solly,East,Kolkata,Boutique,Fall,M,Pink,1019.93,14.5,872.04,2025-10-17,318,3.5,False,
FB003014,Tops,Uniqlo,West,Ahmedabad,Boutique,Fall,XS,Black,1020.09,23.8,777.31,2025-05-20,368,3.6,False,
FB003015,Bottoms,H&M,South,Hyderabad,Boutique,Winter,M,White,2638.16,19.4,2126.36,2025-01-12,384,3.3,False,
FB003016,Tops,FabIndia,Central,Indore,Boutique,Fall,M,Blue,2029.01,0.0,2029.01,2025-02-28,48,2.5,True,Late Delivery
FB003017,Shoes,Adidas,North,Kanpur,Boutique,Fall,XS,Blue,1075.93,11.0,957.58,2025-04-10,83,3.2,True,Color Mismatch
FB003018,Tops,Levis,South,Hyderabad,Boutique,Winter,S,Black,2149.76,8.0,1977.78,2025-12-07,57,2.4,True,Damaged
FB003019,Accessories,Puma,North,Kanpur,Outlet,Fall,M,White,2332.84,30.9,1611.99,2025-11-08,476,4.6,True,
FB003020,Tops,Zara,Central,Indore,Outlet,Winter,M,Brown,1206.16,49.2,612.73,2025-08-09,455,2.9,False,
FB003021,Tops,FabIndia,North,Lucknow,Boutique,Winter,XL,Brown,2135.4,8.9,1945.35,2025-12-04,266,4.4,False,
FB003022,Shoes,H&M,West,Pune,Boutique,Fall,XL,Blue,2013.8,10.6,1800.34,2025-05-28,332,2.0,False,
FB003023,Shoes,Allen Solly,Central,Indore,Boutique,Fall,L,White,2353.72,3.9,2261.92,2025-10-19,261,4.0,False,
FB003024,Tops,H&M,South,Hyderabad,Boutique,Summer,XL,Pink,2276.92,18.2,1862.52,2025-09-18,33,4.5,False,
FB003025,Bottoms,FabIndia,West,Pune,Outlet,Spring,M,Blue,1735.04,34.1,1143.39,2025-11-28,107,3.4,False,
FB003026,Shoes,Uniqlo,East,Kolkata,Boutique,Winter,S,Black,683.32,23.2,524.79,2025-05-27,291,4.6,True,Damaged
FB003027,Outerwear,H&M,South,Chennai,Flagship,Winter,XL,Grey,2252.35,21.7,1763.59,2025-06-18,308,4.5,True,Late Delivery
FB003028,Outerwear,Allen Solly,North,Lucknow,Flagship,Winter,M,Black,1524.26,21.9,1190.45,2025-07-01,470,2.6,False,
FB003029,Tops,H&M,South,Bangalore,Outlet,Winter,M,Red,2759.02,39.8,1660.93,2025-03-17,474,3.1,True,
FB003030,Dresses,Zara,West,Surat,Flagship,Spring,L,Brown,1852.06,38.7,1135.31,2025-09-24,266,2.6,True,
FB003031,Outerwear,FabIndia,South,Bangalore,Flagship,Spring,S,Blue,1206.66,44.4,670.9,2025-01-30,241,4.3,False,
FB003032,Tops,Zara,West,Pune,Boutique,Summer,M,Green,2928.66,13.4,2536.22,2025-09-06,193,4.6,True,
FB003033,Outerwear,Zara,North,Jaipur,Flagship,Spring,L,Green,2960.88,14.9,2519.71,2025-12-14,456,4.3,True,Color Mismatch
FB003034,Tops,FabIndia,North,Kanpur,Boutique,Spring,S,Pink,1885.38,22.4,1463.05,2025-05-26,267,3.1,True,Late Delivery
FB003035,Tops,Allen Solly,Central,Indore,Outlet,Fall,XS,Green,1338.14,48.1,694.49,2025-06-25,47,2.1,False,
FB003036,Outerwear,Levis,East,Kolkata,Flagship,Winter,XS,Black,2333.99,23.4,1787.84,2025-10-04,229,4.0,True,Color Mismatch
FB003037,Tops,Nike,South,Bangalore,Boutique,Spring,M,Pink,1340.81,24.8,1008.29,2025-10-19,401,2.7,True,
FB003038,Outerwear,Nike,West,Pune,Flagship,Winter,XS,Blue,974.15,26.1,719.9,2025-12-28,478,3.5,True,
FB003039,Bottoms,Zara,North,Jaipur,Boutique,Fall,S,Grey,1285.09,15.3,1088.47,2025-06-23,272,2.7,False,
FB003040,Outerwear,Nike,West,Nagpur,Flagship,Winter,XL,Pink,2991.12,41.7,1743.82,2025-11-27,164,2.5,True,Damaged
FB003041,Bottoms,Allen Solly,North,Jaipur,Outlet,Winter,XL,Pink,2477.71,42.9,1414.77,2025-11-18,214,4.3,False,
FB003042,Tops,H&M,West,Ahmedabad,Boutique,Spring,XL,Pink,2905.45,18.1,2379.56,2025-08-24,158,4.9,True,Late Delivery
FB003043,Tops,H&M,Central,Indore,Outlet,Spring,L,Brown,604.65,46.3,324.7,2025-01-19,278,3.3,True,Color Mismatch
FB003044,Tops,Nike,West,Surat,Boutique,Fall,S,Pink,2962.44,10.0,2666.2,2025-04-26,140,2.8,True,Size Issue
FB003045,Outerwear,Allen Solly,South,Chennai,Flagship,Summer,L,Green,1194.34,16.7,994.89,2025-01-22,386,3.8,True,Late Delivery
FB003046,Tops,Nike,North,Kanpur,Boutique,Winter,S,Pink,885.67,10.3,794.45,2025-02-21,445,2.4,True,
FB003047,Bottoms,FabIndia,West,Ahmedabad,Outlet,Winter,S,Red,2372.82,46.1,1278.95,2025-01-20,364,2.1,True,Damaged
FB003048,Tops,Levis,East,Kolkata,Boutique,Summer,XL,Green,2057.58,4.2,1971.16,2025-11-19,249,3.8,True,Size Issue
FB003049,Outerwear,Allen Solly,West,Ahmedabad,Flagship,Winter,L,Pink,1031.19,7.4,954.88,2025-06-10,67,2.5,True,Size Issue
FB003050,Tops,Levis,East,Kolkata,Boutique,Summer,XS,Grey,2621.46,7.6,2422.23,2025-03-19,145,2.4,False,
FB003051,Bottoms,Zara,East,Kolkata,Outlet,Summer,M,Blue,934.58,43.3,529.91,2025-12-10,243,3.1,False,
FB003052,Bottoms,FabIndia,North,Jaipur,Boutique,Winter,L,Black,516.52,15.6,435.94,2025-07-16,198,4.7,True,
FB003053,Tops,Puma,East,Kolkata,Boutique,Winter,XS,Grey,1293.19,13.8,1114.73,2025-12-14,485,4.5,True,Damaged
FB003054,Dresses,Allen Solly,North,Delhi,Flagship,Winter,L,Red,626.32,44.3,348.86,2025-05-25,337,2.9,False,
FB003055,Outerwear,Allen Solly,North,Jaipur,Flagship,Fall,S,Red,1116.02,0.4,1111.56,2025-02-14,368,3.2,True,Damaged
FB003056,Tops,Levis,North,Delhi,Boutique,Winter,XS,Black,1963.56,22.8,1515.87,2025-05-29,344,3.2,True,Size Issue
FB003057,Dresses,Levis,East,Kolkata,Flagship,Fall,XL,Green,1551.05,16.4,1296.68,2025-01-17,277,4.7,True,Damaged
FB003058,Bottoms,FabIndia,West,Ahmedabad,Boutique,Winter,S,Blue,1689.91,19.4,1362.07,2025-02-01,76,3.6,False,
FB003059,Tops,FabIndia,East,Kolkata,Outlet,Fall,S,Green,1448.35,37.9,899.43,2025-10-21,344,3.4,True,Late Delivery
FB003060,Outerwear,Levis,West,Surat,Flagship,Spring,L,Blue,2155.96,43.4,1220.27,2025-04-11,500,2.4,False,
FB003061,Shoes,Zara,South,Hyderabad,Outlet,Winter,L,Black,1437.77,37.1,904.36,2025-04-07,459,2.9,False,
FB003062,Bottoms,Uniqlo,South,Chennai,Boutique,Summer,M,Red,1569.63,18.6,1277.68,2025-07-14,334,3.7,True,Damaged
FB003063,Tops,Uniqlo,North,Lucknow,Outlet,Winter,XS,Green,1854.8,49.4,938.53,2025-06-04,245,4.2,False,
FB003064,Dresses,FabIndia,East,Kolkata,Flagship,Summer,S,Pink,1017.34,26.4,748.76,2025-08-20,267,2.5,False,
FB003065,Tops,Nike,South,Chennai,Boutique,Winter,S,Pink,2167.29,23.3,1662.31,2025-05-20,185,3.4,True,Late Delivery
FB003066,Bottoms,H&M,Central,Indore,Boutique,Fall,L,Brown,2210.09,6.2,2073.06,2025-08-07,49,3.4,False,
FB003067,Shoes,Zara,East,Kolkata,Boutique,Winter,S,Grey,2175.77,17.1,1803.71,2025-12-26,192,3.1,False,
FB003068,Outerwear,H&M,West,Pune,Flagship,Fall,S,Green,2220.86,32.6,1496.86,2025-05-29,27,2.3,True,Damaged
FB003069,Tops,Adidas,South,Chennai,Outlet,Fall,XL,Red,2101.24,47.5,1103.15,2025-03-09,217,4.1,False,
FB003070,Shoes,Allen Solly,North,Lucknow,Boutique,Summer,M,White,506.37,22.7,391.42,2025-07-02,430,3.7,False,
FB003071,Dresses,Allen Solly,North,Kanpur,Flagship,Summer,S,Pink,1907.57,21.4,1499.35,2025-01-09,359,2.4,True,Size Issue
FB003072,Tops,Nike,South,Chennai,Boutique,Winter,XL,Green,636.39,8.4,582.93,2025-06-04,323,3.9,False,
FB003073,Dresses,Adidas,North,Kanpur,Flagship,Fall,XL,Pink,1568.47,28.4,1123.02,2025-09-03,401,4.9,True,Damaged
FB003074,Dresses,FabIndia,North,Lucknow,Flagship,Summer,XL,Red,2319.49,9.3,2103.78,2025-02-27,374,4.0,True,Color Mismatch
FB003075,Bottoms,Uniqlo,South,Bangalore,Outlet,Summer,S,Blue,1248.47,45.1,685.41,2025-10-02,194,4.2,True,
FB003076,Tops,Uniqlo,South,Chennai,Outlet,Summer,S,Red,1012.43,31.7,691.49,2025-10-01,390,3.0,True,Late Delivery
FB003077,Outerwear,Allen Solly,North,Delhi,Flagship,Spring,L,Blue,2984.25,41.2,1754.74,2025-08-11,15,2.8,False,
FB003078,Bottoms,Adidas,East,Kolkata,Outlet,Winter,XS,White,1847.52,32.9,1239.69,2025-03-13,346,3.0,True,
FB003079,Shoes,Uniqlo,West,Surat,Outlet,Spring,L,Grey,2397.3,46.6,1280.16,2025-09-23,474,3.3,False,
FB003080,Bottoms,Puma,North,Kanpur,Outlet,Winter,L,Blue,1680.49,47.4,883.94,2025-11-08,364,3.2,False,
FB003081,Shoes,FabIndia,West,Surat,Boutique,Fall,XS,Green,2433.32,21.8,1902.86,2025-03-18,200,4.6,False,
FB003082,Dresses,FabIndia,Central,Indore,Flagship,Winter,M,Brown,1957.39,7.6,1808.63,2025-01-03,251,2.2,True,
FB003083,Tops,Zara,North,Kanpur,Outlet,Fall,XL,Brown,707.46,43.6,399.01,2025-02-08,80,3.9,False,
FB003084,Outerwear,Allen Solly,North,Kanpur,Flagship,Winter,M,Blue,2034.81,40.6,1208.68,2025-07-03,36,4.2,True,
FB003085,Bottoms,Nike,South,Bangalore,Boutique,Fall,M,Red,1565.84,9.8,1412.39,2025-06-09,145,5.0,True,Late Delivery
FB003086,Tops,Nike,North,Kanpur,Outlet,Winter,XS,White,1791.97,34.9,1166.57,2025-05-01,369,2.8,True,Color Mismatch
FB003087,Outerwear,FabIndia,South,Hyderabad,Flagship,Spring,XL,Pink,2001.85,7.1,1859.72,2025-04-05,133,3.1,False,
FB003088,Accessories,FabIndia,East,Kolkata,Outlet,Fall,M,Blue,2360.74,33.0,1581.7,2025-06-28,162,4.6,True,Damaged
FB003089,Bottoms,Puma,West,Mumbai,Boutique,Spring,M,Grey,900.83,15.9,757.6,2025-04-22,412,2.3,True,Size Issue
FB003090,Shoes,Puma,East,Kolkata,Boutique,Summer,XL,Brown,2011.74,14.3,1724.06,2025-12-18,306,4.7,True,Color Mismatch
FB003091,Tops,Zara,North,Kanpur,Boutique,Spring,XL,Red,1434.34,4.4,1371.23,2025-01-12,394,3.5,False,
FB003092,Bottoms,Uniqlo,West,Mumbai,Outlet,Winter,XL,Green,1794.21,45.5,977.84,2025-11-03,443,2.2,False,
FB003093,Tops,Zara,South,Hyderabad,Outlet,Spring,XS,White,825.0,41.7,480.97,2025-12-14,37,2.3,True,Late Delivery
FB003094,Bottoms,Nike,North,Lucknow,Boutique,Spring,M,Black,2094.22,4.5,1999.98,2025-09-14,264,3.2,True,Color Mismatch
FB003095,Dresses,Zara,West,Surat,Flagship,Fall,L,Blue,2216.2,0.6,2202.9,2025-04-11,198,3.7,False,
FB003096,Shoes,Nike,East,Kolkata,Outlet,Summer,XL,Brown,1634.46,49.6,823.77,2025-12-15,211,2.5,False,
FB003097,Shoes,Allen Solly,North,Delhi,Boutique,Winter,S,White,2156.75,12.5,1887.16,2025-07-09,120,2.5,True,Color Mismatch
FB003098,Tops,Levis,East,Kolkata,Boutique,Spring,L,Red,2377.19,22.1,1851.83,2025-03-06,108,3.1,True,Damaged
FB003099,Tops,Adidas,West,Pune,Outlet,Spring,S,Grey,1998.06,40.7,1184.85,2025-03-06,37,2.7,False,
FB003100,Bottoms,FabIndia,Central,Indore,Outlet,Spring,M,Black,1543.12,46.7,822.48,2025-08-26,491,4.9,True,Color Mismatch
FB003101,Bottoms,Nike,East,Kolkata,Outlet,Winter,XS,Black,2484.11,43.6,1401.04,2025-05-09,267,3.2,False,
FB003102,Shoes,Zara,East,Kolkata,Boutique,Summer,M,White,1251.52,12.3,1097.58,2025-06-05,402,4.2,False,
FB003103,Outerwear,Zara,North,Jaipur,Flagship,Summer,XS,Black,690.29,16.8,574.32,2025-09-26,39,4.6,True,Color Mismatch
FB003104,Shoes,FabIndia,South,Hyderabad,Outlet,Winter,L,Green,1291.76,32.1,877.11,2025-04-02,268,2.5,False,
FB003105,Shoes,Puma,East,Kolkata,Boutique,Spring,XS,Grey,871.93,9.8,786.48,2025-01-27,252,4.6,False,
FB003106,Bottoms,Levis,West,Pune,Boutique,Spring,L,White,2183.28,23.0,1681.13,2025-09-27,77,3.0,False,
FB003107,Shoes,Zara,South,Bangalore,Boutique,Winter,XL,White,1590.88,17.7,1309.29,2025-11-17,156,2.7,False,
FB003108,Bottoms,Zara,South,Bangalore,Outlet,Summer,XS,Black,2544.48,39.0,1552.13,2025-09-05,136,4.6,False,
FB003109,Accessories,Nike,West,Pune,Outlet,Summer,XL,Brown,2298.39,33.0,1539.92,2025-01-27,257,3.9,False,
FB003110,Dresses,Puma,South,Hyderabad,Flagship,Fall,M,Green,1359.1,11.8,1198.73,2025-08-23,142,2.3,True,Color Mismatch
FB003111,Shoes,Levis,North,Lucknow,Boutique,Summer,S,Black,1624.91,1.4,1602.16,2025-06-16,363,3.9,True,Size Issue
FB003112,Tops,Zara,South,Bangalore,Boutique,Winter,XL,Grey,1916.59,29.1,1358.86,2025-07-27,294,2.1,True,
FB003113,Tops,Adidas,Central,Indore,Outlet,Spring,XS,Black,1329.99,40.0,797.99,2025-04-25,215,2.4,True,Damaged
FB003114,Accessories,Adidas,South,Chennai,Outlet,Winter,S,Brown,746.2,39.3,452.94,2025-07-04,450,4.0,True,
FB003115,Bottoms,Adidas,East,Kolkata,Boutique,Summer,XL,White,781.1,8.7,713.14,2025-02-13,139,3.4,False,
FB003116,Dresses,Puma,East,Kolkata,Flagship,Winter,XS,Red,2907.2,2.5,2834.52,2025-12-31,338,2.6,False,
FB003117,Bottoms,H&M,Central,Indore,Outlet,Summer,XS,Red,1065.5,44.0,596.68,2025-01-25,279,2.8,False,
FB003118,Bottoms,Puma,South,Bangalore,Boutique,Summer,M,Grey,1431.96,25.5,1066.81,2025-12-06,201,2.7,True,Damaged
FB003119,Tops,Puma,Central,Indore,Boutique,Fall,S,Grey,1315.91,23.0,1013.25,2025-04-20,461,4.9,True,Color Mismatch
FB003120,Dresses,Levis,West,Surat,Flagship,Spring,S,Brown,2018.8,33.8,1336.45,2025-01-14,125,4.5,False,
FB003121,Accessories,FabIndia,Central,Indore,Boutique,Spring,XL,Black,1747.12,7.3,1619.58,2025-08-21,469,3.4,False,
FB003122,Bottoms,FabIndia,Central,Indore,Boutique,Fall,XS,Black,644.66,6.1,605.34,2025-09-18,357,2.9,False,
FB003123,Outerwear,Adidas,West,Mumbai,Flagship,Winter,S,Pink,1608.93,7.0,1496.3,2025-07-30,20,2.3,True,Color Mismatch
FB003124,Outerwear,Uniqlo,South,Bangalore,Flagship,Winter,XL,Green,2272.46,10.5,2033.85,2025-03-20,455,2.3,True,Color Mismatch
FB003125,Tops,Allen Solly,South,Bangalore,Boutique,Summer,L,Pink,2767.19,20.2,2208.22,2025-01-15,444,2.5,True,Late Delivery
FB003126,Tops,Allen Solly,North,Kanpur,Boutique,Winter,XS,Green,1259.66,9.6,1138.73,2025-10-25,236,4.3,True,
FB003127,Dresses,FabIndia,South,Bangalore,Flagship,Summer,XL,Blue,992.18,40.6,589.35,2025-12-15,280,4.1,False,
FB003128,Outerwear,Puma,Central,Indore,Flagship,Fall,XL,White,1570.25,42.2,907.6,2025-12-15,235,3.5,True,
FB003129,Bottoms,H&M,South,Hyderabad,Boutique,Winter,L,Green,2422.85,11.7,2139.38,2025-01-02,497,2.6,True,Color Mismatch
FB003130,Shoes,FabIndia,East,Kolkata,Outlet,Fall,L,Brown,884.98,39.6,534.53,2025-03-09,304,3.0,False,
FB003131,Dresses,Uniqlo,Central,Indore,Flagship,Fall,L,Grey,605.97,50.0,302.99,2025-04-19,489,4.4,False,
FB003132,Outerwear,Adidas,East,Kolkata,Flagship,Winter,M,Grey,1272.13,35.5,820.52,2025-10-13,167,3.9,True,Damaged
FB003133,Shoes,Levis,South,Chennai,Boutique,Summer,XL,Grey,1162.77,26.2,858.12,2025-05-06,406,4.3,False,
FB003134,Dresses,Levis,East,Kolkata,Flagship,Spring,XS,Black,859.16,38.7,526.67,2025-01-01,401,3.0,True,Damaged
FB003135,Outerwear,Adidas,East,Kolkata,Flagship,Summer,S,Pink,2239.57,37.6,1397.49,2025-12-21,107,4.3,False,
FB003136,Tops,FabIndia,North,Lucknow,Boutique,Fall,L,Red,543.53,2.5,529.94,2025-02-24,397,4.8,False,
FB003137,Dresses,Puma,South,Chennai,Flagship,Winter,S,White,2111.52,49.4,1068.43,2025-08-05,419,3.5,True,
FB003138,Outerwear,H&M,West,Ahmedabad,Flagship,Winter,XS,Black,2093.03,15.7,1764.42,2025-05-17,212,2.2,False,
FB003139,Shoes,Allen Solly,South,Chennai,Outlet,Summer,S,Green,1203.21,44.9,662.97,2025-05-01,229,4.4,True,
FB003140,Outerwear,Levis,East,Kolkata,Flagship,Fall,S,Brown,1649.31,41.5,964.85,2025-04-12,454,4.5,False,
FB003141,Bottoms,Levis,East,Kolkata,Boutique,Summer,XS,Blue,2106.72,20.1,1683.27,2025-06-13,297,3.1,True,Size Issue
FB003142,Dresses,H&M,Central,Indore,Flagship,Spring,M,Green,2467.05,38.5,1517.24,2025-10-01,482,2.8,False,
FB003143,Outerwear,H&M,East,Kolkata,Flagship,Winter,XS,Blue,1322.82,29.0,939.2,2025-09-29,423,2.7,False,
FB003144,Tops,FabIndia,South,Chennai,Outlet,Summer,XS,Black,1151.88,35.5,742.96,2025-08-26,40,3.7,True,Damaged
FB003145,Outerwear,Nike,East,Kolkata,Flagship,Winter,XS,Blue,1370.5,23.2,1052.54,2025-08-28,208,2.3,False,
FB003146,Bottoms,Levis,West,Surat,Boutique,Fall,XL,Brown,1395.67,9.9,1257.5,2025-07-20,423,4.0,False,
FB003147,Outerwear,Allen Solly,East,Kolkata,Flagship,Fall,M,Pink,1062.82,41.5,621.75,2025-09-03,71,2.8,False,
FB003148,Bottoms,Zara,South,Hyderabad,Boutique,Spring,XL,Blue,2547.01,23.7,1943.37,2025-12-31,152,3.7,False,
FB003149,Tops,Puma,Central,Indore,Boutique,Winter,XL,Red,882.73,2.9,857.13,2025-03-24,481,3.9,False,
FB003150,Shoes,Adidas,East,Kolkata,Boutique,Winter,M,Green,2829.55,21.0,2235.34,2025-02-09,459,3.3,False,
FB003151,Dresses,Puma,North,Delhi,Flagship,Summer,XS,Blue,2924.15,43.6,1649.22,2025-12-04,398,3.6,False,
FB003152,Outerwear,FabIndia,West,Surat,Flagship,Spring,XS,Blue,693.06,17.7,570.39,2025-11-09,363,3.5,True,Size Issue
FB003153,Tops,H&M,South,Bangalore,Outlet,Fall,XL,Pink,1221.45,32.3,826.92,2025-11-02,216,2.9,False,
FB003154,Bottoms,H&M,Central,Indore,Boutique,Summer,S,Green,1011.69,5.2,959.08,2025-09-13,390,4.6,True,Damaged
FB003155,Tops,Allen Solly,South,Hyderabad,Outlet,Fall,XL,Brown,2049.94,37.9,1273.01,2025-12-08,366,4.6,False,
FB003156,Tops,Puma,East,Kolkata,Boutique,Winter,XS,Blue,1043.13,16.1,875.19,2025-03-16,157,3.7,False,
FB003157,Tops,Adidas,East,Kolkata,Boutique,Fall,XS,Blue,2529.15,8.9,2304.06,2025-11-21,416,4.3,False,
FB003158,Dresses,Levis,West,Surat,Flagship,Winter,XL,Red,2306.76,21.9,1801.58,2025-02-02,196,2.3,False,
FB003159,Dresses,Uniqlo,Central,Indore,Flagship,Spring,XS,Grey,666.94,7.6,616.25,2025-05-25,160,2.5,True,Color Mismatch
FB003160,Outerwear,Levis,North,Kanpur,Flagship,Fall,M,Black,1099.47,13.4,952.14,2025-07-14,195,4.0,False,
FB003161,Bottoms,FabIndia,East,Kolkata,Outlet,Spring,S,Grey,637.3,45.5,347.33,2025-07-13,399,3.4,True,Color Mismatch
FB003162,Accessories,Puma,Central,Indore,Outlet,Summer,XS,Red,1221.71,40.8,723.25,2025-10-16,196,2.5,True,Late Delivery
FB003163,Shoes,Zara,South,Bangalore,Boutique,Fall,S,Brown,782.42,28.8,557.08,2025-02-09,48,4.4,False,
FB003164,Tops,Levis,North,Lucknow,Outlet,Winter,L,Brown,2544.45,35.8,1633.54,2025-06-05,192,4.2,False,
FB003165,Accessories,Nike,West,Mumbai,Boutique,Fall,S,Green,1983.76,12.1,1743.73,2025-02-22,382,3.9,True,Color Mismatch
FB003166,Tops,Levis,North,Jaipur,Boutique,Spring,S,Brown,1951.7,10.4,1748.72,2025-04-24,190,2.1,False,
FB003167,Bottoms,Zara,South,Chennai,Boutique,Summer,S,Black,2233.58,4.1,2142.0,2025-06-23,353,2.1,True,Late Delivery
FB003168,Outerwear,H&M,South,Hyderabad,Flagship,Summer,L,Pink,2863.77,2.4,2795.04,2025-06-20,375,3.6,False,
FB003169,Tops,Zara,East,Kolkata,Boutique,Winter,M,Black,1629.69,8.0,1499.31,2025-03-13,51,2.6,True,
FB003170,Dresses,H&M,East,Kolkata,Flagship,Summer,L,White,2171.81,31.6,1485.52,2025-03-25,383,2.1,False,
FB003171,Tops,FabIndia,South,Bangalore,Outlet,Summer,XL,White,960.97,49.8,482.41,2025-01-24,335,3.4,False,
FB003172,Outerwear,Allen Solly,North,Delhi,Flagship,Fall,M,Green,932.81,10.1,838.6,2025-01-09,261,2.5,False,
FB003173,Dresses,Uniqlo,North,Kanpur,Flagship,Fall,XS,Red,2405.53,38.7,1474.59,2025-01-28,273,2.1,True,Damaged
FB003174,Accessories,Nike,North,Kanpur,Outlet,Winter,XS,Grey,1684.7,34.9,1096.74,2025-04-05,188,2.9,False,
FB003175,Shoes,Allen Solly,Central,Indore,Boutique,Winter,M,Grey,801.63,22.3,622.87,2025-11-05,436,2.6,True,
FB003176,Shoes,Levis,West,Ahmedabad,Boutique,Spring,XS,White,702.42,25.9,520.49,2025-05-02,329,4.2,True,Late Delivery
FB003177,Bottoms,Levis,North,Lucknow,Boutique,Summer,L,Black,2885.8,28.4,2066.23,2025-12-21,58,3.0,False,
FB003178,Outerwear,Levis,West,Mumbai,Flagship,Summer,M,Blue,777.16,6.4,727.42,2025-04-03,314,3.8,False,
FB003179,Outerwear,Uniqlo,North,Jaipur,Flagship,Spring,M,Brown,2840.29,23.6,2169.98,2025-08-13,179,3.9,True,
FB003180,Tops,Nike,North,Lucknow,Outlet,Summer,M,Green,1503.02,33.2,1004.02,2025-07-19,100,4.6,True,Late Delivery
FB003181,Accessories,Adidas,North,Lucknow,Outlet,Spring,XL,Brown,588.05,38.9,359.3,2025-04-08,101,3.4,True,Size Issue
FB003182,Shoes,Uniqlo,East,Kolkata,Outlet,Fall,M,White,637.2,42.3,367.66,2025-06-11,455,2.4,False,
FB003183,Outerwear,Adidas,West,Nagpur,Flagship,Summer,XL,Blue,1039.05,41.9,603.69,2025-02-25,444,4.3,False,
FB003184,Bottoms,Nike,West,Pune,Boutique,Winter,M,Red,1274.48,6.9,1186.54,2025-08-04,484,4.2,False,
FB003185,Shoes,Adidas,West,Nagpur,Boutique,Winter,L,Red,1330.74,27.2,968.78,2025-11-11,69,3.1,False,
FB003186,Tops,H&M,East,Kolkata,Outlet,Winter,M,Grey,2307.59,45.7,1253.02,2025-11-16,150,4.9,True,Late Delivery
FB003187,Shoes,Levis,Central,Indore,Boutique,Winter,XL,Grey,2600.1,28.1,1869.47,2025-10-04,306,2.2,False,
FB003188,Outerwear,Allen Solly,East,Kolkata,Flagship,Fall,XL,White,2545.41,39.2,1547.61,2025-08-07,452,2.7,False,
FB003189,Dresses,Zara,East,Kolkata,Flagship,Fall,XL,Brown,2837.63,23.9,2159.44,2025-12-14,177,3.8,True,Size Issue
FB003190,Outerwear,Allen Solly,East,Kolkata,Flagship,Summer,M,Black,720.61,21.3,567.12,2025-08-27,82,4.4,True,Color Mismatch
FB003191,Dresses,Puma,Central,Indore,Flagship,Spring,M,Red,1931.18,38.4,1189.61,2025-02-02,90,4.4,False,
FB003192,Dresses,Adidas,West,Mumbai,Flagship,Fall,XL,Red,1356.92,4.0,1302.64,2025-07-15,149,4.8,False,
FB003193,Shoes,Allen Solly,West,Ahmedabad,Boutique,Winter,S,Black,728.27,14.3,624.13,2025-04-19,131,2.5,True,Size Issue
FB003194,Bottoms,Puma,West,Ahmedabad,Outlet,Summer,XS,Red,2267.23,43.1,1290.05,2025-04-09,448,2.4,False,
FB003195,Outerwear,Zara,West,Nagpur,Flagship,Spring,XL,Grey,2832.58,34.3,1861.01,2025-07-19,23,4.1,True,Size Issue
FB003196,Dresses,FabIndia,Central,Indore,Flagship,Summer,S,Red,1299.75,36.6,824.04,2025-04-13,380,4.5,True,Size Issue
FB003197,Tops,Zara,East,Kolkata,Outlet,Fall,S,Green,1715.04,46.0,926.12,2025-10-17,93,2.4,False,
FB003198,Bottoms,Nike,North,Jaipur,Outlet,Summer,XS,Red,2977.93,37.5,1861.21,2025-01-06,406,3.3,True,
FB003199,Outerwear,Allen Solly,North,Lucknow,Flagship,Winter,L,Blue,2313.04,50.0,1156.52,2025-03-23,81,3.4,True,Damaged
FB003200,Shoes,Puma,West,Nagpur,Boutique,Summer,M,Green,2167.02,18.0,1776.96,2025-10-13,405,3.1,True,Size Issue
FB003201,Bottoms,Levis,South,Hyderabad,Outlet,Fall,M,Blue,2475.03,49.6,1247.42,2025-12-22,41,4.9,False,
FB003202,Outerwear,H&M,East,Kolkata,Flagship,Spring,XS,Brown,2377.87,3.0,2306.53,2025-07-08,69,4.0,False,
FB003203,Shoes,Nike,North,Lucknow,Boutique,Winter,XL,White,2310.11,7.3,2141.47,2025-03-27,384,2.8,False,
FB003204,Accessories,Puma,Central,Indore,Boutique,Summer,XL,Grey,2250.57,2.2,2201.06,2025-05-19,351,2.5,False,
FB003205,Tops,H&M,West,Pune,Boutique,Fall,XL,Brown,2990.96,4.5,2856.37,2025-09-23,420,4.6,True,Color Mismatch
FB003206,Shoes,FabIndia,Central,Indore,Outlet,Fall,S,Grey,794.58,46.1,428.28,2025-03-21,73,3.6,False,
FB003207,Tops,Allen Solly,Central,Indore,Outlet,Summer,XS,Grey,685.22,33.5,455.67,2025-06-17,403,2.5,True,Damaged
FB003208,Shoes,Zara,Central,Indore,Boutique,Fall,XS,White,2824.85,6.0,2655.36,2025-10-11,155,4.7,True,Size Issue
FB003209,Bottoms,Adidas,North,Kanpur,Boutique,Summer,M,Red,877.95,29.8,616.32,2025-01-29,376,3.0,False,
FB003210,Shoes,Allen Solly,Central,Indore,Outlet,Fall,S,Pink,1082.12,41.5,633.04,2025-05-05,406,3.3,True,Late Delivery
FB003211,Tops,Allen Solly,South,Chennai,Outlet,Fall,L,Red,561.98,32.3,380.46,2025-06-01,210,4.5,False,
FB003212,Outerwear,Zara,Central,Indore,Flagship,Fall,L,Blue,1445.82,43.2,821.23,2025-09-29,308,4.9,True,
FB003213,Tops,Uniqlo,West,Ahmedabad,Boutique,Summer,S,Blue,2727.21,20.1,2179.04,2025-06-05,477,4.3,True,
FB003214,Outerwear,Nike,South,Hyderabad,Flagship,Winter,S,Blue,2084.85,38.4,1284.27,2025-08-23,283,4.6,True,Damaged
FB003215,Accessories,Adidas,South,Chennai,Boutique,Summer,XL,Pink,2704.11,19.2,2184.92,2025-12-22,298,2.5,False,
FB003216,Dresses,H&M,North,Jaipur,Flagship,Spring,XL,Black,688.43,49.9,344.9,2025-03-31,232,2.0,True,
FB003217,Accessories,Adidas,North,Lucknow,Outlet,Spring,S,Red,1693.35,49.3,858.53,2025-01-16,294,2.9,True,Damaged
FB003218,Outerwear,Zara,South,Chennai,Flagship,Winter,XS,Red,2167.22,28.0,1560.4,2025-05-08,32,3.2,True,Damaged
FB003219,Tops,Zara,North,Kanpur,Boutique,Fall,XL,Blue,1945.22,27.2,1416.12,2025-02-19,208,4.0,True,
FB003220,Shoes,Allen Solly,South,Chennai,Boutique,Fall,L,White,1573.13,26.9,1149.96,2025-07-12,242,2.9,True,Color Mismatch
FB003221,Shoes,Puma,Central,Indore,Outlet,Summer,M,Green,2231.62,39.2,1356.82,2025-10-08,365,3.5,False,
FB003222,Tops,H&M,South,Bangalore,Boutique,Fall,M,White,1127.7,14.9,959.67,2025-08-20,438,3.6,False,
FB003223,Shoes,Puma,East,Kolkata,Outlet,Spring,L,Green,1899.07,48.2,983.72,2025-11-11,366,2.0,False,
FB003224,Dresses,FabIndia,West,Mumbai,Flagship,Fall,S,Blue,1827.12,44.5,1014.05,2025-09-18,481,2.1,False,
FB003225,Accessories,Puma,North,Delhi,Outlet,Spring,XS,White,1038.62,31.2,714.57,2025-10-13,357,3.0,True,
FB003226,Tops,Nike,West,Pune,Outlet,Fall,S,Black,536.85,37.3,336.6,2025-02-08,104,2.9,False,
FB003227,Tops,Uniqlo,Central,Indore,Boutique,Spring,L,Black,1953.24,16.3,1634.86,2025-10-14,195,2.2,True,Size Issue
FB003228,Accessories,Zara,South,Bangalore,Boutique,Winter,L,Black,2856.45,22.7,2208.04,2025-03-22,398,4.7,True,Size Issue
FB003229,Outerwear,FabIndia,North,Lucknow,Flagship,Winter,L,Red,2603.36,36.5,1653.13,2025-07-16,11,2.9,True,
FB003230,Tops,Levis,West,Nagpur,Boutique,Winter,XL,Red,2003.54,12.7,1749.09,2025-05-07,22,4.4,False,
FB003231,Dresses,Adidas,East,Kolkata,Flagship,Spring,S,Green,2200.42,32.5,1485.28,2025-01-11,375,3.2,False,
FB003232,Shoes,FabIndia,North,Lucknow,Boutique,Summer,L,Blue,875.47,13.9,753.78,2025-11-30,329,4.5,False,
FB003233,Outerwear,Nike,West,Mumbai,Flagship,Summer,L,Blue,2822.22,19.0,2286.0,2025-09-14,334,4.7,True,Late Delivery
FB003234,Tops,FabIndia,East,Kolkata,Boutique,Spring,XS,Pink,1649.97,27.2,1201.18,2025-06-28,250,2.6,False,
FB003235,Tops,Adidas,Central,Indore,Outlet,Winter,XL,Green,508.32,46.3,272.97,2025-03-25,348,3.0,True,Color Mismatch
FB003236,Bottoms,Allen Solly,West,Nagpur,Outlet,Fall,L,Black,564.6,49.7,283.99,2025-05-08,465,2.2,False,
FB003237,Dresses,Zara,West,Pune,Flagship,Fall,XS,Pink,717.94,39.5,434.35,2025-04-25,222,4.8,False,
FB003238,Dresses,Allen Solly,North,Jaipur,Flagship,Summer,XS,Brown,2026.17,30.2,1414.27,2025-04-18,130,4.1,True,Color Mismatch
FB003239,Accessories,Allen Solly,North,Jaipur,Boutique,Summer,M,Black,1462.17,21.2,1152.19,2025-09-04,336,4.3,True,Color Mismatch
FB003240,Outerwear,Nike,East,Kolkata,Flagship,Winter,L,Grey,2824.32,37.9,1753.9,2025-11-24,492,5.0,False,
FB003241,Outerwear,Uniqlo,North,Kanpur,Flagship,Spring,L,Grey,689.06,45.7,374.16,2025-12-30,120,2.1,False,
FB003242,Dresses,Nike,East,Kolkata,Flagship,Winter,M,Black,2407.76,29.3,1702.29,2025-12-14,188,4.7,True,
FB003243,Tops,Puma,South,Bangalore,Boutique,Spring,M,Pink,1348.25,4.3,1290.28,2025-08-05,13,5.0,False,
FB003244,Dresses,FabIndia,West,Nagpur,Flagship,Summer,L,White,1647.13,15.3,1395.12,2025-02-04,195,2.2,True,Damaged
FB003245,Tops,Allen Solly,Central,Indore,Outlet,Spring,S,Grey,725.07,33.5,482.17,2025-07-24,98,4.1,False,
FB003246,Bottoms,Puma,North,Lucknow,Outlet,Fall,S,Green,1988.35,43.9,1115.46,2025-05-22,34,2.4,False,
FB003247,Dresses,H&M,Central,Indore,Flagship,Summer,XL,Red,953.38,15.6,804.65,2025-11-08,392,2.7,True,Color Mismatch
FB003248,Accessories,Nike,South,Chennai,Outlet,Summer,XL,Grey,2597.81,38.8,1589.86,2025-04-26,398,3.3,True,Color Mismatch
FB003249,Tops,Puma,South,Bangalore,Outlet,Winter,XL,Brown,2710.65,44.1,1515.25,2025-01-12,371,4.7,True,Late Delivery
FB003250,Bottoms,Zara,East,Kolkata,Boutique,Winter,XS,Green,2650.01,6.3,2483.06,2025-10-15,420,3.1,True,Damaged
FB003251,Outerwear,Adidas,Central,Indore,Flagship,Fall,XS,Pink,1318.04,42.2,761.83,2025-08-10,115,5.0,False,
FB003252,Tops,Puma,Central,Indore,Boutique,Fall,XL,White,1165.82,25.4,869.7,2025-02-26,47,2.0,True,Size Issue
FB003253,Dresses,Uniqlo,North,Lucknow,Flagship,Spring,XL,Black,967.19,0.1,966.22,2025-11-27,34,4.7,False,
FB003254,Shoes,Uniqlo,Central,Indore,Boutique,Summer,XS,Green,1104.64,6.5,1032.84,2025-12-15,76,3.9,True,Late Delivery
FB003255,Tops,Uniqlo,West,Ahmedabad,Outlet,Spring,XS,Brown,790.42,41.3,463.98,2025-03-24,174,2.1,False,
FB003256,Bottoms,FabIndia,Central,Indore,Boutique,Winter,S,Blue,936.24,16.8,778.95,2025-11-16,356,2.2,True,Size Issue
FB003257,Outerwear,FabIndia,South,Bangalore,Flagship,Fall,XL,Brown,2946.26,9.7,2660.47,2025-06-18,233,4.6,False,
FB003258,Outerwear,Adidas,West,Surat,Flagship,Summer,XS,Blue,1877.66,1.2,1855.13,2025-11-22,297,4.9,True,Color Mismatch
FB003259,Accessories,Allen Solly,Central,Indore,Outlet,Winter,L,Black,2439.72,48.0,1268.65,2025-11-24,271,2.4,False,
FB003260,Dresses,H&M,Central,Indore,Flagship,Summer,M,Black,1917.81,30.3,1336.71,2026-01-01,397,4.4,True,Color Mismatch
FB003261,Shoes,Zara,East,Kolkata,Boutique,Summer,L,Grey,1148.33,9.1,1043.83,2025-07-21,431,3.3,True,Size Issue
FB003262,Shoes,FabIndia,West,Surat,Boutique,Spring,M,Grey,1248.35,4.1,1197.17,2025-07-08,360,2.6,True,
FB003263,Tops,Uniqlo,West,Pune,Outlet,Summer,M,Grey,717.35,37.3,449.78,2025-06-28,204,4.0,True,Color Mismatch
FB003264,Outerwear,Adidas,Central,Indore,Flagship,Winter,XS,Brown,717.66,4.9,682.49,2025-06-08,466,4.3,False,
FB003265,Bottoms,H&M,Central,Indore,Boutique,Summer,M,Green,2640.86,13.0,2297.55,2025-12-16,201,4.5,False,
FB003266,Outerwear,Allen Solly,Central,Indore,Flagship,Winter,L,Brown,2688.46,15.4,2274.44,2025-02-03,15,4.7,True,
FB003267,Shoes,H&M,East,Kolkata,Boutique,Winter,S,Grey,2237.93,25.1,1676.21,2025-02-20,132,4.0,False,
FB003268,Accessories,Zara,South,Hyderabad,Boutique,Summer,M,Black,2730.12,3.1,2645.49,2025-11-26,18,4.6,False,
FB003269,Dresses,Levis,South,Hyderabad,Flagship,Fall,M,Green,656.43,24.3,496.92,2025-01-22,239,4.1,False,
FB003270,Bottoms,Adidas,South,Bangalore,Boutique,Fall,S,Pink,1802.09,15.2,1528.17,2025-08-26,478,4.8,False,
FB003271,Bottoms,FabIndia,East,Kolkata,Boutique,Summer,L,Brown,1799.17,23.6,1374.57,2025-08-31,406,4.7,True,Damaged
FB003272,Tops,FabIndia,South,Chennai,Boutique,Summer,S,Black,2015.67,9.2,1830.23,2025-11-14,366,4.3,False,
FB003273,Shoes,Adidas,West,Nagpur,Boutique,Summer,L,Pink,1676.88,13.7,1447.15,2025-07-21,168,4.3,False,
FB003274,Dresses,Uniqlo,South,Chennai,Flagship,Spring,XL,White,2995.39,13.0,2605.99,2025-03-19,483,4.5,True,
FB003275,Outerwear,Zara,North,Jaipur,Flagship,Summer,S,White,2739.77,25.1,2052.09,2025-01-13,239,4.4,True,Damaged
FB003276,Shoes,Puma,North,Delhi,Boutique,Spring,L,Blue,2310.43,0.7,2294.26,2025-10-21,190,4.4,True,
FB003277,Outerwear,Levis,North,Lucknow,Flagship,Fall,S,Black,1918.08,26.4,1411.71,2025-12-20,303,3.7,True,Damaged
FB003278,Dresses,H&M,Central,Indore,Flagship,Summer,XS,Green,574.16,31.1,395.6,2025-10-30,115,4.4,False,
FB003279,Accessories,Zara,North,Lucknow,Outlet,Summer,L,Green,1733.01,39.9,1041.54,2025-07-10,45,3.6,True,
FB003280,Bottoms,Adidas,North,Lucknow,Outlet,Fall,M,Blue,1981.49,36.8,1252.3,2025-04-07,165,4.3,True,Size Issue
FB003281,Bottoms,FabIndia,Central,Indore,Outlet,Spring,L,Red,2701.65,37.5,1688.53,2025-11-23,82,4.6,False,
FB003282,Shoes,Adidas,East,Kolkata,Outlet,Winter,XS,Green,952.2,35.7,612.26,2025-02-26,346,4.1,False,
FB003283,Outerwear,H&M,West,Ahmedabad,Flagship,Winter,L,Red,2990.6,7.6,2763.31,2025-05-29,77,2.3,True,Color Mismatch
FB003284,Tops,Puma,West,Ahmedabad,Outlet,Summer,S,White,2668.47,46.3,1432.97,2025-11-17,325,4.4,True,Late Delivery
FB003285,Bottoms,Nike,Central,Indore,Outlet,Winter,XL,Pink,2939.89,46.7,1566.96,2025-03-20,342,4.4,False,
FB003286,Tops,Nike,North,Lucknow,Boutique,Spring,XS,Red,740.91,2.4,723.13,2025-04-03,335,3.8,True,
FB003287,Accessories,Uniqlo,Central,Indore,Outlet,Winter,XS,White,1167.13,32.2,791.31,2025-08-17,354,2.3,False,
FB003288,Shoes,Puma,Central,Indore,Boutique,Fall,XS,Red,1454.77,16.0,1222.01,2025-08-09,428,2.5,True,Late Delivery
FB003289,Dresses,Adidas,West,Ahmedabad,Flagship,Fall,M,Red,2258.71,36.8,1427.5,2025-08-22,102,3.4,False,
FB003290,Dresses,Allen Solly,South,Hyderabad,Flagship,Fall,XL,Green,2922.04,39.8,1759.07,2025-03-28,451,3.2,False,
FB003291,Shoes,Levis,South,Bangalore,Outlet,Summer,XL,Grey,815.66,47.5,428.22,2025-11-06,346,3.2,True,Color Mismatch
FB003292,Tops,Levis,East,Kolkata,Outlet,Summer,XL,Green,1140.8,42.2,659.38,2025-01-05,174,4.4,False,
FB003293,Tops,FabIndia,West,Surat,Boutique,Summer,S,Pink,1905.61,9.9,1716.95,2025-12-29,144,4.8,True,Color Mismatch
FB003294,Outerwear,FabIndia,East,Kolkata,Flagship,Summer,M,Black,2210.42,36.6,1401.41,2025-07-10,146,2.8,False,
FB003295,Tops,Allen Solly,South,Chennai,Outlet,Fall,M,Red,1186.74,33.3,791.56,2025-05-20,211,2.9,False,
FB003296,Tops,Zara,South,Bangalore,Outlet,Fall,XS,Pink,1548.5,42.3,893.48,2025-08-15,302,2.8,True,
FB003297,Tops,Zara,East,Kolkata,Outlet,Fall,S,Green,1905.33,42.1,1103.19,2026-01-01,245,2.2,True,
FB003298,Dresses,Uniqlo,East,Kolkata,Flagship,Summer,L,Blue,1677.05,13.1,1457.36,2025-11-15,432,3.0,False,
FB003299,Shoes,Zara,South,Chennai,Outlet,Summer,M,Green,2579.61,47.9,1343.98,2025-09-03,403,3.1,True,
FB003300,Bottoms,Levis,West,Nagpur,Boutique,Winter,S,Blue,1932.2,27.7,1396.98,2025-05-16,319,2.5,False,
FB003301,Accessories,Allen Solly,West,Mumbai,Boutique,Fall,XL,Black,2849.93,8.7,2601.99,2025-01-13,446,3.4,True,Size Issue
FB003302,Tops,Zara,North,Lucknow,Boutique,Summer,S,Black,1920.35,14.9,1634.22,2025-05-12,425,2.2,True,Color Mismatch
FB003303,Accessories,Uniqlo,West,Surat,Outlet,Summer,M,White,2256.48,40.6,1340.35,2025-02-02,364,2.2,True,Color Mismatch
FB003304,Tops,Uniqlo,South,Bangalore,Boutique,Winter,L,Brown,2725.71,11.5,2412.25,2025-09-18,239,3.3,True,Size Issue
FB003305,Shoes,H&M,North,Jaipur,Boutique,Summer,XS,Brown,1818.85,13.8,1567.85,2025-01-21,38,4.2,True,Damaged
FB003306,Shoes,Uniqlo,Central,Indore,Outlet,Winter,M,Blue,2335.42,44.1,1305.5,2025-06-22,379,2.7,True,Damaged
FB003307,Bottoms,Zara,North,Lucknow,Outlet,Winter,XS,Grey,2081.79,35.6,1340.67,2025-06-25,59,2.6,True,Color Mismatch
FB003308,Dresses,FabIndia,Central,Indore,Flagship,Winter,M,Pink,1459.49,17.8,1199.7,2025-09-14,57,4.4,True,Late Delivery
FB003309,Tops,Puma,East,Kolkata,Boutique,Fall,XL,Red,1519.47,6.0,1428.3,2025-02-01,312,3.1,False,
FB003310,Accessories,Puma,Central,Indore,Outlet,Summer,S,Red,1293.18,43.5,730.65,2025-06-16,114,2.3,False,
FB003311,Bottoms,Uniqlo,South,Bangalore,Outlet,Spring,L,Red,1616.81,43.7,910.26,2025-02-14,268,3.6,False,
FB003312,Accessories,Adidas,Central,Indore,Outlet,Summer,S,Brown,1264.94,42.3,729.87,2025-05-08,194,4.6,False,
FB003313,Tops,FabIndia,West,Pune,Boutique,Summer,XL,Brown,985.73,12.6,861.53,2025-11-28,288,2.2,False,
FB003314,Tops,Levis,North,Kanpur,Outlet,Winter,L,Brown,650.24,37.5,406.4,2025-01-26,264,2.7,True,Color Mismatch
FB003315,Accessories,Levis,North,Lucknow,Boutique,Spring,L,Pink,681.82,9.6,616.37,2025-12-24,126,2.0,True,Size Issue
FB003316,Bottoms,H&M,North,Delhi,Outlet,Winter,S,Blue,2306.29,38.4,1420.67,2025-10-18,437,2.5,False,
FB003317,Accessories,Zara,North,Kanpur,Boutique,Winter,S,Green,2377.41,26.3,1752.15,2025-03-10,473,3.1,False,
FB003318,Tops,FabIndia,Central,Indore,Outlet,Fall,S,Red,1895.19,44.7,1048.04,2025-03-22,488,2.7,True,Color Mismatch
FB003319,Shoes,H&M,South,Chennai,Boutique,Winter,S,Brown,1800.1,22.6,1393.28,2025-07-30,351,3.4,True,Color Mismatch
FB003320,Accessories,Adidas,West,Nagpur,Boutique,Winter,XL,Pink,2759.48,27.0,2014.42,2025-11-05,370,2.8,True,Color Mismatch
FB003321,Outerwear,Puma,Central,Indore,Flagship,Fall,S,Black,2228.99,13.8,1921.39,2025-01-31,12,3.0,True,Late Delivery
FB003322,Bottoms,Levis,West,Surat,Boutique,Summer,M,Red,786.89,20.0,629.51,2025-05-09,332,2.7,True,Late Delivery
FB003323,Shoes,H&M,South,Chennai,Boutique,Winter,L,White,2887.75,27.4,2096.51,2025-09-22,461,2.1,False,
FB003324,Dresses,Uniqlo,North,Jaipur,Flagship,Spring,S,Grey,1412.17,13.2,1225.76,2025-02-12,268,4.3,False,
FB003325,Dresses,H&M,South,Bangalore,Flagship,Spring,XL,Green,1287.73,39.9,773.93,2025-12-12,160,3.1,True,Late Delivery
FB003326,Shoes,Zara,East,Kolkata,Outlet,Summer,S,Grey,2663.42,32.4,1800.47,2025-04-25,340,3.1,True,Color Mismatch
FB003327,Outerwear,Levis,South,Chennai,Flagship,Fall,XS,White,2724.76,42.8,1558.56,2025-01-20,371,4.7,False,
FB003328,Tops,Adidas,North,Kanpur,Boutique,Fall,XS,Blue,1668.75,8.2,1531.91,2025-01-29,476,2.1,False,
FB003329,Bottoms,Levis,South,Bangalore,Boutique,Summer,M,White,2497.5,16.1,2095.4,2025-01-29,216,4.6,True,Late Delivery
FB003330,Dresses,Levis,West,Mumbai,Flagship,Spring,XL,Pink,2896.54,20.5,2302.75,2025-03-06,243,4.7,False,
FB003331,Accessories,Uniqlo,Central,Indore,Boutique,Summer,XS,Grey,1674.67,4.9,1592.61,2025-05-11,286,3.7,True,Color Mismatch
FB003332,Tops,Nike,Central,Indore,Outlet,Winter,S,Pink,1834.97,47.6,961.52,2025-03-30,361,4.0,True,Size Issue
FB003333,Tops,Zara,West,Ahmedabad,Boutique,Spring,XS,Brown,1946.29,18.1,1594.01,2025-11-25,331,3.5,False,
FB003334,Shoes,Puma,Central,Indore,Boutique,Spring,L,Red,2574.73,18.5,2098.4,2025-09-23,48,2.3,False,
FB003335,Accessories,Levis,West,Pune,Boutique,Winter,L,Green,2474.68,14.8,2108.43,2025-03-16,102,2.7,False,
FB003336,Accessories,Adidas,Central,Indore,Outlet,Fall,XS,Blue,639.86,39.6,386.48,2025-08-22,315,2.8,True,Late Delivery
FB003337,Outerwear,Adidas,North,Lucknow,Flagship,Spring,M,Pink,1587.57,14.3,1360.55,2025-02-16,156,3.3,False,
FB003338,Accessories,Nike,Central,Indore,Boutique,Spring,M,Blue,799.34,17.3,661.05,2025-07-08,194,4.4,True,Size Issue
FB003339,Tops,Nike,North,Lucknow,Outlet,Winter,XS,Grey,2137.38,40.3,1276.02,2025-10-09,302,2.5,False,
FB003340,Dresses,H&M,East,Kolkata,Flagship,Fall,M,Pink,2172.59,43.3,1231.86,2025-01-31,104,4.5,False,
FB003341,Accessories,FabIndia,East,Kolkata,Outlet,Fall,XL,Black,1987.25,44.7,1098.95,2025-02-13,200,4.6,False,
FB003342,Tops,Uniqlo,Central,Indore,Boutique,Winter,S,White,2557.38,15.8,2153.31,2025-08-09,397,4.9,True,
FB003343,Dresses,H&M,West,Pune,Flagship,Summer,XL,Pink,618.83,24.4,467.84,2025-03-02,192,3.7,False,
FB003344,Outerwear,Levis,West,Ahmedabad,Flagship,Winter,M,Blue,572.36,39.0,349.14,2025-11-01,360,2.4,True,Size Issue
FB003345,Dresses,Nike,East,Kolkata,Flagship,Winter,L,Brown,2714.44,38.1,1680.24,2025-07-12,132,4.7,False,
FB003346,Bottoms,Allen Solly,West,Nagpur,Boutique,Summer,L,Pink,1663.87,2.0,1630.59,2025-03-03,224,3.7,True,
FB003347,Bottoms,H&M,North,Lucknow,Outlet,Summer,M,Red,2245.95,32.1,1525.0,2025-12-07,81,3.1,True,Size Issue
FB003348,Bottoms,Zara,Central,Indore,Boutique,Fall,M,Blue,1424.12,5.8,1341.52,2025-02-27,451,3.4,True,Damaged
FB003349,Tops,Levis,West,Ahmedabad,Outlet,Summer,S,Blue,2586.52,32.7,1740.73,2025-03-04,66,4.0,False,
FB003350,Shoes,FabIndia,Central,Indore,Boutique,Fall,XS,Black,2008.83,4.2,1924.46,2025-06-03,100,3.2,False,
FB003351,Accessories,Levis,South,Hyderabad,Outlet,Fall,XL,Black,1160.18,41.3,681.03,2025-11-10,415,3.5,True,Size Issue
FB003352,Outerwear,Nike,East,Kolkata,Flagship,Spring,M,Grey,1850.09,39.7,1115.6,2025-10-13,83,2.5,True,Size Issue
FB003353,Bottoms,Allen Solly,South,Bangalore,Outlet,Summer,L,Pink,2267.27,43.6,1278.74,2025-08-26,315,3.4,True,Color Mismatch
FB003354,Outerwear,Zara,South,Bangalore,Flagship,Spring,M,Pink,2968.34,34.4,1947.23,2025-12-13,434,2.3,False,
FB003355,Shoes,Adidas,South,Bangalore,Boutique,Winter,XS,Brown,1851.85,5.4,1751.85,2025-12-16,43,2.1,True,Damaged
FB003356,Outerwear,Allen Solly,East,Kolkata,Flagship,Summer,XS,Grey,1552.14,30.9,1072.53,2025-09-16,340,2.3,False,
FB003357,Dresses,Levis,East,Kolkata,Flagship,Winter,XL,Green,1828.2,3.2,1769.7,2025-06-06,133,4.1,False,
FB003358,Tops,Zara,North,Lucknow,Outlet,Summer,M,Green,1287.16,46.5,688.63,2025-07-20,447,2.1,True,Late Delivery
FB003359,Shoes,Allen Solly,East,Kolkata,Outlet,Summer,L,Grey,1059.24,42.3,611.18,2025-07-12,163,4.2,True,Late Delivery
FB003360,Outerwear,Zara,West,Mumbai,Flagship,Fall,XS,Blue,1461.85,16.0,1227.95,2025-03-30,305,3.2,True,
FB003361,Bottoms,Nike,South,Chennai,Boutique,Fall,M,Green,1308.78,4.0,1256.43,2025-02-22,123,4.8,True,Color Mismatch
FB003362,Outerwear,Levis,North,Kanpur,Flagship,Fall,M,Black,2170.52,14.4,1857.97,2025-05-01,236,2.2,False,
FB003363,Tops,Nike,South,Chennai,Boutique,Spring,M,Pink,1065.29,19.3,859.69,2025-09-29,304,4.5,True,Color Mismatch
FB003364,Shoes,Levis,South,Bangalore,Boutique,Fall,XS,Blue,2287.25,4.0,2195.76,2025-08-01,25,3.1,True,Size Issue
FB003365,Dresses,Zara,North,Kanpur,Flagship,Winter,M,Green,1614.62,49.5,815.38,2025-03-18,463,4.2,False,
FB003366,Shoes,Nike,Central,Indore,Boutique,Winter,XS,Green,2580.72,22.6,1997.48,2025-12-25,342,3.3,True,Color Mismatch
FB003367,Tops,Adidas,East,Kolkata,Boutique,Spring,XL,Grey,514.99,3.0,499.54,2025-09-29,193,4.1,False,
FB003368,Outerwear,Adidas,South,Hyderabad,Flagship,Spring,XL,Brown,680.72,47.2,359.42,2025-04-08,95,4.0,False,
FB003369,Bottoms,Zara,North,Delhi,Boutique,Fall,XS,Pink,1232.63,18.2,1008.29,2025-05-20,72,2.4,True,Damaged
FB003370,Tops,Nike,North,Kanpur,Boutique,Spring,S,Grey,2637.21,14.1,2265.36,2025-03-17,110,2.7,True,Color Mismatch
FB003371,Bottoms,Allen Solly,Central,Indore,Boutique,Winter,XS,Black,2191.43,13.1,1904.35,2025-05-12,323,4.6,False,
FB003372,Bottoms,Puma,Central,Indore,Outlet,Fall,M,Green,2695.34,34.1,1776.23,2025-01-17,142,2.7,False,
FB003373,Bottoms,Nike,West,Ahmedabad,Boutique,Winter,M,White,1807.16,9.0,1644.52,2025-08-01,391,4.4,False,
FB003374,Outerwear,Allen Solly,West,Ahmedabad,Flagship,Summer,XS,Brown,1283.53,46.5,686.69,2025-04-19,123,4.4,True,Color Mismatch
FB003375,Outerwear,Allen Solly,East,Kolkata,Flagship,Fall,S,Red,2160.65,28.8,1538.38,2025-01-10,361,2.8,False,
FB003376,Outerwear,Puma,East,Kolkata,Flagship,Summer,M,Grey,2603.18,14.2,2233.53,2025-06-28,255,2.0,True,Damaged
FB003377,Bottoms,FabIndia,East,Kolkata,Boutique,Spring,L,White,2384.66,23.2,1831.42,2025-12-13,484,4.7,False,
FB003378,Shoes,Allen Solly,East,Kolkata,Outlet,Summer,XS,Grey,2222.83,42.1,1287.02,2025-12-08,79,2.8,False,
FB003379,Outerwear,Zara,South,Bangalore,Flagship,Winter,M,Black,2322.42,45.6,1263.4,2025-11-27,89,3.7,True,
FB003380,Tops,H&M,North,Kanpur,Boutique,Winter,M,Pink,1393.29,13.0,1212.16,2025-08-26,462,3.3,True,
FB003381,Accessories,FabIndia,Central,Indore,Outlet,Fall,L,Blue,971.91,45.2,532.61,2025-08-24,368,4.7,True,Damaged
FB003382,Accessories,Nike,South,Bangalore,Outlet,Winter,XL,Grey,2159.85,35.1,1401.74,2025-10-15,342,4.9,False,
FB003383,Accessories,H&M,East,Kolkata,Outlet,Summer,XS,Green,1682.02,30.6,1167.32,2025-09-14,199,4.2,True,
FB003384,Outerwear,Adidas,North,Lucknow,Flagship,Summer,XL,White,2021.88,24.1,1534.61,2025-03-26,310,4.3,False,
FB003385,Outerwear,Puma,Central,Indore,Flagship,Winter,L,Brown,1786.3,46.1,962.82,2025-06-17,180,4.1,False,
FB003386,Bottoms,FabIndia,North,Lucknow,Outlet,Spring,XL,Pink,1769.2,34.8,1153.52,2025-09-21,415,2.6,False,
FB003387,Outerwear,Nike,South,Hyderabad,Flagship,Spring,S,Brown,971.69,22.9,749.17,2025-08-19,36,4.8,True,Damaged
FB003388,Dresses,Nike,West,Nagpur,Flagship,Spring,XL,Red,2044.61,37.2,1284.02,2025-08-08,261,2.1,True,Color Mismatch
FB003389,Dresses,Nike,South,Hyderabad,Flagship,Summer,S,Grey,2089.94,13.0,1818.25,2025-09-21,154,2.9,True,
FB003390,Shoes,Nike,East,Kolkata,Boutique,Spring,S,Blue,2035.88,10.0,1832.29,2025-06-18,125,2.4,True,Size Issue
FB003391,Tops,Allen Solly,Central,Indore,Outlet,Spring,S,Red,2310.06,37.2,1450.72,2025-03-21,138,4.8,False,
FB003392,Tops,Zara,North,Jaipur,Boutique,Fall,L,Brown,2957.57,19.2,2389.72,2025-10-12,80,3.3,True,Size Issue
FB003393,Outerwear,H&M,West,Mumbai,Flagship,Fall,XL,White,1908.7,36.1,1219.66,2025-08-10,75,4.1,True,Late Delivery
FB003394,Bottoms,H&M,North,Jaipur,Boutique,Winter,M,White,977.29,4.9,929.4,2025-11-01,83,4.7,True,Damaged
FB003395,Dresses,Uniqlo,South,Chennai,Flagship,Winter,XS,Red,1717.26,5.7,1619.38,2025-12-13,281,4.4,True,Late Delivery
FB003396,Shoes,Zara,North,Jaipur,Outlet,Winter,XL,Green,1290.25,35.8,828.34,2025-11-23,408,4.2,False,
FB003397,Dresses,Nike,South,Chennai,Flagship,Winter,XL,Blue,1856.14,45.3,1015.31,2025-10-09,146,2.3,True,Late Delivery
FB003398,Outerwear,FabIndia,Central,Indore,Flagship,Fall,L,Red,1305.53,49.2,663.21,2025-02-27,132,4.0,True,Size Issue
FB003399,Bottoms,Zara,North,Delhi,Outlet,Summer,XL,Pink,2653.0,34.6,1735.06,2025-10-16,460,2.9,False,
FB003400,Outerwear,Allen Solly,Central,Indore,Flagship,Spring,S,Grey,2888.95,38.3,1782.48,2025-08-06,72,3.9,True,Size Issue
FB003401,Dresses,H&M,Central,Indore,Flagship,Winter,M,Black,1428.85,4.6,1363.12,2025-05-28,359,4.7,False,
FB003402,Shoes,Uniqlo,Central,Indore,Outlet,Winter,XS,White,1711.41,34.3,1124.4,2025-07-27,20,3.2,True,Size Issue
FB003403,Dresses,Puma,North,Jaipur,Flagship,Summer,M,Blue,1026.1,4.2,983.0,2025-06-18,495,4.2,False,
FB003404,Bottoms,Uniqlo,Central,Indore,Boutique,Winter,M,Black,1839.36,18.1,1506.44,2025-08-07,101,4.0,True,Late Delivery
FB003405,Accessories,Uniqlo,North,Lucknow,Boutique,Summer,XL,Red,947.1,29.3,669.6,2025-10-30,272,4.7,True,Damaged
FB003406,Accessories,Levis,Central,Indore,Boutique,Winter,L,Black,1575.61,3.3,1523.61,2025-11-01,380,2.2,True,
FB003407,Bottoms,Nike,South,Hyderabad,Boutique,Spring,L,Pink,2414.84,27.6,1748.34,2025-08-17,451,4.0,True,Size Issue
FB003408,Dresses,Uniqlo,North,Jaipur,Flagship,Spring,L,Black,2765.63,6.6,2583.1,2026-01-01,95,3.5,False,
FB003409,Tops,Adidas,South,Chennai,Outlet,Spring,L,Grey,2829.96,31.3,1944.18,2025-11-28,127,3.0,True,Late Delivery
FB003410,Outerwear,Uniqlo,Central,Indore,Flagship,Winter,L,White,2634.99,43.2,1496.67,2025-01-31,202,3.4,True,Size Issue
FB003411,Accessories,Adidas,South,Chennai,Outlet,Spring,L,Brown,1636.06,40.8,968.55,2025-11-05,263,2.1,True,Color Mismatch
FB003412,Tops,H&M,Central,Indore,Outlet,Spring,S,Blue,1494.16,37.9,927.87,2025-02-01,286,3.4,False,
FB003413,Bottoms,H&M,East,Kolkata,Outlet,Spring,S,Red,2111.14,38.3,1302.57,2025-07-11,32,3.7,True,Color Mismatch
FB003414,Shoes,Zara,Central,Indore,Boutique,Winter,XL,White,1355.74,25.7,1007.31,2025-07-02,310,2.7,False,
FB003415,Accessories,Allen Solly,East,Kolkata,Boutique,Summer,XS,Blue,2113.75,3.8,2033.43,2025-11-09,347,4.5,False,
FB003416,Dresses,Uniqlo,South,Bangalore,Flagship,Summer,XL,Black,2002.03,18.0,1641.66,2025-04-14,484,3.0,True,Late Delivery
FB003417,Dresses,Puma,South,Bangalore,Flagship,Fall,S,Grey,2456.75,16.4,2053.84,2025-10-25,415,2.7,False,
FB003418,Dresses,FabIndia,South,Hyderabad,Flagship,Fall,XS,Black,2210.03,13.6,1909.47,2025-04-08,23,4.7,True,Size Issue
FB003419,Outerwear,Zara,West,Mumbai,Flagship,Spring,M,Blue,2778.06,11.9,2447.47,2025-09-20,409,3.5,True,Damaged
FB003420,Tops,Levis,East,Kolkata,Outlet,Summer,S,Pink,2863.25,42.3,1652.1,2025-09-08,274,3.1,False,
FB003421,Outerwear,H&M,North,Jaipur,Flagship,Spring,L,White,1320.45,23.1,1015.43,2025-01-12,73,2.8,False,
FB003422,Shoes,Levis,North,Kanpur,Boutique,Spring,M,Blue,1370.71,29.9,960.87,2025-12-09,494,2.1,True,Late Delivery
FB003423,Bottoms,FabIndia,East,Kolkata,Outlet,Winter,M,Black,587.74,33.7,389.67,2025-12-10,24,4.4,False,
FB003424,Outerwear,H&M,Central,Indore,Flagship,Winter,L,Brown,2701.06,39.2,1642.24,2025-08-11,258,2.6,True,
FB003425,Outerwear,Nike,West,Surat,Flagship,Fall,M,Grey,2459.37,42.9,1404.3,2025-01-17,478,2.8,False,
FB003426,Accessories,Adidas,North,Delhi,Outlet,Summer,M,Brown,753.13,31.4,516.65,2025-09-21,291,3.5,True,Color Mismatch
FB003427,Dresses,Adidas,South,Chennai,Flagship,Spring,XS,Blue,851.29,38.5,523.54,2025-05-15,440,2.1,True,Size Issue
FB003428,Outerwear,H&M,North,Delhi,Flagship,Spring,S,Red,2635.02,21.7,2063.22,2025-12-23,448,3.3,True,Late Delivery
FB003429,Bottoms,Adidas,West,Mumbai,Outlet,Spring,M,White,2762.28,48.8,1414.29,2025-04-21,297,2.9,True,Late Delivery
FB003430,Outerwear,Puma,East,Kolkata,Flagship,Summer,S,White,1397.59,28.4,1000.67,2025-03-30,52,3.4,True,Late Delivery
FB003431,Tops,Puma,South,Chennai,Boutique,Spring,S,Green,1002.45,13.4,868.12,2026-01-01,233,3.2,True,
FB003432,Outerwear,Allen Solly,West,Surat,Flagship,Summer,S,Grey,2388.39,26.4,1757.86,2025-08-01,224,2.6,True,Damaged
FB003433,Dresses,H&M,North,Kanpur,Flagship,Spring,S,Black,607.7,33.5,404.12,2025-05-31,289,4.6,False,
FB003434,Outerwear,Adidas,North,Kanpur,Flagship,Fall,M,Red,1096.18,36.7,693.88,2025-03-04,287,5.0,True,Size Issue
FB003435,Bottoms,Puma,West,Nagpur,Boutique,Summer,XS,Green,1653.4,0.3,1648.44,2025-12-01,57,4.7,True,Size Issue
FB003436,Accessories,Uniqlo,Central,Indore,Outlet,Fall,S,Blue,1739.07,36.1,1111.27,2025-05-26,44,2.1,False,
FB003437,Outerwear,Nike,South,Hyderabad,Flagship,Fall,L,White,1168.27,17.6,962.65,2025-07-22,495,3.6,False,
FB003438,Dresses,Adidas,West,Mumbai,Flagship,Summer,XS,Grey,628.45,42.6,360.73,2025-02-28,481,2.1,False,
FB003439,Tops,Uniqlo,West,Mumbai,Boutique,Spring,L,Black,612.9,22.7,473.77,2025-09-14,410,2.3,False,
FB003440,Bottoms,FabIndia,East,Kolkata,Outlet,Fall,L,Black,1003.73,41.5,587.18,2025-12-08,44,3.5,False,
FB003441,Accessories,FabIndia,Central,Indore,Outlet,Winter,XS,Grey,1605.89,33.4,1069.52,2025-02-26,352,2.5,True,Color Mismatch
FB003442,Accessories,Zara,East,Kolkata,Boutique,Summer,M,Red,2923.35,6.7,2727.49,2025-07-13,445,4.2,False,
FB003443,Outerwear,Nike,East,Kolkata,Flagship,Winter,M,Blue,858.12,8.2,787.75,2025-01-13,90,4.1,False,
FB003444,Shoes,Adidas,South,Hyderabad,Boutique,Summer,L,Blue,540.07,19.6,434.22,2025-10-01,459,2.6,True,Color Mismatch
FB003445,Tops,Zara,East,Kolkata,Outlet,Fall,S,Brown,1918.05,46.7,1022.32,2025-06-08,255,2.3,False,
FB003446,Tops,FabIndia,East,Kolkata,Boutique,Spring,L,Blue,1987.72,13.8,1713.41,2025-10-26,212,4.8,False,
FB003447,Bottoms,Puma,Central,Indore,Boutique,Winter,S,Pink,2998.41,12.8,2614.61,2025-09-11,31,2.4,False,
FB003448,Bottoms,Allen Solly,North,Delhi,Boutique,Spring,S,White,1377.57,19.5,1108.94,2025-08-12,394,4.8,True,Color Mismatch
FB003449,Dresses,Uniqlo,East,Kolkata,Flagship,Winter,S,Green,2800.41,35.8,1797.86,2025-12-12,359,3.4,True,Late Delivery
FB003450,Shoes,FabIndia,North,Delhi,Outlet,Winter,S,Green,1107.19,40.4,659.89,2025-11-27,35,3.5,True,Late Delivery
FB003451,Bottoms,H&M,North,Kanpur,Boutique,Fall,L,Green,766.13,8.6,700.24,2025-11-07,167,3.6,False,
FB003452,Outerwear,Zara,East,Kolkata,Flagship,Fall,L,Pink,2921.95,2.3,2854.75,2025-11-15,260,4.7,True,Size Issue
FB003453,Dresses,Uniqlo,South,Chennai,Flagship,Fall,XS,Blue,970.43,22.2,754.99,2025-09-23,187,4.1,True,Late Delivery
FB003454,Outerwear,H&M,South,Bangalore,Flagship,Fall,XL,Black,1440.68,48.9,736.19,2025-12-11,22,3.4,False,
FB003455,Outerwear,Levis,South,Chennai,Flagship,Winter,XL,Blue,1953.85,37.8,1215.29,2025-08-14,287,2.1,False,
FB003456,Accessories,Puma,Central,Indore,Outlet,Spring,S,Grey,1779.96,39.1,1084.0,2025-03-21,456,2.2,False,
FB003457,Shoes,Adidas,West,Pune,Outlet,Fall,XL,Black,1461.09,30.4,1016.92,2025-10-26,230,3.1,False,
FB003458,Bottoms,FabIndia,West,Ahmedabad,Boutique,Winter,M,Black,657.64,24.0,499.81,2025-07-29,180,4.9,True,Late Delivery
FB003459,Tops,Adidas,Central,Indore,Boutique,Fall,XS,Grey,2961.46,17.1,2455.05,2025-04-05,131,3.8,False,
FB003460,Dresses,H&M,Central,Indore,Flagship,Spring,L,Black,2355.94,13.0,2049.67,2025-01-10,177,3.0,False,
FB003461,Outerwear,Adidas,South,Chennai,Flagship,Spring,L,Red,2647.43,31.2,1821.43,2025-11-18,180,4.9,False,
FB003462,Outerwear,Puma,East,Kolkata,Flagship,Summer,M,Pink,2850.66,26.3,2100.94,2025-04-19,26,3.5,False,
FB003463,Tops,Puma,West,Nagpur,Outlet,Winter,S,Black,2465.68,44.1,1378.32,2025-11-10,29,2.1,True,
FB003464,Outerwear,Uniqlo,East,Kolkata,Flagship,Fall,L,Pink,1782.52,26.6,1308.37,2025-07-14,390,2.9,False,
FB003465,Accessories,Allen Solly,North,Kanpur,Boutique,Fall,M,Brown,2434.28,9.5,2203.02,2025-08-02,282,2.6,False,
FB003466,Dresses,Uniqlo,North,Kanpur,Flagship,Summer,XS,White,1223.04,14.6,1044.48,2025-10-08,83,2.2,True,Damaged
FB003467,Tops,Adidas,South,Hyderabad,Outlet,Winter,M,Brown,2689.5,49.1,1368.96,2025-06-04,106,2.6,False,
FB003468,Shoes,Adidas,Central,Indore,Boutique,Winter,M,Grey,1005.71,13.2,872.96,2025-12-22,326,2.8,False,
FB003469,Outerwear,Allen Solly,West,Pune,Flagship,Fall,M,White,1242.23,49.1,632.3,2025-08-16,474,3.5,False,
FB003470,Bottoms,Adidas,West,Ahmedabad,Outlet,Summer,XL,Brown,517.17,45.4,282.37,2025-01-02,412,4.4,False,
FB003471,Bottoms,FabIndia,Central,Indore,Boutique,Fall,L,Brown,1452.52,20.2,1159.11,2025-04-18,200,3.4,False,
FB003472,Dresses,H&M,East,Kolkata,Flagship,Spring,S,White,724.4,28.9,515.05,2025-12-06,252,2.3,True,Color Mismatch
FB003473,Shoes,H&M,West,Nagpur,Boutique,Fall,XS,White,2462.56,19.6,1979.9,2025-08-28,386,2.6,False,
FB003474,Dresses,H&M,Central,Indore,Flagship,Summer,XL,Red,2459.57,23.0,1893.87,2025-07-04,412,2.1,False,
FB003475,Tops,Zara,North,Kanpur,Boutique,Fall,M,Green,525.2,20.1,419.63,2025-06-20,28,3.6,False,
FB003476,Outerwear,Nike,Central,Indore,Flagship,Summer,XS,Green,1577.57,30.0,1104.3,2025-01-15,455,4.4,False,
FB003477,Tops,H&M,Central,Indore,Boutique,Spring,L,Brown,2525.76,12.3,2215.09,2025-08-27,185,3.2,False,
FB003478,Tops,Zara,West,Ahmedabad,Boutique,Fall,S,Pink,926.18,20.7,734.46,2025-03-26,298,4.4,False,
FB003479,Outerwear,FabIndia,West,Nagpur,Flagship,Winter,XL,Black,2700.24,10.8,2408.61,2025-07-29,372,2.2,False,
FB003480,Shoes,H&M,East,Kolkata,Outlet,Spring,XL,Black,1290.16,31.8,879.89,2025-01-26,10,4.8,True,Size Issue
FB003481,Bottoms,Adidas,North,Lucknow,Boutique,Spring,L,Grey,1395.04,20.7,1106.27,2025-09-02,433,2.9,True,
FB003482,Dresses,Adidas,East,Kolkata,Flagship,Summer,XS,White,2286.22,33.1,1529.48,2025-07-17,129,2.9,False,
FB003483,Accessories,Levis,Central,Indore,Boutique,Fall,L,Black,1356.46,2.8,1318.48,2025-11-29,418,3.7,False,
FB003484,Tops,Levis,Central,Indore,Outlet,Summer,XL,Red,2956.83,44.2,1649.91,2025-07-23,296,4.5,False,
FB003485,Dresses,Allen Solly,North,Lucknow,Flagship,Spring,XS,Grey,608.43,10.2,546.37,2025-05-16,66,3.2,True,Size Issue
FB003486,Bottoms,Zara,Central,Indore,Boutique,Winter,S,Black,2425.32,11.5,2146.41,2025-10-30,181,2.7,False,
FB003487,Bottoms,Uniqlo,West,Pune,Boutique,Fall,XS,Grey,902.39,8.6,824.78,2025-05-30,364,3.7,True,
FB003488,Shoes,Levis,East,Kolkata,Boutique,Winter,M,Brown,1998.27,25.6,1486.71,2026-01-01,415,2.9,False,
FB003489,Accessories,Levis,West,Pune,Boutique,Summer,S,Grey,2076.65,8.7,1895.98,2025-11-28,183,3.7,False,
FB003490,Tops,Uniqlo,North,Kanpur,Outlet,Fall,XS,Grey,2186.93,38.8,1338.4,2025-06-01,82,3.0,False,
FB003491,Bottoms,Zara,North,Jaipur,Boutique,Summer,S,Red,1224.65,6.7,1142.6,2025-03-22,96,4.9,False,
FB003492,Tops,Allen Solly,Central,Indore,Outlet,Summer,L,Grey,2169.8,31.7,1481.97,2025-09-24,223,2.8,True,Color Mismatch
FB003493,Outerwear,Levis,East,Kolkata,Flagship,Winter,S,Pink,1112.95,2.5,1085.13,2025-05-21,401,3.3,False,
FB003494,Tops,Levis,Central,Indore,Boutique,Fall,S,Brown,1206.73,1.2,1192.25,2025-09-20,332,3.5,False,
FB003495,Tops,FabIndia,North,Jaipur,Boutique,Winter,M,Black,2340.15,28.0,1684.91,2025-04-13,373,3.8,False,
FB003496,Shoes,Puma,East,Kolkata,Boutique,Summer,M,Blue,1679.16,10.8,1497.81,2025-01-23,180,4.0,False,
FB003497,Accessories,Zara,West,Nagpur,Boutique,Fall,XL,Black,1449.66,2.7,1410.52,2025-11-25,202,3.5,True,Late Delivery
FB003498,Tops,Uniqlo,South,Chennai,Boutique,Winter,M,Black,1380.17,7.0,1283.56,2025-07-14,195,4.3,False,
FB003499,Bottoms,Puma,North,Kanpur,Outlet,Summer,XS,Black,2787.59,45.8,1510.87,2025-12-04,481,3.4,True,Damaged
FB003500,Outerwear,Zara,North,Lucknow,Flagship,Winter,XL,Green,2565.4,36.6,1626.46,2025-09-16,28,4.1,False,
FB003501,Tops,Adidas,South,Chennai,Boutique,Fall,XS,Brown,1454.55,15.3,1232.0,2025-09-04,225,2.3,False,
FB003502,Outerwear,Puma,East,Kolkata,Flagship,Summer,XL,Red,500.63,31.9,340.93,2025-02-12,447,3.6,True,Color Mismatch
FB003503,Tops,Puma,Central,Indore,Boutique,Fall,XS,Black,2372.43,11.4,2101.97,2025-07-13,475,4.5,True,Late Delivery
FB003504,Accessories,Nike,North,Jaipur,Outlet,Summer,M,Blue,796.94,34.6,521.2,2025-10-21,166,2.0,True,
FB003505,Tops,Uniqlo,Central,Indore,Boutique,Spring,XS,Grey,1095.99,7.2,1017.08,2025-03-23,392,2.1,True,Late Delivery
FB003506,Dresses,Uniqlo,East,Kolkata,Flagship,Fall,M,Black,938.46,37.1,590.29,2025-05-12,417,5.0,True,
FB003507,Outerwear,Adidas,Central,Indore,Flagship,Fall,L,Grey,699.15,27.6,506.18,2025-03-04,429,3.2,False,
FB003508,Dresses,Adidas,Central,Indore,Flagship,Winter,S,Brown,1170.35,42.8,669.44,2025-02-26,265,3.9,True,
FB003509,Dresses,Nike,Central,Indore,Flagship,Winter,S,Black,1447.67,22.4,1123.39,2025-05-12,248,3.4,True,Damaged
FB003510,Outerwear,Levis,Central,Indore,Flagship,Winter,XL,Pink,2129.79,3.1,2063.77,2025-07-16,373,4.2,False,
FB003511,Outerwear,Levis,North,Delhi,Flagship,Summer,L,Brown,2083.71,25.6,1550.28,2025-03-15,488,5.0,True,Size Issue
FB003512,Tops,Puma,North,Jaipur,Outlet,Winter,XS,Black,1319.11,31.4,904.91,2025-03-10,148,2.7,True,Late Delivery
FB003513,Tops,Uniqlo,East,Kolkata,Boutique,Winter,S,Brown,2829.36,26.1,2090.9,2025-12-24,221,4.7,True,
FB003514,Bottoms,FabIndia,West,Pune,Boutique,Summer,XL,Brown,1409.71,5.2,1336.41,2025-06-24,203,2.0,True,Color Mismatch
FB003515,Dresses,Levis,Central,Indore,Flagship,Fall,XS,Black,1473.83,18.6,1199.7,2025-11-24,350,4.6,True,Damaged
FB003516,Dresses,Adidas,Central,Indore,Flagship,Fall,XS,Grey,2961.63,33.0,1984.29,2025-07-12,207,5.0,False,
FB003517,Dresses,Nike,North,Lucknow,Flagship,Fall,L,White,1052.78,29.4,743.26,2025-03-06,419,3.0,True,Size Issue
FB003518,Dresses,Allen Solly,South,Chennai,Flagship,Fall,L,Grey,2694.46,12.2,2365.74,2025-07-20,162,3.9,False,
FB003519,Dresses,H&M,North,Jaipur,Flagship,Winter,S,Green,876.48,37.3,549.55,2025-04-25,123,3.5,True,Color Mismatch
FB003520,Dresses,Zara,North,Jaipur,Flagship,Winter,M,Grey,770.01,49.0,392.71,2025-07-25,30,2.6,True,Damaged
FB003521,Outerwear,FabIndia,South,Hyderabad,Flagship,Summer,S,Blue,1948.93,15.9,1639.05,2025-06-02,12,3.2,True,Color Mismatch
FB003522,Shoes,Adidas,North,Jaipur,Boutique,Spring,L,Grey,637.58,7.4,590.4,2025-11-27,154,5.0,False,
FB003523,Dresses,Nike,West,Nagpur,Flagship,Fall,L,Red,2523.0,22.1,1965.42,2025-09-28,64,4.1,True,Late Delivery
FB003524,Bottoms,Uniqlo,Central,Indore,Boutique,Fall,S,Pink,993.85,21.3,782.16,2025-05-05,347,2.5,False,
FB003525,Dresses,Nike,Central,Indore,Flagship,Summer,XL,White,2189.4,30.7,1517.25,2025-03-11,202,2.1,False,
FB003526,Shoes,Uniqlo,East,Kolkata,Outlet,Spring,XS,Blue,2423.94,42.9,1384.07,2025-04-03,358,4.2,True,Color Mismatch
FB003527,Tops,Zara,North,Kanpur,Boutique,Spring,XL,White,2964.5,9.6,2679.91,2025-08-10,235,2.8,True,Size Issue
FB003528,Dresses,Zara,Central,Indore,Flagship,Winter,M,Black,1095.02,39.8,659.2,2025-03-21,318,3.9,False,
FB003529,Bottoms,Uniqlo,West,Nagpur,Boutique,Spring,M,Green,2461.07,26.8,1801.5,2025-08-17,124,3.5,True,Size Issue
FB003530,Accessories,Zara,Central,Indore,Outlet,Spring,XL,Red,2483.21,46.0,1340.93,2025-06-17,310,4.7,False,
FB003531,Tops,Allen Solly,North,Delhi,Boutique,Fall,XL,Black,2073.87,22.3,1611.4,2025-06-03,62,3.6,False,
FB003532,Outerwear,H&M,South,Hyderabad,Flagship,Fall,S,Blue,2119.93,10.6,1895.22,2025-12-13,411,3.3,False,
FB003533,Accessories,Uniqlo,West,Nagpur,Outlet,Fall,XL,Grey,939.7,47.7,491.46,2025-03-05,454,3.0,True,Size Issue
FB003534,Bottoms,Levis,North,Delhi,Boutique,Winter,XL,Grey,1548.98,5.9,1457.59,2025-11-01,327,4.2,False,
FB003535,Dresses,FabIndia,West,Pune,Flagship,Fall,M,Grey,1546.63,13.4,1339.38,2025-12-25,117,4.5,True,Damaged
FB003536,Outerwear,Zara,West,Ahmedabad,Flagship,Summer,XS,Grey,2532.19,42.9,1445.88,2025-10-11,463,2.2,False,
FB003537,Tops,Uniqlo,South,Hyderabad,Outlet,Winter,XL,Grey,1330.57,43.9,746.45,2025-04-13,213,2.6,True,Late Delivery
FB003538,Outerwear,Nike,North,Delhi,Flagship,Winter,S,Green,1790.55,18.2,1464.67,2025-06-04,25,4.6,True,Size Issue
FB003539,Accessories,Levis,South,Bangalore,Boutique,Winter,XL,Red,2339.51,8.3,2145.33,2025-04-15,198,2.7,True,Damaged
FB003540,Dresses,Nike,East,Kolkata,Flagship,Spring,XS,Black,1193.48,26.2,880.79,2025-01-04,456,4.5,False,
FB003541,Shoes,Allen Solly,North,Lucknow,Boutique,Summer,XL,Red,1300.63,1.7,1278.52,2025-02-22,371,4.8,True,Damaged
FB003542,Tops,FabIndia,East,Kolkata,Boutique,Fall,S,White,1709.0,25.8,1268.08,2025-02-28,278,2.1,False,
FB003543,Shoes,Levis,West,Mumbai,Outlet,Spring,S,Blue,1120.29,45.8,607.2,2025-07-29,365,4.1,True,
FB003544,Bottoms,Adidas,South,Bangalore,Boutique,Fall,S,Grey,548.69,22.3,426.33,2025-12-11,482,2.4,True,Damaged
FB003545,Shoes,Allen Solly,Central,Indore,Outlet,Summer,M,Blue,2070.35,44.8,1142.83,2025-08-10,357,4.4,True,Damaged
FB003546,Bottoms,Puma,East,Kolkata,Boutique,Fall,XL,Red,2935.01,25.1,2198.32,2025-12-05,389,3.3,False,
FB003547,Bottoms,H&M,Central,Indore,Outlet,Summer,S,Blue,1846.22,31.2,1270.2,2025-01-31,403,2.8,False,
FB003548,Tops,Levis,Central,Indore,Boutique,Spring,L,Pink,2867.22,7.4,2655.05,2025-03-31,214,3.2,True,Late Delivery
FB003549,Outerwear,Allen Solly,West,Ahmedabad,Flagship,Winter,XL,Black,2077.92,4.0,1994.8,2025-01-14,78,4.8,False,
FB003550,Outerwear,Nike,North,Jaipur,Flagship,Spring,XL,Red,781.19,36.3,497.62,2025-07-21,157,2.8,True,Color Mismatch
FB003551,Dresses,Zara,West,Nagpur,Flagship,Fall,XS,Blue,1086.83,3.8,1045.53,2025-07-07,356,3.8,False,
FB003552,Bottoms,Zara,West,Pune,Outlet,Fall,L,Pink,955.98,44.2,533.44,2025-05-04,402,4.1,True,Late Delivery
FB003553,Tops,Uniqlo,North,Kanpur,Boutique,Summer,M,Pink,1668.72,21.3,1313.28,2025-10-29,424,4.0,True,Size Issue
FB003554,Dresses,Nike,West,Ahmedabad,Flagship,Spring,S,Pink,2133.42,31.1,1469.93,2025-02-06,143,4.4,True,Color Mismatch
FB003555,Dresses,Puma,West,Ahmedabad,Flagship,Fall,L,Brown,2597.21,3.0,2519.29,2025-07-15,348,3.7,False,
FB003556,Shoes,Uniqlo,North,Lucknow,Boutique,Summer,L,Blue,1619.22,11.2,1437.87,2025-01-05,393,2.5,False,
FB003557,Tops,Allen Solly,Central,Indore,Boutique,Fall,XL,Green,1426.22,4.5,1362.04,2025-01-16,341,3.1,True,Late Delivery
FB003558,Outerwear,Adidas,South,Hyderabad,Flagship,Summer,M,Blue,2895.39,10.4,2594.27,2025-08-27,95,3.4,False,
FB003559,Tops,Levis,South,Chennai,Boutique,Fall,M,Grey,1027.28,26.9,750.94,2025-11-21,326,3.2,True,Late Delivery
FB003560,Dresses,H&M,North,Lucknow,Flagship,Summer,L,White,833.39,35.3,539.2,2025-07-29,474,4.9,True,Late Delivery
FB003561,Bottoms,Zara,East,Kolkata,Boutique,Winter,XS,Green,1980.19,5.5,1871.28,2025-08-01,245,4.0,False,
FB003562,Bottoms,FabIndia,Central,Indore,Boutique,Winter,M,Black,2814.03,9.4,2549.51,2025-12-18,279,3.6,True,
FB003563,Accessories,Uniqlo,North,Delhi,Boutique,Winter,L,Brown,839.86,4.5,802.07,2025-12-29,456,3.7,False,
FB003564,Outerwear,Zara,West,Surat,Flagship,Winter,M,Black,2698.94,34.3,1773.2,2025-09-16,126,3.8,True,Color Mismatch
FB003565,Accessories,Nike,West,Mumbai,Outlet,Winter,S,Black,2721.99,34.3,1788.35,2025-11-15,65,2.6,True,Size Issue
FB003566,Tops,Allen Solly,East,Kolkata,Boutique,Fall,XS,Brown,751.53,3.0,728.98,2025-09-22,201,3.3,True,Color Mismatch
FB003567,Dresses,Puma,East,Kolkata,Flagship,Winter,M,Grey,1599.1,4.7,1523.94,2025-09-13,207,2.0,False,
FB003568,Shoes,Uniqlo,Central,Indore,Outlet,Winter,L,Brown,1369.3,42.0,794.19,2025-05-20,198,2.3,True,Size Issue
FB003569,Shoes,Puma,North,Lucknow,Outlet,Winter,L,White,2448.51,31.4,1679.68,2025-03-09,396,2.5,False,
FB003570,Tops,Puma,East,Kolkata,Boutique,Fall,XL,Grey,1344.4,16.2,1126.61,2025-07-15,215,2.5,True,
FB003571,Shoes,Puma,North,Delhi,Boutique,Winter,XS,Red,2677.76,21.7,2096.69,2025-07-14,450,3.6,False,
FB003572,Outerwear,Uniqlo,East,Kolkata,Flagship,Spring,L,Red,2768.46,23.3,2123.41,2025-08-20,274,3.0,False,
FB003573,Bottoms,Puma,East,Kolkata,Boutique,Winter,XS,Brown,1651.16,30.0,1155.81,2025-01-13,16,4.2,False,
FB003574,Dresses,Levis,East,Kolkata,Flagship,Spring,M,Pink,2606.3,11.2,2314.39,2025-08-21,489,3.1,False,
FB003575,Outerwear,Zara,South,Bangalore,Flagship,Spring,M,Red,1884.61,33.7,1249.5,2025-05-04,220,3.1,False,
FB003576,Outerwear,Uniqlo,East,Kolkata,Flagship,Spring,XL,White,1609.62,21.0,1271.6,2025-09-02,300,3.7,False,
FB003577,Dresses,Uniqlo,South,Hyderabad,Flagship,Summer,XS,White,1375.89,31.3,945.24,2025-09-06,490,3.4,True,Damaged
FB003578,Tops,Zara,North,Lucknow,Boutique,Fall,XS,Green,2527.64,9.7,2282.46,2025-01-29,16,2.5,True,Color Mismatch
FB003579,Shoes,Uniqlo,East,Kolkata,Outlet,Winter,XS,Green,2769.1,37.5,1730.69,2025-08-27,209,4.3,False,
FB003580,Bottoms,Puma,East,Kolkata,Boutique,Summer,M,Grey,2088.77,0.6,2076.24,2025-03-10,266,2.9,False,
FB003581,Accessories,Nike,South,Bangalore,Boutique,Summer,S,Grey,2366.46,19.6,1902.63,2025-01-06,432,2.5,True,Damaged
FB003582,Accessories,Adidas,East,Kolkata,Boutique,Winter,M,Blue,2475.23,27.9,1784.64,2025-12-27,391,3.7,True,Late Delivery
FB003583,Dresses,FabIndia,Central,Indore,Flagship,Fall,XS,Green,1237.88,17.3,1023.73,2025-12-06,61,3.7,True,Late Delivery
FB003584,Shoes,Uniqlo,Central,Indore,Boutique,Spring,M,Green,2084.33,6.2,1955.1,2025-06-13,188,4.1,True,Late Delivery
FB003585,Bottoms,Puma,South,Bangalore,Boutique,Summer,M,White,1882.47,11.1,1673.52,2025-03-29,399,4.9,True,Damaged
FB003586,Shoes,Nike,North,Jaipur,Outlet,Summer,L,White,2550.72,30.1,1782.95,2025-08-25,103,4.0,True,Late Delivery
FB003587,Shoes,Uniqlo,North,Lucknow,Boutique,Fall,M,Blue,2374.37,12.0,2089.45,2025-05-20,294,3.7,False,
FB003588,Bottoms,Zara,West,Mumbai,Boutique,Summer,L,Grey,2655.61,4.1,2546.73,2025-02-28,303,3.9,True,Damaged
FB003589,Tops,Nike,Central,Indore,Boutique,Winter,XS,Blue,534.97,24.0,406.58,2025-03-15,230,2.3,False,
FB003590,Shoes,Allen Solly,North,Lucknow,Boutique,Winter,L,Black,2327.01,19.9,1863.94,2025-05-12,307,4.2,False,
FB003591,Outerwear,Puma,East,Kolkata,Flagship,Fall,M,Grey,1581.24,9.7,1427.86,2025-05-25,271,4.6,True,Damaged
FB003592,Accessories,H&M,West,Pune,Outlet,Winter,M,Black,2596.27,30.4,1807.0,2025-03-02,23,4.7,True,Late Delivery
FB003593,Tops,FabIndia,Central,Indore,Outlet,Winter,S,Brown,2933.42,35.3,1897.92,2025-11-18,115,3.8,False,
FB003594,Outerwear,Levis,South,Bangalore,Flagship,Winter,S,Red,1096.93,31.6,750.3,2025-11-03,305,2.3,False,
FB003595,Outerwear,Zara,South,Bangalore,Flagship,Winter,XS,Red,2850.56,48.4,1470.89,2025-01-26,417,4.4,False,
FB003596,Bottoms,Zara,South,Chennai,Boutique,Winter,L,Black,1087.95,3.9,1045.52,2025-04-26,179,3.6,True,Size Issue
FB003597,Outerwear,Zara,East,Kolkata,Flagship,Fall,L,White,1806.1,17.2,1495.45,2025-08-23,41,3.9,True,
FB003598,Shoes,FabIndia,Central,Indore,Outlet,Spring,S,White,628.51,46.4,336.88,2025-02-16,401,3.3,False,
FB003599,Bottoms,Adidas,Central,Indore,Boutique,Winter,XS,White,1904.9,21.4,1497.25,2025-06-03,459,3.3,True,Damaged
FB003600,Outerwear,H&M,North,Jaipur,Flagship,Summer,XS,Brown,2092.98,4.6,1996.7,2025-02-03,409,2.2,False,
FB003601,Outerwear,Nike,North,Lucknow,Flagship,Summer,XL,Brown,1952.91,33.4,1300.64,2025-04-22,327,2.7,True,Color Mismatch
FB003602,Bottoms,Allen Solly,West,Mumbai,Boutique,Spring,L,Grey,702.41,27.8,507.14,2025-12-25,293,3.4,True,
FB003603,Bottoms,Puma,West,Surat,Outlet,Winter,L,White,2454.47,40.7,1455.5,2025-07-29,382,3.5,True,Damaged
FB003604,Shoes,Levis,North,Delhi,Boutique,Fall,XS,Black,1761.21,26.9,1287.44,2025-05-26,397,3.4,False,
FB003605,Outerwear,Zara,Central,Indore,Flagship,Fall,L,Pink,2016.52,13.7,1740.26,2025-07-01,157,4.4,True,Color Mismatch
FB003606,Outerwear,FabIndia,West,Ahmedabad,Flagship,Summer,XS,Black,2658.8,16.3,2225.42,2025-11-20,360,4.1,True,Late Delivery
FB003607,Tops,H&M,West,Nagpur,Outlet,Summer,XL,Green,2134.03,41.2,1254.81,2025-10-10,419,3.1,True,
FB003608,Shoes,Uniqlo,South,Hyderabad,Boutique,Summer,XS,Blue,2235.49,3.2,2163.95,2025-05-01,417,4.5,True,Damaged
FB003609,Outerwear,FabIndia,South,Chennai,Flagship,Summer,XS,Brown,1519.87,6.5,1421.08,2025-01-01,421,3.4,True,Color Mismatch
FB003610,Shoes,FabIndia,North,Delhi,Boutique,Spring,XL,Black,1176.69,19.4,948.41,2025-03-06,479,2.2,True,Damaged
FB003611,Outerwear,Allen Solly,South,Hyderabad,Flagship,Summer,XS,Red,1301.2,20.6,1033.15,2025-01-27,284,4.5,False,
FB003612,Bottoms,Adidas,North,Lucknow,Boutique,Spring,M,Green,1783.54,12.6,1558.81,2025-01-16,382,4.9,False,
FB003613,Outerwear,Allen Solly,Central,Indore,Flagship,Summer,XS,Blue,2972.8,17.7,2446.61,2025-05-16,148,2.3,False,
FB003614,Dresses,H&M,North,Kanpur,Flagship,Fall,M,Brown,2991.41,20.7,2372.19,2025-11-14,167,3.9,False,
FB003615,Shoes,FabIndia,North,Delhi,Boutique,Fall,XL,White,1640.59,21.7,1284.58,2025-09-26,219,4.2,False,
FB003616,Accessories,Allen Solly,North,Lucknow,Outlet,Winter,XS,Brown,2797.65,46.5,1496.74,2025-09-09,390,2.4,True,Damaged
FB003617,Tops,Uniqlo,East,Kolkata,Boutique,Fall,L,Red,2667.84,8.5,2441.07,2025-04-18,64,4.0,False,
FB003618,Bottoms,FabIndia,West,Mumbai,Boutique,Winter,XL,Green,2004.57,12.2,1760.01,2025-12-06,115,3.2,True,Color Mismatch
FB003619,Outerwear,Nike,Central,Indore,Flagship,Fall,M,White,1020.65,29.1,723.64,2025-01-12,120,3.0,True,Damaged
FB003620,Tops,Levis,South,Bangalore,Boutique,Summer,XL,Brown,1017.62,29.4,718.44,2025-06-14,476,4.8,True,Damaged
FB003621,Dresses,Nike,East,Kolkata,Flagship,Fall,L,Black,1189.35,22.0,927.69,2025-10-04,138,4.8,False,
FB003622,Dresses,Allen Solly,West,Surat,Flagship,Fall,XL,Black,932.51,30.0,652.76,2025-03-12,188,3.9,False,
FB003623,Accessories,Adidas,North,Kanpur,Boutique,Summer,S,Black,2547.44,12.6,2226.46,2025-12-31,251,3.2,False,
FB003624,Tops,Allen Solly,West,Mumbai,Boutique,Spring,S,Pink,543.91,19.0,440.57,2025-11-07,26,3.0,True,Color Mismatch
FB003625,Bottoms,Uniqlo,West,Nagpur,Boutique,Winter,XL,White,1309.74,22.0,1021.6,2025-03-13,415,4.9,True,Color Mismatch
FB003626,Tops,Uniqlo,Central,Indore,Outlet,Summer,M,Brown,2095.36,41.8,1219.5,2025-09-25,193,2.5,True,Color Mismatch
FB003627,Dresses,H&M,South,Hyderabad,Flagship,Spring,L,White,684.64,3.9,657.94,2025-01-07,448,3.5,False,
FB003628,Tops,Uniqlo,West,Nagpur,Boutique,Summer,S,Blue,1619.97,0.2,1616.73,2025-04-01,317,4.7,True,Size Issue
FB003629,Bottoms,Uniqlo,South,Bangalore,Boutique,Summer,M,Red,670.66,24.1,509.03,2025-12-19,169,3.6,False,
FB003630,Outerwear,Adidas,South,Chennai,Flagship,Fall,S,Brown,1239.75,39.9,745.09,2025-01-03,276,3.6,True,Late Delivery
FB003631,Bottoms,Zara,West,Pune,Outlet,Fall,L,White,991.14,37.8,616.49,2025-01-31,338,2.7,False,
FB003632,Outerwear,FabIndia,Central,Indore,Flagship,Winter,S,Green,631.61,38.6,387.81,2025-09-05,26,4.9,True,Color Mismatch
FB003633,Dresses,Puma,Central,Indore,Flagship,Summer,L,Red,1813.82,13.9,1561.7,2025-07-31,309,3.5,True,Size Issue
FB003634,Shoes,Uniqlo,South,Bangalore,Boutique,Spring,M,Red,1427.55,1.5,1406.14,2025-10-21,259,2.6,False,
FB003635,Outerwear,Uniqlo,West,Nagpur,Flagship,Winter,XS,Grey,902.61,45.5,491.92,2025-12-18,167,3.6,True,Late Delivery
FB003636,Shoes,Uniqlo,East,Kolkata,Outlet,Fall,XL,Red,2620.6,37.7,1632.63,2025-08-25,500,4.3,True,Late Delivery
FB003637,Dresses,Nike,East,Kolkata,Flagship,Spring,XS,Green,2955.2,20.1,2361.2,2025-02-07,36,3.5,False,
FB003638,Bottoms,Puma,East,Kolkata,Boutique,Spring,L,Green,818.77,4.7,780.29,2025-10-10,127,4.1,True,Size Issue
FB003639,Shoes,H&M,West,Mumbai,Boutique,Winter,XL,White,1557.32,28.4,1115.04,2025-11-10,52,2.5,True,Size Issue
FB003640,Shoes,Puma,North,Lucknow,Boutique,Winter,S,Black,1702.32,0.1,1700.62,2025-01-03,117,2.8,False,
FB003641,Shoes,Adidas,West,Mumbai,Boutique,Summer,XS,Brown,1458.25,13.0,1268.68,2025-12-27,345,2.4,False,
FB003642,Dresses,H&M,Central,Indore,Flagship,Winter,XS,Red,2994.19,3.8,2880.41,2025-09-18,335,3.0,True,Size Issue
FB003643,Shoes,Uniqlo,South,Hyderabad,Outlet,Spring,M,Pink,2363.27,45.4,1290.35,2025-07-21,124,2.7,False,
FB003644,Accessories,Nike,Central,Indore,Outlet,Winter,L,Red,1937.56,45.0,1065.66,2025-09-02,301,3.8,True,Late Delivery
FB003645,Dresses,Adidas,West,Surat,Flagship,Summer,M,Green,2109.47,20.9,1668.59,2025-02-12,326,2.6,False,
FB003646,Bottoms,Uniqlo,West,Ahmedabad,Boutique,Spring,M,Brown,980.92,15.5,828.88,2025-08-26,287,4.0,True,Color Mismatch
FB003647,Bottoms,Adidas,Central,Indore,Boutique,Winter,XL,White,1973.46,6.5,1845.19,2025-04-12,11,2.8,True,Color Mismatch
FB003648,Dresses,Allen Solly,Central,Indore,Flagship,Winter,XS,Blue,565.77,29.6,398.3,2025-06-22,389,4.5,False,
FB003649,Dresses,FabIndia,East,Kolkata,Flagship,Summer,S,Grey,1787.69,35.6,1151.27,2025-10-15,245,2.5,False,
FB003650,Accessories,Levis,North,Kanpur,Boutique,Winter,M,Grey,2503.12,4.3,2395.49,2025-11-26,266,3.1,False,
FB003651,Dresses,Uniqlo,West,Nagpur,Flagship,Summer,XS,Pink,1780.76,46.1,959.83,2025-03-11,319,3.6,False,
FB003652,Shoes,Uniqlo,East,Kolkata,Boutique,Spring,S,Grey,2761.51,3.2,2673.14,2025-08-07,104,2.9,True,Color Mismatch
FB003653,Bottoms,Adidas,West,Nagpur,Boutique,Spring,S,Brown,1836.44,17.0,1524.25,2025-04-15,492,4.2,False,
FB003654,Dresses,Allen Solly,West,Surat,Flagship,Winter,XS,Red,818.18,46.7,436.09,2025-11-01,365,4.9,True,Size Issue
FB003655,Bottoms,H&M,West,Surat,Outlet,Fall,XL,White,2069.98,49.0,1055.69,2025-03-08,108,3.7,True,Late Delivery
FB003656,Dresses,Levis,North,Jaipur,Flagship,Winter,XL,Blue,2664.6,6.3,2496.73,2025-05-22,109,3.1,False,
FB003657,Outerwear,FabIndia,East,Kolkata,Flagship,Winter,L,Grey,688.72,14.3,590.23,2025-07-12,498,4.8,False,
FB003658,Bottoms,Uniqlo,South,Bangalore,Outlet,Winter,XL,White,2610.96,42.7,1496.08,2025-05-31,173,3.6,True,Late Delivery
FB003659,Bottoms,FabIndia,North,Kanpur,Outlet,Summer,XS,White,907.19,45.2,497.14,2025-05-25,334,3.2,True,Size Issue
FB003660,Shoes,Adidas,West,Pune,Outlet,Summer,XS,Brown,2259.8,30.7,1566.04,2025-09-19,466,3.1,True,
FB003661,Bottoms,Levis,West,Pune,Boutique,Fall,S,Green,1720.25,27.8,1242.02,2025-03-06,155,2.5,True,Color Mismatch
FB003662,Shoes,Allen Solly,West,Ahmedabad,Boutique,Winter,M,Red,665.63,6.5,622.36,2025-06-16,413,4.3,True,
FB003663,Tops,H&M,North,Delhi,Boutique,Spring,M,Red,2892.06,23.4,2215.32,2025-06-03,163,4.2,False,
FB003664,Bottoms,Puma,Central,Indore,Boutique,Fall,M,Blue,636.5,24.4,481.19,2025-07-29,255,2.1,True,
FB003665,Bottoms,FabIndia,Central,Indore,Outlet,Winter,S,Brown,2738.32,38.0,1697.76,2025-10-17,320,2.9,True,Damaged
FB003666,Shoes,FabIndia,South,Hyderabad,Boutique,Winter,S,Grey,2152.19,10.1,1934.82,2025-03-14,216,5.0,False,
FB003667,Outerwear,Uniqlo,East,Kolkata,Flagship,Winter,M,Brown,2126.38,21.9,1660.7,2025-03-29,411,4.8,False,
FB003668,Accessories,Uniqlo,North,Lucknow,Boutique,Fall,L,White,535.67,15.0,455.32,2025-04-20,142,3.9,True,Color Mismatch
FB003669,Accessories,Levis,South,Bangalore,Boutique,Fall,M,Grey,546.93,6.8,509.74,2025-08-10,77,3.8,True,Color Mismatch
FB003670,Tops,Uniqlo,North,Delhi,Outlet,Spring,XS,Pink,1270.71,42.2,734.47,2025-04-06,492,4.4,False,
FB003671,Outerwear,FabIndia,West,Ahmedabad,Flagship,Winter,L,White,649.01,3.2,628.24,2025-02-15,433,4.4,False,
FB003672,Outerwear,Levis,North,Lucknow,Flagship,Fall,XL,Grey,1190.17,38.9,727.19,2025-04-08,197,3.1,False,
FB003673,Outerwear,Nike,South,Hyderabad,Flagship,Summer,M,Brown,2852.92,25.8,2116.87,2025-07-26,301,2.5,False,
FB003674,Shoes,Adidas,South,Hyderabad,Boutique,Fall,S,Blue,2523.61,19.1,2041.6,2025-10-12,169,3.6,True,Color Mismatch
FB003675,Accessories,Uniqlo,South,Bangalore,Outlet,Summer,L,Green,2901.64,49.2,1474.03,2025-12-08,316,2.6,True,Damaged
FB003676,Bottoms,Puma,North,Delhi,Boutique,Summer,S,Red,2256.89,14.0,1940.93,2025-09-19,23,4.2,False,
FB003677,Outerwear,Allen Solly,East,Kolkata,Flagship,Winter,M,Blue,2666.92,26.8,1952.19,2025-02-27,454,2.3,True,Size Issue
FB003678,Outerwear,FabIndia,West,Nagpur,Flagship,Spring,XL,Black,2348.34,7.0,2183.96,2025-07-03,38,3.1,False,
FB003679,Tops,Zara,South,Chennai,Outlet,Spring,XS,Pink,979.41,33.9,647.39,2025-01-14,295,2.9,False,
FB003680,Bottoms,Levis,West,Surat,Outlet,Winter,L,Brown,1622.76,39.0,989.88,2025-10-18,62,3.2,False,
FB003681,Bottoms,Nike,North,Kanpur,Boutique,Winter,XL,Blue,1713.99,12.2,1504.88,2025-08-14,386,3.6,False,
FB003682,Dresses,Nike,North,Kanpur,Flagship,Winter,XS,White,1917.94,6.5,1793.27,2025-08-23,93,4.5,True,Damaged
FB003683,Shoes,H&M,West,Mumbai,Boutique,Fall,L,Blue,617.4,18.7,501.95,2025-04-25,159,4.1,False,
FB003684,Shoes,Levis,West,Pune,Outlet,Spring,XS,White,2038.41,39.4,1235.28,2025-11-09,413,4.0,False,
FB003685,Dresses,Nike,North,Delhi,Flagship,Winter,XS,Grey,1907.83,4.4,1823.89,2025-01-28,27,3.1,False,
FB003686,Accessories,Zara,South,Chennai,Boutique,Spring,XL,Blue,1612.9,28.8,1148.38,2025-11-01,67,4.5,False,
FB003687,Bottoms,Zara,East,Kolkata,Boutique,Summer,XS,Black,2091.84,15.5,1767.6,2025-01-12,187,2.5,True,Late Delivery
FB003688,Tops,Puma,Central,Indore,Boutique,Winter,S,White,2461.23,0.9,2439.08,2025-02-15,124,2.2,True,Damaged
FB003689,Outerwear,Zara,West,Ahmedabad,Flagship,Fall,S,Red,2289.54,0.5,2278.09,2025-03-29,191,2.2,False,
FB003690,Outerwear,Levis,North,Lucknow,Flagship,Winter,M,Black,1328.43,6.1,1247.4,2025-03-14,175,4.8,True,Late Delivery
FB003691,Accessories,Adidas,East,Kolkata,Boutique,Winter,S,White,554.36,3.7,533.85,2025-06-15,39,3.0,False,
FB003692,Tops,Allen Solly,East,Kolkata,Boutique,Summer,XL,Pink,2797.0,24.6,2108.94,2025-09-30,11,2.1,True,Size Issue
FB003693,Tops,Levis,Central,Indore,Boutique,Fall,L,Pink,2526.51,11.3,2241.01,2025-02-23,358,4.5,True,
FB003694,Bottoms,Zara,East,Kolkata,Boutique,Winter,M,Brown,1589.03,18.8,1290.29,2025-01-15,267,3.8,True,Size Issue
FB003695,Accessories,Nike,Central,Indore,Boutique,Winter,S,Grey,2441.34,8.1,2243.59,2025-02-13,128,2.8,False,
FB003696,Outerwear,H&M,South,Chennai,Flagship,Spring,S,White,1874.36,18.1,1535.1,2025-11-21,239,2.9,False,
FB003697,Bottoms,FabIndia,North,Jaipur,Boutique,Winter,S,Pink,706.84,28.8,503.27,2025-07-24,473,2.0,True,
FB003698,Outerwear,FabIndia,South,Hyderabad,Flagship,Summer,XL,Black,1124.29,28.6,802.74,2025-09-14,278,3.2,False,
FB003699,Bottoms,Puma,Central,Indore,Boutique,Spring,XS,Pink,609.77,25.5,454.28,2025-04-07,316,4.9,True,Color Mismatch
FB003700,Accessories,FabIndia,North,Kanpur,Boutique,Fall,L,Green,1926.76,26.9,1408.46,2025-12-15,219,3.8,True,Late Delivery
FB003701,Bottoms,Nike,Central,Indore,Boutique,Winter,XS,Grey,2793.29,28.2,2005.58,2025-07-02,84,2.0,True,
FB003702,Outerwear,Puma,South,Hyderabad,Flagship,Summer,M,White,921.27,9.4,834.67,2025-03-28,290,2.2,False,
FB003703,Shoes,Nike,East,Kolkata,Outlet,Spring,L,Blue,1443.02,43.8,810.98,2025-06-15,185,3.5,False,
FB003704,Outerwear,FabIndia,Central,Indore,Flagship,Summer,S,Green,2420.28,21.4,1902.34,2025-10-03,187,4.4,True,Color Mismatch
FB003705,Accessories,Puma,Central,Indore,Boutique,Spring,S,Black,1997.69,12.6,1745.98,2025-08-28,472,2.3,False,
FB003706,Tops,Levis,North,Kanpur,Outlet,Fall,M,Blue,2310.32,33.3,1540.98,2025-11-21,368,3.7,False,
FB003707,Dresses,Zara,North,Lucknow,Flagship,Summer,S,Grey,2490.53,13.7,2149.33,2025-05-15,493,4.5,False,
FB003708,Tops,Adidas,North,Delhi,Outlet,Summer,XS,Pink,2003.94,48.3,1036.04,2025-02-23,454,2.5,True,Color Mismatch
FB003709,Dresses,FabIndia,West,Ahmedabad,Flagship,Winter,S,White,1100.83,39.3,668.2,2025-12-28,249,2.1,False,
FB003710,Dresses,FabIndia,West,Mumbai,Flagship,Fall,XL,Blue,2131.28,15.6,1798.8,2025-07-22,429,3.4,True,
FB003711,Bottoms,Nike,Central,Indore,Outlet,Fall,S,White,2999.43,31.7,2048.61,2025-02-26,317,4.3,True,Color Mismatch
FB003712,Tops,Nike,North,Lucknow,Boutique,Summer,S,Brown,2315.71,24.2,1755.31,2025-07-09,163,3.8,True,Late Delivery
FB003713,Outerwear,Nike,West,Ahmedabad,Flagship,Fall,XL,Grey,2683.17,6.0,2522.18,2025-08-29,410,3.2,True,
FB003714,Dresses,Puma,North,Kanpur,Flagship,Fall,XL,Grey,1239.63,31.2,852.87,2025-09-18,353,4.5,True,Late Delivery
FB003715,Dresses,Puma,North,Delhi,Flagship,Spring,M,White,783.33,34.3,514.65,2025-05-17,422,3.5,True,Size Issue
FB003716,Bottoms,H&M,South,Bangalore,Boutique,Spring,M,Red,2674.19,20.6,2123.31,2025-10-10,210,3.6,False,
FB003717,Dresses,Nike,Central,Indore,Flagship,Spring,XL,Red,1901.34,42.2,1098.97,2025-05-10,429,2.1,False,
FB003718,Accessories,FabIndia,Central,Indore,Outlet,Winter,L,Green,803.89,42.8,459.83,2025-08-17,21,4.4,True,Size Issue
FB003719,Bottoms,FabIndia,South,Chennai,Outlet,Spring,XL,Grey,2482.43,39.4,1504.35,2025-03-19,229,2.7,True,
FB003720,Accessories,Levis,Central,Indore,Outlet,Spring,L,Green,1204.59,30.4,838.39,2025-04-21,429,2.5,True,Color Mismatch
FB003721,Accessories,Puma,East,Kolkata,Outlet,Fall,L,White,718.81,32.5,485.2,2025-10-07,498,3.5,False,
FB003722,Outerwear,Zara,West,Pune,Flagship,Winter,S,Black,2104.54,0.1,2102.44,2025-08-08,297,2.7,False,
FB003723,Dresses,Adidas,Central,Indore,Flagship,Winter,M,Brown,1691.88,45.5,922.07,2025-02-08,65,3.2,True,Late Delivery
FB003724,Bottoms,Puma,South,Bangalore,Outlet,Fall,XS,Green,657.58,31.6,449.78,2025-05-12,337,2.0,False,
FB003725,Shoes,H&M,West,Nagpur,Boutique,Winter,L,Blue,1339.56,27.0,977.88,2025-12-18,485,3.2,False,
FB003726,Shoes,Levis,North,Jaipur,Boutique,Summer,L,Pink,2879.58,29.2,2038.74,2025-11-19,195,3.6,False,
FB003727,Shoes,H&M,South,Chennai,Outlet,Spring,XL,Red,1359.49,39.9,817.05,2025-05-29,13,2.4,False,
FB003728,Tops,Allen Solly,North,Lucknow,Boutique,Winter,L,Pink,2312.03,20.7,1833.44,2025-08-08,447,4.2,False,
FB003729,Bottoms,Adidas,North,Jaipur,Boutique,Winter,S,White,1882.33,12.5,1647.04,2025-08-09,301,3.1,False,
FB003730,Tops,Zara,Central,Indore,Boutique,Fall,L,Grey,2974.33,6.5,2781.0,2025-09-30,56,2.1,True,Late Delivery
FB003731,Tops,Levis,West,Surat,Outlet,Summer,XL,Black,1783.83,44.8,984.67,2025-12-18,153,2.6,False,
FB003732,Accessories,Puma,North,Kanpur,Boutique,Spring,S,Brown,655.2,19.3,528.75,2025-08-03,128,3.9,False,
FB003733,Bottoms,Levis,North,Lucknow,Boutique,Winter,M,Red,1271.15,26.1,939.38,2025-10-15,364,4.4,True,Color Mismatch
FB003734,Bottoms,Puma,North,Kanpur,Boutique,Winter,M,Pink,1170.05,24.4,884.56,2025-03-30,386,4.4,True,Size Issue
FB003735,Shoes,H&M,West,Surat,Boutique,Fall,XS,Red,2214.22,1.9,2172.15,2025-08-22,488,3.7,True,Late Delivery
FB003736,Dresses,Puma,Central,Indore,Flagship,Spring,XL,Red,2694.68,2.6,2624.62,2025-02-04,30,3.8,False,
FB003737,Outerwear,Zara,North,Delhi,Flagship,Summer,L,White,2024.84,8.3,1856.78,2025-04-12,391,4.8,False,
FB003738,Shoes,Zara,Central,Indore,Outlet,Winter,XL,Blue,2506.19,38.1,1551.33,2025-03-31,128,2.1,True,Size Issue
FB003739,Tops,Uniqlo,West,Surat,Boutique,Winter,XL,Black,2134.12,23.5,1632.6,2025-11-16,143,2.6,True,Damaged
FB003740,Outerwear,H&M,West,Mumbai,Flagship,Fall,S,Grey,2322.14,7.2,2154.95,2025-07-05,170,3.0,False,
FB003741,Bottoms,Puma,West,Pune,Boutique,Summer,XL,Brown,1754.55,8.3,1608.92,2025-05-24,393,3.9,True,
FB003742,Tops,Puma,North,Delhi,Boutique,Fall,XL,Pink,2207.66,25.1,1653.54,2025-01-28,442,2.1,False,
FB003743,Bottoms,Puma,North,Kanpur,Boutique,Fall,XL,Green,517.19,14.8,440.65,2025-09-06,50,3.1,True,
FB003744,Outerwear,Levis,North,Jaipur,Flagship,Fall,XS,Black,2243.43,4.1,2151.45,2025-03-15,168,3.4,False,
FB003745,Tops,Puma,Central,Indore,Boutique,Fall,S,Black,1629.64,26.6,1196.16,2025-07-28,347,4.0,False,
FB003746,Outerwear,Allen Solly,West,Ahmedabad,Flagship,Fall,XS,Red,2807.61,23.3,2153.44,2025-05-30,217,4.1,False,
FB003747,Shoes,Allen Solly,South,Hyderabad,Outlet,Winter,M,White,1361.53,41.7,793.77,2025-12-12,409,3.8,False,
FB003748,Bottoms,Adidas,North,Lucknow,Outlet,Winter,M,Green,1692.64,32.3,1145.92,2025-10-12,476,4.7,True,Color Mismatch
FB003749,Accessories,Adidas,Central,Indore,Boutique,Winter,XL,Blue,1397.14,19.3,1127.49,2025-11-12,383,3.5,False,
FB003750,Tops,Nike,West,Mumbai,Outlet,Spring,S,Green,695.04,36.9,438.57,2025-02-18,252,2.7,True,Size Issue
FB003751,Outerwear,Zara,North,Lucknow,Flagship,Winter,XL,Blue,1744.39,15.5,1474.01,2025-10-21,18,2.7,False,
FB003752,Tops,FabIndia,South,Bangalore,Boutique,Spring,XL,Green,722.0,19.5,581.21,2025-06-19,219,3.1,False,
FB003753,Shoes,FabIndia,Central,Indore,Boutique,Winter,M,Blue,543.82,5.4,514.45,2025-12-22,445,3.8,True,Late Delivery
FB003754,Bottoms,H&M,East,Kolkata,Boutique,Winter,XS,Blue,2598.53,25.6,1933.31,2025-05-18,383,2.1,True,Damaged
FB003755,Outerwear,FabIndia,South,Hyderabad,Flagship,Summer,M,Green,1151.89,33.2,769.46,2025-07-27,156,4.1,False,
FB003756,Tops,Adidas,North,Kanpur,Boutique,Winter,XL,White,1950.94,3.9,1874.85,2025-05-04,79,4.7,False,
FB003757,Bottoms,Puma,Central,Indore,Outlet,Winter,XL,Red,607.82,35.2,393.87,2025-06-11,215,4.0,False,
FB003758,Tops,Zara,South,Chennai,Boutique,Fall,M,Green,906.82,6.4,848.78,2025-06-24,233,4.4,False,
FB003759,Bottoms,Adidas,North,Lucknow,Boutique,Winter,XS,Red,672.2,22.9,518.27,2025-08-25,441,2.7,True,Color Mismatch
FB003760,Tops,Allen Solly,West,Nagpur,Boutique,Fall,XS,Green,1961.49,4.1,1881.07,2025-11-13,67,3.0,False,
FB003761,Tops,Levis,West,Ahmedabad,Boutique,Spring,S,Green,967.77,6.8,901.96,2025-07-21,222,4.4,False,
FB003762,Shoes,Nike,Central,Indore,Boutique,Summer,L,Blue,2812.52,28.0,2025.01,2025-06-30,108,4.0,False,
FB003763,Dresses,H&M,South,Hyderabad,Flagship,Winter,XS,Green,2751.35,35.9,1763.62,2025-03-26,122,4.5,True,Damaged
FB003764,Bottoms,H&M,South,Bangalore,Outlet,Summer,XL,White,858.15,39.6,518.32,2025-06-04,332,4.0,False,
FB003765,Bottoms,FabIndia,North,Lucknow,Boutique,Winter,XS,Red,1564.81,17.9,1284.71,2025-12-26,87,2.6,True,Late Delivery
FB003766,Shoes,H&M,North,Delhi,Outlet,Fall,XS,Red,2472.65,42.4,1424.25,2025-06-17,24,4.7,True,
FB003767,Dresses,Puma,Central,Indore,Flagship,Fall,XS,Black,910.91,46.8,484.6,2025-10-25,168,2.5,False,
FB003768,Bottoms,Allen Solly,South,Bangalore,Outlet,Fall,L,Green,1722.99,31.5,1180.25,2025-11-06,356,3.9,True,
FB003769,Outerwear,Nike,Central,Indore,Flagship,Fall,XL,Pink,2368.89,20.1,1892.74,2025-08-28,79,2.9,False,
FB003770,Tops,Adidas,North,Jaipur,Boutique,Spring,M,Black,1103.73,9.1,1003.29,2025-02-28,96,4.4,False,
FB003771,Outerwear,Uniqlo,Central,Indore,Flagship,Summer,S,Black,1177.26,3.2,1139.59,2025-05-17,146,4.2,False,
FB003772,Accessories,Adidas,Central,Indore,Outlet,Summer,XS,Red,820.66,44.9,452.18,2025-10-15,144,3.3,False,
FB003773,Shoes,Adidas,South,Chennai,Outlet,Winter,M,Blue,1136.1,41.0,670.3,2025-11-30,93,2.8,False,
FB003774,Dresses,H&M,South,Hyderabad,Flagship,Spring,XS,Black,2670.05,14.9,2272.21,2025-08-03,121,2.6,True,
FB003775,Tops,Puma,South,Bangalore,Outlet,Spring,S,Grey,1463.63,47.7,765.48,2025-02-12,115,2.6,True,Late Delivery
FB003776,Bottoms,Nike,North,Lucknow,Outlet,Winter,M,Blue,2168.05,38.6,1331.18,2025-07-06,352,3.4,True,Late Delivery
FB003777,Tops,Nike,West,Ahmedabad,Outlet,Summer,S,Green,1425.77,33.7,945.29,2025-10-14,451,4.0,True,Damaged
FB003778,Tops,H&M,East,Kolkata,Boutique,Fall,M,Red,1871.42,11.0,1665.56,2025-01-21,30,3.0,False,
FB003779,Shoes,Puma,North,Delhi,Boutique,Spring,L,Green,2951.69,0.3,2942.83,2025-10-30,203,4.7,False,
FB003780,Bottoms,H&M,South,Chennai,Outlet,Summer,XL,Black,1866.35,47.0,989.17,2025-06-05,369,5.0,True,Color Mismatch
FB003781,Outerwear,Nike,East,Kolkata,Flagship,Spring,XS,Grey,1785.39,3.6,1721.12,2025-06-24,453,2.6,True,Size Issue
FB003782,Bottoms,Puma,West,Surat,Boutique,Spring,M,Blue,2523.03,10.2,2265.68,2025-01-07,102,3.0,False,
FB003783,Bottoms,Uniqlo,East,Kolkata,Outlet,Fall,S,Black,1876.26,32.7,1262.72,2025-07-11,110,4.9,False,
FB003784,Outerwear,Nike,West,Surat,Flagship,Winter,S,Green,1774.99,49.7,892.82,2025-10-09,400,3.1,False,
FB003785,Bottoms,Levis,North,Kanpur,Outlet,Fall,XL,Blue,2296.17,43.2,1304.22,2025-07-17,461,3.9,False,
FB003786,Dresses,H&M,West,Surat,Flagship,Summer,L,White,2949.22,7.2,2736.88,2025-06-01,348,4.9,True,Damaged
FB003787,Tops,Levis,South,Chennai,Boutique,Winter,M,Blue,2431.57,27.7,1758.03,2025-04-27,25,4.9,True,Size Issue
FB003788,Tops,Zara,South,Bangalore,Boutique,Summer,XS,Pink,2120.83,26.4,1560.93,2025-01-04,400,2.2,False,
FB003789,Outerwear,Adidas,West,Nagpur,Flagship,Fall,S,White,2788.12,23.6,2130.12,2025-09-19,37,2.4,False,
FB003790,Bottoms,Levis,Central,Indore,Boutique,Spring,S,Black,1601.32,14.6,1367.53,2025-08-18,117,4.5,True,Late Delivery
FB003791,Accessories,Uniqlo,North,Jaipur,Boutique,Fall,L,Black,888.57,1.8,872.58,2025-08-23,483,3.6,True,Damaged
FB003792,Tops,Puma,North,Jaipur,Boutique,Summer,XL,Pink,2224.06,22.3,1728.09,2025-11-14,405,2.8,True,
FB003793,Bottoms,Puma,South,Chennai,Boutique,Spring,L,Pink,2186.2,6.5,2044.1,2025-05-10,236,3.6,True,Late Delivery
FB003794,Outerwear,Levis,East,Kolkata,Flagship,Summer,XS,Black,1382.93,24.9,1038.58,2025-05-23,62,4.0,False,
FB003795,Accessories,Puma,East,Kolkata,Boutique,Winter,L,Grey,663.52,24.8,498.97,2025-08-21,229,3.4,False,
FB003796,Bottoms,Puma,South,Bangalore,Boutique,Fall,XS,Brown,1343.73,1.5,1323.57,2025-06-20,120,2.0,True,Late Delivery
FB003797,Accessories,Uniqlo,West,Mumbai,Boutique,Fall,XL,Pink,2510.27,24.9,1885.21,2025-08-01,285,4.0,False,
FB003798,Dresses,FabIndia,West,Nagpur,Flagship,Winter,L,Pink,1751.93,49.6,882.97,2025-12-16,356,2.8,True,Damaged
FB003799,Tops,Levis,Central,Indore,Boutique,Fall,XL,Black,2080.95,29.7,1462.91,2025-05-10,314,2.9,False,
FB003800,Outerwear,Levis,Central,Indore,Flagship,Spring,S,White,2153.38,49.0,1098.22,2025-08-29,281,4.9,False,
FB003801,Tops,Zara,West,Mumbai,Boutique,Fall,XL,Blue,2228.74,3.8,2144.05,2025-07-08,364,4.0,True,
FB003802,Tops,Allen Solly,North,Lucknow,Boutique,Winter,XL,Green,1092.74,10.4,979.1,2025-08-23,387,2.5,False,
FB003803,Accessories,Puma,West,Ahmedabad,Boutique,Summer,L,Red,1356.47,1.3,1338.84,2025-04-14,184,2.4,False,
FB003804,Outerwear,Nike,North,Jaipur,Flagship,Winter,XL,Blue,1256.43,13.8,1083.04,2025-02-28,42,3.8,False,
FB003805,Dresses,Zara,East,Kolkata,Flagship,Fall,S,Grey,2836.39,27.6,2053.55,2025-07-14,87,2.8,False,
FB003806,Outerwear,Zara,Central,Indore,Flagship,Fall,XL,White,2673.21,40.7,1585.21,2025-12-17,100,4.2,False,
FB003807,Tops,Puma,South,Bangalore,Boutique,Winter,M,Green,2619.32,27.2,1906.86,2025-01-11,479,2.0,False,
FB003808,Accessories,FabIndia,West,Pune,Outlet,Fall,M,Green,1257.89,46.0,679.26,2025-01-05,451,4.5,False,
FB003809,Accessories,FabIndia,Central,Indore,Outlet,Summer,XL,Pink,1911.79,46.3,1026.63,2025-02-09,384,4.9,True,Damaged
FB003810,Dresses,Adidas,West,Nagpur,Flagship,Winter,M,Red,1187.46,1.2,1173.21,2025-06-10,117,4.3,False,
FB003811,Bottoms,Uniqlo,East,Kolkata,Boutique,Summer,XL,White,1546.25,8.8,1410.18,2025-06-09,85,2.5,False,
FB003812,Shoes,Zara,East,Kolkata,Boutique,Spring,M,Grey,679.57,22.3,528.03,2025-01-02,181,2.9,True,
FB003813,Accessories,Puma,Central,Indore,Boutique,Fall,XS,Green,720.19,17.5,594.16,2025-12-02,368,2.2,False,
FB003814,Bottoms,H&M,West,Pune,Boutique,Winter,S,Pink,2568.0,12.4,2249.57,2025-03-22,117,2.5,True,
FB003815,Shoes,Allen Solly,Central,Indore,Outlet,Fall,XL,Green,1356.56,38.1,839.71,2025-11-13,139,4.0,False,
FB003816,Tops,H&M,West,Mumbai,Outlet,Winter,L,Brown,2164.22,45.5,1179.5,2025-01-27,437,4.4,True,
FB003817,Tops,FabIndia,North,Lucknow,Boutique,Winter,XS,Green,1974.2,24.6,1488.55,2025-06-20,276,4.5,True,Damaged
FB003818,Outerwear,Levis,South,Hyderabad,Flagship,Fall,M,Pink,1712.75,31.8,1168.1,2025-11-07,126,2.3,False,
FB003819,Outerwear,H&M,Central,Indore,Flagship,Winter,S,Green,2361.81,1.9,2316.94,2025-07-09,148,5.0,False,
FB003820,Shoes,Nike,East,Kolkata,Boutique,Winter,XL,Blue,2070.28,25.1,1550.64,2025-07-13,403,2.3,True,Color Mismatch
FB003821,Bottoms,Allen Solly,North,Kanpur,Outlet,Fall,XL,Red,2953.01,38.0,1830.87,2025-06-14,72,2.4,False,
FB003822,Accessories,H&M,Central,Indore,Boutique,Fall,S,Black,677.99,29.1,480.69,2025-08-09,213,3.3,False,
FB003823,Tops,Adidas,North,Lucknow,Outlet,Fall,L,Brown,2638.84,40.4,1572.75,2025-12-06,468,4.6,True,Damaged
FB003824,Accessories,Allen Solly,Central,Indore,Boutique,Summer,S,Blue,568.76,7.3,527.24,2025-07-11,457,4.7,True,Damaged
FB003825,Tops,Allen Solly,East,Kolkata,Boutique,Fall,L,Red,768.14,16.2,643.7,2025-05-27,365,2.5,False,
FB003826,Outerwear,Zara,East,Kolkata,Flagship,Spring,XL,Red,1920.69,39.7,1158.18,2025-07-29,24,4.7,False,
FB003827,Tops,Uniqlo,Central,Indore,Boutique,Summer,XL,White,1933.96,11.0,1721.22,2025-02-12,434,3.0,True,Size Issue
FB003828,Shoes,Zara,Central,Indore,Boutique,Summer,XS,Green,2756.3,5.1,2615.73,2025-10-16,196,2.9,True,Size Issue
FB003829,Accessories,Puma,South,Hyderabad,Outlet,Spring,S,Red,1591.22,30.3,1109.08,2025-03-30,374,2.2,True,Damaged
FB003830,Tops,Puma,South,Hyderabad,Boutique,Spring,L,Grey,2701.06,23.0,2079.82,2025-08-29,291,4.1,True,Damaged
FB003831,Shoes,Puma,North,Delhi,Boutique,Summer,L,Black,2347.31,6.3,2199.43,2025-04-25,135,4.3,False,
FB003832,Shoes,Puma,Central,Indore,Outlet,Summer,XS,White,2188.54,31.0,1510.09,2025-01-02,109,4.1,False,
FB003833,Outerwear,Allen Solly,South,Hyderabad,Flagship,Fall,L,Red,2119.57,2.8,2060.22,2025-02-03,464,4.8,True,Color Mismatch
FB003834,Tops,Adidas,Central,Indore,Outlet,Winter,XL,Brown,1284.9,47.1,679.71,2025-05-01,196,3.8,True,Damaged
FB003835,Tops,Allen Solly,North,Jaipur,Boutique,Winter,S,Grey,560.12,6.2,525.39,2025-06-10,408,3.6,True,Color Mismatch
FB003836,Accessories,Allen Solly,North,Jaipur,Boutique,Winter,M,Green,717.19,14.6,612.48,2025-11-15,73,3.6,False,
FB003837,Tops,Levis,West,Ahmedabad,Boutique,Fall,XS,Grey,748.7,11.6,661.85,2025-10-08,278,4.9,False,
FB003838,Accessories,Levis,East,Kolkata,Outlet,Winter,L,Brown,2351.25,42.1,1361.37,2025-10-17,228,3.7,False,
FB003839,Bottoms,Zara,West,Pune,Outlet,Spring,M,Blue,1441.56,44.3,802.95,2025-02-14,348,4.4,True,Size Issue
FB003840,Bottoms,H&M,North,Lucknow,Boutique,Fall,S,Green,1797.74,5.7,1695.27,2025-04-02,342,3.6,True,
FB003841,Outerwear,Puma,South,Chennai,Flagship,Spring,XS,Brown,1711.56,35.8,1098.82,2025-10-27,435,2.1,False,
FB003842,Outerwear,Nike,West,Mumbai,Flagship,Winter,S,Black,1492.49,0.2,1489.51,2025-12-11,29,3.6,True,Color Mismatch
FB003843,Dresses,Nike,West,Mumbai,Flagship,Winter,S,Blue,2249.89,13.2,1952.9,2025-05-28,446,4.7,False,
FB003844,Bottoms,Allen Solly,South,Chennai,Boutique,Spring,L,Black,2307.17,8.7,2106.45,2025-04-29,283,3.2,False,
FB003845,Accessories,Levis,North,Delhi,Boutique,Fall,S,Brown,2491.49,6.5,2329.54,2025-01-15,348,2.1,True,
FB003846,Accessories,Zara,Central,Indore,Outlet,Summer,L,Brown,1362.48,44.0,762.99,2025-08-14,460,4.8,True,Late Delivery
FB003847,Outerwear,Adidas,Central,Indore,Flagship,Spring,M,Red,1988.19,19.9,1592.54,2025-06-21,493,3.6,False,
FB003848,Shoes,Levis,North,Delhi,Boutique,Spring,M,Pink,2941.22,7.4,2723.57,2025-04-10,188,4.7,True,
FB003849,Bottoms,Uniqlo,East,Kolkata,Outlet,Winter,M,Grey,2519.12,34.2,1657.58,2025-05-07,489,4.2,True,Late Delivery
FB003850,Tops,Levis,Central,Indore,Outlet,Fall,L,White,1675.96,33.0,1122.89,2025-09-19,258,4.6,False,
FB003851,Tops,Levis,South,Chennai,Boutique,Summer,XS,Blue,1369.68,19.1,1108.07,2025-05-15,437,2.1,False,
FB003852,Outerwear,Puma,West,Ahmedabad,Flagship,Winter,M,Blue,607.39,6.6,567.3,2025-01-01,256,3.8,True,Late Delivery
FB003853,Dresses,Adidas,East,Kolkata,Flagship,Summer,XS,White,1631.38,34.3,1071.82,2025-03-15,314,2.4,False,
FB003854,Shoes,Allen Solly,East,Kolkata,Boutique,Fall,M,Pink,1820.41,6.7,1698.44,2025-11-02,228,2.1,False,
FB003855,Shoes,Nike,South,Bangalore,Boutique,Spring,XL,Blue,1341.31,22.5,1039.52,2025-01-22,21,2.4,False,
FB003856,Bottoms,Zara,North,Delhi,Outlet,Winter,XS,Black,708.29,35.9,454.01,2025-07-26,321,3.1,True,Color Mismatch
FB003857,Shoes,Puma,North,Delhi,Boutique,Winter,XL,Grey,1848.68,22.1,1440.12,2025-07-29,279,3.0,False,
FB003858,Outerwear,Adidas,North,Kanpur,Flagship,Summer,XL,White,1814.02,15.4,1534.66,2025-10-20,359,2.7,False,
FB003859,Outerwear,H&M,West,Nagpur,Flagship,Winter,L,Grey,2254.87,38.4,1389.0,2025-08-09,313,4.9,False,
FB003860,Accessories,Uniqlo,South,Bangalore,Boutique,Spring,L,Brown,903.45,20.6,717.34,2025-04-12,10,4.7,True,Damaged
FB003861,Outerwear,Allen Solly,East,Kolkata,Flagship,Fall,S,Pink,2889.79,34.4,1895.7,2025-01-17,30,3.5,False,
FB003862,Tops,FabIndia,North,Lucknow,Boutique,Summer,S,Green,2066.25,13.4,1789.37,2025-02-21,381,3.7,False,
FB003863,Shoes,Nike,South,Bangalore,Outlet,Spring,L,White,1726.03,30.7,1196.14,2025-01-22,81,3.4,True,Size Issue
FB003864,Dresses,Puma,East,Kolkata,Flagship,Fall,L,Brown,1652.02,0.6,1642.11,2025-10-25,33,4.0,True,Late Delivery
FB003865,Outerwear,Allen Solly,West,Mumbai,Flagship,Spring,XS,Green,711.09,39.7,428.79,2025-10-12,244,4.2,True,Color Mismatch
FB003866,Shoes,Puma,South,Bangalore,Boutique,Summer,S,Green,2595.67,15.8,2185.55,2025-04-29,458,2.9,True,Late Delivery
FB003867,Bottoms,H&M,East,Kolkata,Boutique,Summer,L,Red,2594.57,16.5,2166.47,2025-06-04,160,3.1,True,Color Mismatch
FB003868,Shoes,H&M,South,Hyderabad,Outlet,Summer,L,Red,1683.28,44.4,935.9,2025-03-06,202,3.3,False,
FB003869,Tops,FabIndia,Central,Indore,Boutique,Spring,S,Black,2250.27,17.9,1847.47,2025-03-15,160,2.7,True,Size Issue
FB003870,Dresses,Nike,Central,Indore,Flagship,Fall,XL,Red,2220.12,37.8,1380.91,2025-12-23,437,2.3,True,Color Mismatch
FB003871,Bottoms,Zara,Central,Indore,Outlet,Fall,M,Pink,2514.53,46.7,1340.24,2025-06-09,325,3.0,True,Damaged
FB003872,Bottoms,H&M,North,Kanpur,Outlet,Summer,L,Black,2870.98,44.0,1607.75,2025-11-23,260,2.6,True,
FB003873,Tops,Zara,West,Pune,Outlet,Summer,XL,Blue,2064.02,32.8,1387.02,2025-04-28,179,3.8,True,Late Delivery
FB003874,Bottoms,Zara,North,Delhi,Outlet,Winter,XL,Pink,1817.49,49.1,925.1,2025-08-06,344,3.2,True,Size Issue
FB003875,Tops,Nike,North,Lucknow,Outlet,Summer,XL,Red,2589.0,38.7,1587.06,2025-10-20,284,2.8,True,Damaged
FB003876,Bottoms,Adidas,North,Lucknow,Boutique,Summer,M,Pink,2632.73,13.3,2282.58,2025-12-08,480,3.2,False,
FB003877,Shoes,Levis,West,Mumbai,Outlet,Spring,M,White,1532.18,39.3,930.03,2025-08-16,78,4.9,False,
FB003878,Tops,Zara,Central,Indore,Boutique,Fall,XS,Blue,1110.59,8.4,1017.3,2025-09-01,112,3.3,True,Color Mismatch
FB003879,Shoes,Adidas,West,Ahmedabad,Boutique,Summer,M,Green,1666.39,0.6,1656.39,2025-07-24,162,3.3,True,Size Issue
FB003880,Bottoms,FabIndia,Central,Indore,Outlet,Fall,M,Blue,2532.96,39.0,1545.11,2025-09-21,120,4.8,True,Size Issue
FB003881,Outerwear,Allen Solly,South,Bangalore,Flagship,Winter,M,Blue,1590.97,23.6,1215.5,2025-09-29,270,3.1,False,
FB003882,Outerwear,Adidas,East,Kolkata,Flagship,Spring,L,Black,871.35,13.6,752.85,2025-09-06,233,4.2,False,
FB003883,Outerwear,Puma,South,Bangalore,Flagship,Fall,XL,Green,2706.31,23.0,2083.86,2025-06-26,111,3.0,False,
FB003884,Bottoms,Adidas,West,Ahmedabad,Outlet,Winter,XS,White,2229.2,47.7,1165.87,2025-08-18,185,4.4,True,Color Mismatch
FB003885,Dresses,Puma,North,Kanpur,Flagship,Fall,L,Green,1082.02,24.8,813.68,2025-06-21,59,4.2,False,
FB003886,Shoes,Adidas,West,Mumbai,Boutique,Summer,XL,Blue,590.45,27.8,426.3,2025-05-08,59,3.5,False,
FB003887,Tops,Levis,South,Chennai,Boutique,Winter,XL,Red,1676.48,23.5,1282.51,2025-11-01,345,4.2,False,
FB003888,Accessories,H&M,North,Delhi,Outlet,Fall,XS,Pink,1007.2,41.2,592.23,2025-12-27,292,4.5,False,
FB003889,Accessories,Adidas,South,Hyderabad,Boutique,Winter,M,Pink,2997.94,13.7,2587.22,2025-06-04,362,3.2,False,
FB003890,Tops,Adidas,East,Kolkata,Outlet,Fall,L,Black,2623.5,42.8,1500.64,2025-05-06,328,3.1,True,Size Issue
FB003891,Bottoms,Allen Solly,North,Jaipur,Outlet,Spring,M,Grey,2568.52,32.5,1733.75,2025-04-17,13,3.2,True,Damaged
FB003892,Bottoms,FabIndia,West,Nagpur,Boutique,Summer,XS,White,2387.34,6.1,2241.71,2025-04-17,499,4.1,True,Late Delivery
FB003893,Dresses,Adidas,West,Ahmedabad,Flagship,Spring,XS,White,956.86,25.8,709.99,2025-08-22,348,2.0,False,
FB003894,Bottoms,H&M,Central,Indore,Outlet,Winter,XS,Brown,1396.58,40.0,837.95,2025-12-22,268,4.4,True,Late Delivery
FB003895,Tops,Puma,South,Bangalore,Boutique,Winter,XS,Red,2300.06,9.7,2076.95,2025-12-07,224,2.5,True,Size Issue
FB003896,Dresses,Nike,North,Kanpur,Flagship,Winter,M,Red,1944.4,0.4,1936.62,2025-03-20,495,3.9,True,Late Delivery
FB003897,Accessories,Adidas,East,Kolkata,Boutique,Summer,S,Grey,1263.18,22.2,982.75,2025-04-08,94,2.9,True,
FB003898,Tops,Uniqlo,North,Lucknow,Outlet,Summer,XL,Red,2236.69,47.3,1178.74,2025-03-31,348,3.3,False,
FB003899,Bottoms,H&M,Central,Indore,Outlet,Summer,L,Grey,607.88,45.7,330.08,2025-07-05,84,2.4,True,Damaged
FB003900,Shoes,H&M,South,Chennai,Boutique,Fall,XL,White,1516.24,12.6,1325.19,2025-12-30,305,3.9,False,
FB003901,Tops,H&M,North,Jaipur,Boutique,Fall,L,White,2912.46,25.5,2169.78,2025-04-20,480,4.5,True,Size Issue
FB003902,Tops,Puma,East,Kolkata,Outlet,Fall,XL,Black,2904.62,42.8,1661.44,2025-04-01,75,2.4,False,
FB003903,Accessories,Uniqlo,East,Kolkata,Boutique,Summer,XL,Black,1858.7,21.6,1457.22,2025-03-31,119,2.4,True,
FB003904,Bottoms,Allen Solly,North,Jaipur,Outlet,Summer,XL,Black,1408.66,34.8,918.45,2025-11-24,57,4.5,False,
FB003905,Dresses,Adidas,West,Mumbai,Flagship,Summer,S,Black,761.22,40.2,455.21,2025-03-14,114,3.8,False,
FB003906,Bottoms,Adidas,South,Hyderabad,Boutique,Fall,M,Pink,1263.23,14.3,1082.59,2025-11-06,432,4.8,False,
FB003907,Shoes,H&M,Central,Indore,Boutique,Spring,M,Pink,1460.11,6.8,1360.82,2025-01-11,52,2.9,False,
FB003908,Shoes,Levis,South,Bangalore,Boutique,Fall,M,Blue,1915.41,0.1,1913.49,2025-04-09,163,4.0,False,
FB003909,Shoes,Zara,Central,Indore,Outlet,Summer,L,Red,1003.71,31.9,683.53,2025-10-20,232,2.9,True,
FB003910,Dresses,FabIndia,North,Delhi,Flagship,Fall,S,Grey,2919.1,49.0,1488.74,2025-05-18,141,2.2,True,Color Mismatch
FB003911,Outerwear,Allen Solly,South,Chennai,Flagship,Fall,S,Green,533.39,40.8,315.77,2025-01-02,256,4.1,True,Damaged
FB003912,Outerwear,Puma,West,Surat,Flagship,Spring,XS,Blue,1447.52,18.2,1184.07,2025-04-10,125,2.7,True,
FB003913,Dresses,Nike,North,Delhi,Flagship,Fall,XL,Blue,982.93,7.4,910.19,2025-12-02,305,4.1,True,Color Mismatch
FB003914,Dresses,Allen Solly,East,Kolkata,Flagship,Winter,M,Grey,2838.07,12.2,2491.83,2025-04-29,495,4.1,False,
FB003915,Tops,Adidas,North,Delhi,Boutique,Winter,S,Blue,2990.4,21.4,2350.45,2025-10-02,132,2.6,True,Color Mismatch
FB003916,Outerwear,FabIndia,West,Pune,Flagship,Fall,XS,Black,2236.3,49.7,1124.86,2025-10-03,195,3.9,False,
FB003917,Outerwear,Allen Solly,East,Kolkata,Flagship,Winter,M,Black,2660.87,44.5,1476.78,2025-04-22,60,4.4,True,Size Issue
FB003918,Shoes,H&M,East,Kolkata,Outlet,Spring,S,Blue,1474.73,37.8,917.28,2025-03-23,226,3.8,False,
FB003919,Outerwear,Nike,South,Chennai,Flagship,Fall,XL,Blue,2525.32,35.4,1631.36,2025-01-04,53,2.2,True,Late Delivery
FB003920,Accessories,FabIndia,Central,Indore,Boutique,Fall,L,Blue,719.69,5.3,681.55,2025-01-03,462,3.1,True,Color Mismatch
FB003921,Dresses,FabIndia,North,Lucknow,Flagship,Summer,L,Red,1254.76,32.7,844.45,2025-10-22,191,4.6,False,
FB003922,Tops,Nike,North,Delhi,Boutique,Spring,XS,Green,2853.23,5.0,2710.57,2025-02-09,100,3.0,False,
FB003923,Shoes,Nike,East,Kolkata,Outlet,Winter,M,Grey,2749.15,41.6,1605.5,2025-05-29,224,4.2,False,
FB003924,Bottoms,Adidas,West,Surat,Boutique,Fall,XS,Black,1255.45,4.3,1201.47,2025-12-04,83,4.7,False,
FB003925,Outerwear,H&M,South,Chennai,Flagship,Summer,XS,Pink,2436.46,22.0,1900.44,2025-05-16,307,2.3,True,Size Issue
FB003926,Bottoms,Levis,South,Chennai,Boutique,Winter,S,Blue,1400.74,25.9,1037.95,2025-06-07,296,2.2,True,Color Mismatch
FB003927,Accessories,Uniqlo,East,Kolkata,Boutique,Summer,XS,Blue,1494.57,8.3,1370.52,2025-02-25,485,2.2,False,
FB003928,Tops,FabIndia,South,Hyderabad,Outlet,Fall,XL,Brown,2475.15,44.2,1381.13,2025-03-07,382,4.9,True,Damaged
FB003929,Dresses,Puma,West,Surat,Flagship,Summer,S,Green,2952.13,0.1,2949.18,2025-04-05,158,4.6,False,
FB003930,Tops,Puma,West,Ahmedabad,Outlet,Fall,M,Pink,1557.46,30.1,1088.66,2025-07-04,484,4.5,False,
FB003931,Bottoms,Puma,South,Bangalore,Outlet,Fall,S,Pink,669.54,34.0,441.9,2025-12-27,370,4.3,True,Color Mismatch
FB003932,Tops,FabIndia,West,Ahmedabad,Boutique,Winter,M,Black,1616.64,1.6,1590.77,2025-11-11,388,4.5,True,
FB003933,Dresses,Uniqlo,North,Lucknow,Flagship,Winter,L,White,2488.28,18.8,2020.48,2025-06-20,166,2.8,True,Size Issue
FB003934,Shoes,Zara,North,Lucknow,Outlet,Fall,M,Pink,2144.56,40.8,1269.58,2025-11-17,284,4.7,True,Late Delivery
FB003935,Tops,Puma,North,Jaipur,Outlet,Fall,M,Red,1615.97,41.8,940.49,2025-10-22,132,4.0,False,
FB003936,Tops,Adidas,East,Kolkata,Boutique,Summer,M,Green,2284.5,11.9,2012.64,2025-10-03,192,4.2,False,
FB003937,Dresses,Levis,Central,Indore,Flagship,Winter,XS,Grey,2453.32,12.1,2156.47,2025-11-05,121,4.5,False,
FB003938,Tops,Allen Solly,North,Jaipur,Boutique,Fall,M,Brown,1385.39,18.9,1123.55,2025-04-22,367,3.7,True,Color Mismatch
FB003939,Dresses,Puma,North,Delhi,Flagship,Winter,XS,Brown,2271.45,48.5,1169.8,2025-10-24,204,3.8,False,
FB003940,Tops,Zara,East,Kolkata,Outlet,Spring,L,Grey,531.37,37.0,334.76,2025-09-18,234,2.1,True,Late Delivery
FB003941,Shoes,Adidas,Central,Indore,Outlet,Spring,XS,Green,1937.29,31.8,1321.23,2025-11-21,11,3.3,True,
FB003942,Shoes,H&M,East,Kolkata,Boutique,Fall,S,Red,1448.49,8.2,1329.71,2025-12-27,96,2.9,True,Size Issue
FB003943,Shoes,Nike,East,Kolkata,Boutique,Summer,XS,Red,1940.98,24.0,1475.14,2025-02-11,29,3.3,True,
FB003944,Tops,Puma,South,Hyderabad,Outlet,Fall,XL,Red,848.42,48.5,436.94,2025-04-30,456,4.4,True,Color Mismatch
FB003945,Outerwear,Nike,North,Jaipur,Flagship,Summer,M,Red,2013.19,0.2,2009.16,2025-07-09,333,3.8,True,Late Delivery
FB003946,Tops,Adidas,West,Mumbai,Boutique,Winter,XL,Brown,2840.8,15.8,2391.95,2025-12-28,146,4.3,False,
FB003947,Dresses,FabIndia,West,Ahmedabad,Flagship,Summer,S,White,2692.81,43.1,1532.21,2025-06-28,99,2.3,True,Late Delivery
FB003948,Tops,Levis,South,Chennai,Outlet,Spring,M,Grey,1465.66,44.8,809.04,2025-03-25,73,4.2,False,
FB003949,Tops,Uniqlo,Central,Indore,Outlet,Summer,S,Blue,1480.08,45.4,808.12,2025-08-22,104,4.8,True,
FB003950,Bottoms,Allen Solly,Central,Indore,Outlet,Fall,L,Blue,2880.34,37.1,1811.73,2025-12-05,71,4.3,False,
FB003951,Tops,Puma,South,Bangalore,Boutique,Spring,L,Red,1158.41,10.9,1032.14,2025-12-18,175,3.3,False,
FB003952,Bottoms,Zara,West,Mumbai,Outlet,Fall,M,Blue,798.95,39.8,480.97,2025-02-25,189,4.4,True,Size Issue
FB003953,Dresses,Puma,East,Kolkata,Flagship,Spring,S,Pink,2797.18,48.5,1440.55,2025-03-27,15,3.0,True,Size Issue
FB003954,Outerwear,Uniqlo,South,Bangalore,Flagship,Spring,M,Pink,2462.46,35.5,1588.29,2025-12-23,223,4.6,False,
FB003955,Dresses,Adidas,South,Hyderabad,Flagship,Fall,L,Grey,503.76,19.2,407.04,2025-01-30,86,4.5,True,Color Mismatch
FB003956,Outerwear,Levis,East,Kolkata,Flagship,Spring,L,Blue,2254.93,12.2,1979.83,2025-09-03,297,3.5,True,
FB003957,Dresses,Allen Solly,West,Pune,Flagship,Spring,XS,White,683.11,48.2,353.85,2025-08-11,423,2.4,True,Late Delivery
FB003958,Shoes,Levis,North,Kanpur,Boutique,Winter,M,Blue,2906.25,3.3,2810.34,2025-12-28,248,3.6,True,Color Mismatch
FB003959,Accessories,Nike,South,Hyderabad,Outlet,Spring,XS,Brown,1253.21,34.6,819.6,2025-01-30,86,4.7,False,
FB003960,Bottoms,FabIndia,East,Kolkata,Boutique,Spring,M,Pink,868.26,12.5,759.73,2025-07-30,488,2.9,False,
FB003961,Tops,Nike,North,Kanpur,Boutique,Fall,XS,Brown,2752.88,25.9,2039.88,2025-03-30,430,3.8,True,
FB003962,Outerwear,Allen Solly,North,Delhi,Flagship,Fall,XL,Red,1787.86,25.1,1339.11,2025-08-15,310,4.1,True,Late Delivery
FB003963,Dresses,Zara,Central,Indore,Flagship,Fall,XS,Black,1608.34,40.6,955.35,2025-03-04,209,2.3,True,Color Mismatch
FB003964,Bottoms,Levis,East,Kolkata,Outlet,Fall,XL,Red,2015.33,38.3,1243.46,2025-05-05,236,3.3,True,Damaged
FB003965,Bottoms,Allen Solly,North,Jaipur,Outlet,Summer,XS,Grey,605.02,37.1,380.56,2025-09-27,251,2.4,True,Size Issue
FB003966,Bottoms,Zara,West,Pune,Outlet,Spring,XL,Grey,755.66,47.6,395.97,2025-07-04,451,3.4,True,Damaged
FB003967,Bottoms,Nike,East,Kolkata,Boutique,Spring,XS,Black,1265.93,9.1,1150.73,2025-10-26,372,4.9,False,
FB003968,Bottoms,Nike,Central,Indore,Outlet,Winter,L,Brown,915.26,37.0,576.61,2025-06-22,123,2.5,False,
FB003969,Tops,FabIndia,West,Surat,Outlet,Fall,L,White,509.84,40.7,302.34,2025-08-28,121,2.3,False,
FB003970,Accessories,Allen Solly,Central,Indore,Boutique,Winter,XS,White,2589.66,10.8,2309.98,2025-06-21,277,2.3,False,
FB003971,Outerwear,FabIndia,East,Kolkata,Flagship,Summer,L,Pink,2329.42,27.6,1686.5,2025-06-16,343,4.9,False,
FB003972,Tops,Levis,North,Delhi,Boutique,Winter,S,Pink,856.64,13.2,743.56,2025-06-08,354,5.0,False,
FB003973,Shoes,H&M,West,Ahmedabad,Outlet,Summer,L,Blue,1627.72,48.6,836.65,2025-05-28,404,3.2,True,Size Issue
FB003974,Bottoms,Uniqlo,East,Kolkata,Boutique,Winter,M,White,1451.34,8.5,1327.98,2025-07-21,284,4.6,True,Damaged
FB003975,Outerwear,Allen Solly,South,Bangalore,Flagship,Summer,S,Pink,2777.66,26.0,2055.47,2025-10-27,195,2.7,False,
FB003976,Outerwear,FabIndia,West,Pune,Flagship,Fall,XL,Black,2622.59,12.0,2307.88,2025-10-15,309,2.6,False,
FB003977,Outerwear,Allen Solly,South,Chennai,Flagship,Summer,XL,Pink,547.25,24.5,413.17,2025-03-08,14,3.8,True,Color Mismatch
FB003978,Tops,Levis,West,Ahmedabad,Boutique,Spring,XL,Brown,2339.59,19.8,1876.35,2025-12-18,376,2.9,False,
FB003979,Tops,Levis,Central,Indore,Outlet,Fall,XS,Pink,2825.34,43.6,1593.49,2025-10-28,19,3.4,True,Damaged
FB003980,Dresses,Zara,Central,Indore,Flagship,Summer,XL,Pink,2892.71,39.4,1752.98,2025-09-03,494,4.9,False,
FB003981,Accessories,Zara,South,Bangalore,Outlet,Fall,M,Red,2028.31,43.7,1141.94,2025-03-14,409,4.9,True,Color Mismatch
FB003982,Outerwear,FabIndia,North,Delhi,Flagship,Summer,S,Grey,2396.09,29.7,1684.45,2025-07-02,344,4.3,False,
FB003983,Dresses,Zara,East,Kolkata,Flagship,Fall,L,Red,568.23,11.5,502.88,2025-06-03,91,2.7,False,
FB003984,Shoes,H&M,South,Hyderabad,Boutique,Winter,XS,Blue,1856.42,6.8,1730.18,2025-12-03,347,3.9,False,
FB003985,Tops,Zara,South,Hyderabad,Outlet,Winter,S,Blue,1116.7,42.5,642.1,2025-02-25,205,3.3,False,
FB003986,Outerwear,Uniqlo,South,Chennai,Flagship,Spring,XL,Blue,1162.72,18.1,952.27,2025-01-27,11,2.6,True,Damaged
FB003987,Outerwear,Puma,South,Bangalore,Flagship,Winter,M,Red,1884.08,12.0,1657.99,2025-07-31,281,2.7,True,Size Issue
FB003988,Tops,Allen Solly,East,Kolkata,Outlet,Fall,XL,Black,1824.25,41.5,1067.19,2025-03-12,174,4.8,False,
FB003989,Shoes,Zara,Central,Indore,Outlet,Winter,S,Grey,2309.72,30.1,1614.49,2025-11-16,427,4.1,False,
FB003990,Bottoms,Adidas,East,Kolkata,Boutique,Winter,XL,Red,1811.71,10.8,1616.05,2025-10-09,165,3.2,True,Size Issue
FB003991,Outerwear,Nike,East,Kolkata,Flagship,Winter,XS,Brown,1819.42,27.9,1311.8,2025-06-22,293,2.3,True,
FB003992,Shoes,FabIndia,West,Ahmedabad,Outlet,Summer,XL,Brown,1100.33,36.4,699.81,2025-04-15,93,2.0,False,
FB003993,Bottoms,Allen Solly,Central,Indore,Boutique,Summer,M,Red,1996.7,11.8,1761.09,2025-05-31,471,3.1,False,
FB003994,Dresses,Adidas,Central,Indore,Flagship,Spring,L,White,1043.34,43.1,593.66,2025-12-29,35,2.8,True,
FB003995,Outerwear,Uniqlo,West,Mumbai,Flagship,Fall,M,Brown,2695.12,33.7,1786.86,2025-09-30,386,3.2,False,
FB003996,Outerwear,Nike,Central,Indore,Flagship,Fall,L,Pink,2016.41,7.9,1857.11,2025-09-15,325,4.9,True,
FB003997,Outerwear,Zara,West,Ahmedabad,Flagship,Winter,XL,Black,787.44,38.4,485.06,2025-07-24,389,2.1,True,Color Mismatch
FB003998,Dresses,Nike,West,Ahmedabad,Flagship,Fall,XL,Black,1442.09,30.6,1000.81,2025-05-09,329,4.7,False,
FB003999,Tops,Puma,Central,Indore,Outlet,Spring,XS,Pink,1439.06,44.6,797.24,2025-12-16,136,3.3,True,
FB004000,Outerwear,Zara,Central,Indore,Flagship,Winter,XL,Red,1669.49,48.6,858.12,2025-02-18,118,2.3,True,
